SET session_replication_role = replica;

--
-- PostgreSQL database dump
--

-- Dumped from database version 17.4
-- Dumped by pg_dump version 17.4

SET statement_timeout = 0;
SET lock_timeout = 0;
SET idle_in_transaction_session_timeout = 0;
SET transaction_timeout = 0;
SET client_encoding = 'UTF8';
SET standard_conforming_strings = on;
SELECT pg_catalog.set_config('search_path', '', false);
SET check_function_bodies = false;
SET xmloption = content;
SET client_min_messages = warning;
SET row_security = off;

--
-- Data for Name: audit_log_entries; Type: TABLE DATA; Schema: auth; Owner: supabase_auth_admin
--

INSERT INTO "auth"."audit_log_entries" ("instance_id", "id", "payload", "created_at", "ip_address") VALUES
	('00000000-0000-0000-0000-000000000000', '6ef7efa9-a980-4cb6-aaba-3485de8cfa08', '{"action":"user_signedup","actor_id":"00000000-0000-0000-0000-000000000000","actor_username":"service_role","actor_via_sso":false,"log_type":"team","traits":{"provider":"email","user_email":"admin@gmail.com","user_id":"c456d629-7ace-4115-8d9d-666dc4a0ca21","user_phone":""}}', '2025-08-05 15:12:34.962236+00', ''),
	('00000000-0000-0000-0000-000000000000', '2aa9688b-43c3-4cc5-98f0-84a9d7269a80', '{"action":"user_signedup","actor_id":"00000000-0000-0000-0000-000000000000","actor_username":"service_role","actor_via_sso":false,"log_type":"team","traits":{"provider":"email","user_email":"raihan@gmail.com","user_id":"7bda8a95-95a2-462f-a354-086e74cbddab","user_phone":""}}', '2025-08-05 15:41:27.498907+00', ''),
	('00000000-0000-0000-0000-000000000000', '0be9fc69-bc1f-4084-aa92-4aaaada96c5a', '{"action":"user_confirmation_requested","actor_id":"bd31cc77-a61a-4767-8a29-14a910c1e51d","actor_name":"Raihan Sharif","actor_username":"raihan.raju@gmail.com","actor_via_sso":false,"log_type":"user","traits":{"provider":"email"}}', '2025-08-05 16:28:04.902528+00', ''),
	('00000000-0000-0000-0000-000000000000', 'b9113512-53c0-461b-9060-db515e62722f', '{"action":"user_signedup","actor_id":"bd31cc77-a61a-4767-8a29-14a910c1e51d","actor_name":"Raihan Sharif","actor_username":"raihan.raju@gmail.com","actor_via_sso":false,"log_type":"team","traits":{"provider":"email"}}', '2025-08-05 16:29:21.49869+00', ''),
	('00000000-0000-0000-0000-000000000000', '79a26edf-eebe-4484-b72b-bc4d29a9bb36', '{"action":"login","actor_id":"bd31cc77-a61a-4767-8a29-14a910c1e51d","actor_name":"Raihan Sharif","actor_username":"raihan.raju@gmail.com","actor_via_sso":false,"log_type":"account","traits":{"provider":"email"}}', '2025-08-05 16:29:47.09844+00', ''),
	('00000000-0000-0000-0000-000000000000', 'c3850699-ef54-42d7-96c6-4d0888672999', '{"action":"user_signedup","actor_id":"00000000-0000-0000-0000-000000000000","actor_username":"service_role","actor_via_sso":false,"log_type":"team","traits":{"provider":"email","user_email":"user@gmail.com","user_id":"dae930d0-30fc-4a0a-8a2e-730a5a7937fb","user_phone":""}}', '2025-08-05 16:48:30.49699+00', ''),
	('00000000-0000-0000-0000-000000000000', '82b94e7b-953f-4e12-a7f6-72be03a3be3f', '{"action":"user_confirmation_requested","actor_id":"ad17cdb1-0d92-418e-8330-5ef6dfc0322b","actor_name":"Buno","actor_username":"buno.studio1@gmail.com","actor_via_sso":false,"log_type":"user","traits":{"provider":"email"}}', '2025-08-05 16:50:44.740665+00', ''),
	('00000000-0000-0000-0000-000000000000', '0739fe95-a7a8-407b-94f7-ac996578ef5c', '{"action":"login","actor_id":"bd31cc77-a61a-4767-8a29-14a910c1e51d","actor_name":"Raihan Sharif","actor_username":"raihan.raju@gmail.com","actor_via_sso":false,"log_type":"account","traits":{"provider":"email"}}', '2025-08-05 16:52:23.922759+00', ''),
	('00000000-0000-0000-0000-000000000000', '21b8e58a-f712-4039-b850-e6721b72748e', '{"action":"token_refreshed","actor_id":"bd31cc77-a61a-4767-8a29-14a910c1e51d","actor_name":"Raihan Sharif","actor_username":"raihan.raju@gmail.com","actor_via_sso":false,"log_type":"token"}', '2025-08-05 18:23:40.784541+00', ''),
	('00000000-0000-0000-0000-000000000000', '5b046f34-598b-49a1-8066-7a8eedc2787c', '{"action":"token_revoked","actor_id":"bd31cc77-a61a-4767-8a29-14a910c1e51d","actor_name":"Raihan Sharif","actor_username":"raihan.raju@gmail.com","actor_via_sso":false,"log_type":"token"}', '2025-08-05 18:23:40.7906+00', ''),
	('00000000-0000-0000-0000-000000000000', '64073983-4371-4c83-b988-1f0ac7ff9435', '{"action":"user_confirmation_requested","actor_id":"bafc5fa5-255f-4e5e-b427-43f2889efbdc","actor_name":"Hukka Huaa","actor_username":"hukkaa.huaa@gmail.com","actor_via_sso":false,"log_type":"user","traits":{"provider":"email"}}', '2025-08-05 18:27:18.203896+00', ''),
	('00000000-0000-0000-0000-000000000000', '2c74dd31-6e58-40c2-b03d-a21fdad984d1', '{"action":"user_signedup","actor_id":"bafc5fa5-255f-4e5e-b427-43f2889efbdc","actor_name":"Hukka Huaa","actor_username":"hukkaa.huaa@gmail.com","actor_via_sso":false,"log_type":"team","traits":{"provider":"email"}}', '2025-08-05 18:28:37.212255+00', ''),
	('00000000-0000-0000-0000-000000000000', '69a070ef-c6c4-4bf3-beba-3b7c57608c06', '{"action":"token_refreshed","actor_id":"bd31cc77-a61a-4767-8a29-14a910c1e51d","actor_name":"Raihan Sharif","actor_username":"raihan.raju@gmail.com","actor_via_sso":false,"log_type":"token"}', '2025-08-05 18:28:39.409311+00', ''),
	('00000000-0000-0000-0000-000000000000', 'f1736abb-e7df-4416-8607-f13f3ac09bfb', '{"action":"token_revoked","actor_id":"bd31cc77-a61a-4767-8a29-14a910c1e51d","actor_name":"Raihan Sharif","actor_username":"raihan.raju@gmail.com","actor_via_sso":false,"log_type":"token"}', '2025-08-05 18:28:39.409963+00', ''),
	('00000000-0000-0000-0000-000000000000', 'bc8aad64-d8b7-4c17-b819-d74ade58bbd7', '{"action":"login","actor_id":"bafc5fa5-255f-4e5e-b427-43f2889efbdc","actor_name":"Hukka Huaa","actor_username":"hukkaa.huaa@gmail.com","actor_via_sso":false,"log_type":"account","traits":{"provider":"email"}}', '2025-08-05 18:29:38.746133+00', ''),
	('00000000-0000-0000-0000-000000000000', '450bf43c-c678-471d-9f70-c6ae4b5d9d3a', '{"action":"login","actor_id":"bafc5fa5-255f-4e5e-b427-43f2889efbdc","actor_name":"Hukka Huaa","actor_username":"hukkaa.huaa@gmail.com","actor_via_sso":false,"log_type":"account","traits":{"provider":"email"}}', '2025-08-05 18:31:04.617087+00', ''),
	('00000000-0000-0000-0000-000000000000', '24a47c66-3fa3-43a6-95fb-65137f5a7f9e', '{"action":"login","actor_id":"c456d629-7ace-4115-8d9d-666dc4a0ca21","actor_username":"admin@gmail.com","actor_via_sso":false,"log_type":"account","traits":{"provider":"email"}}', '2025-08-05 18:54:13.892247+00', ''),
	('00000000-0000-0000-0000-000000000000', '5fcd54d1-27a0-421b-8fe3-ccac9662fac3', '{"action":"user_signedup","actor_id":"00000000-0000-0000-0000-000000000000","actor_username":"service_role","actor_via_sso":false,"log_type":"team","traits":{"provider":"email","user_email":"manager@mail.com","user_id":"b98e409f-4f84-439b-af88-6d909ce9c850","user_phone":""}}', '2025-08-06 05:13:24.326999+00', ''),
	('00000000-0000-0000-0000-000000000000', '9b827a4f-4925-4f68-be19-61f35495f202', '{"action":"user_signedup","actor_id":"00000000-0000-0000-0000-000000000000","actor_username":"service_role","actor_via_sso":false,"log_type":"team","traits":{"provider":"email","user_email":"test@mail.com","user_id":"2ac10d01-2d12-4b08-bcf8-2ba732c57aa7","user_phone":""}}', '2025-08-06 05:28:15.394707+00', ''),
	('00000000-0000-0000-0000-000000000000', '6ce975d7-217d-4be1-8df8-74f1d9839d1f', '{"action":"user_deleted","actor_id":"00000000-0000-0000-0000-000000000000","actor_username":"service_role","actor_via_sso":false,"log_type":"team","traits":{"user_email":"test@mail.com","user_id":"2ac10d01-2d12-4b08-bcf8-2ba732c57aa7","user_phone":""}}', '2025-08-06 05:32:08.884805+00', ''),
	('00000000-0000-0000-0000-000000000000', '76b5df95-58b6-475c-b5b2-45df06599db0', '{"action":"user_deleted","actor_id":"00000000-0000-0000-0000-000000000000","actor_username":"service_role","actor_via_sso":false,"log_type":"team","traits":{"user_email":"manager@mail.com","user_id":"b98e409f-4f84-439b-af88-6d909ce9c850","user_phone":""}}', '2025-08-06 05:32:08.886334+00', ''),
	('00000000-0000-0000-0000-000000000000', 'ee986ab5-91a7-4af5-ba95-a3cb4714b405', '{"action":"user_deleted","actor_id":"00000000-0000-0000-0000-000000000000","actor_username":"service_role","actor_via_sso":false,"log_type":"team","traits":{"user_email":"buno.studio1@gmail.com","user_id":"ad17cdb1-0d92-418e-8330-5ef6dfc0322b","user_phone":""}}', '2025-08-06 05:32:08.890137+00', ''),
	('00000000-0000-0000-0000-000000000000', 'aab9ef34-727d-47d4-bca5-3e5df19d3af8', '{"action":"user_deleted","actor_id":"00000000-0000-0000-0000-000000000000","actor_username":"service_role","actor_via_sso":false,"log_type":"team","traits":{"user_email":"hukkaa.huaa@gmail.com","user_id":"bafc5fa5-255f-4e5e-b427-43f2889efbdc","user_phone":""}}', '2025-08-06 05:32:08.898416+00', ''),
	('00000000-0000-0000-0000-000000000000', '648a8c70-dcc7-46e9-b3ea-7eca1627d9d1', '{"action":"user_deleted","actor_id":"00000000-0000-0000-0000-000000000000","actor_username":"service_role","actor_via_sso":false,"log_type":"team","traits":{"user_email":"admin@gmail.com","user_id":"c456d629-7ace-4115-8d9d-666dc4a0ca21","user_phone":""}}', '2025-08-06 05:32:08.899474+00', ''),
	('00000000-0000-0000-0000-000000000000', '6bc057ab-6da1-420e-ae9f-6a5a1eed5f7d', '{"action":"user_deleted","actor_id":"00000000-0000-0000-0000-000000000000","actor_username":"service_role","actor_via_sso":false,"log_type":"team","traits":{"user_email":"raihan.raju@gmail.com","user_id":"bd31cc77-a61a-4767-8a29-14a910c1e51d","user_phone":""}}', '2025-08-06 05:32:08.910868+00', ''),
	('00000000-0000-0000-0000-000000000000', '94ce622e-b3e3-4579-a16b-fc0bd2dc65ce', '{"action":"token_refreshed","actor_id":"0772beaf-9ccd-48e7-a178-f5312ab5e7e3","actor_name":"Raihan Sharif","actor_username":"raihan.raju@gmail.com","actor_via_sso":false,"log_type":"token"}', '2025-08-07 19:15:53.219765+00', ''),
	('00000000-0000-0000-0000-000000000000', 'aef72a7b-f398-47af-a076-e3901a51a287', '{"action":"user_deleted","actor_id":"00000000-0000-0000-0000-000000000000","actor_username":"service_role","actor_via_sso":false,"log_type":"team","traits":{"user_email":"raihan@gmail.com","user_id":"7bda8a95-95a2-462f-a354-086e74cbddab","user_phone":""}}', '2025-08-06 05:32:08.918415+00', ''),
	('00000000-0000-0000-0000-000000000000', 'f6d6a9f3-86ce-4873-a82e-fd05bc2f9c07', '{"action":"user_deleted","actor_id":"00000000-0000-0000-0000-000000000000","actor_username":"service_role","actor_via_sso":false,"log_type":"team","traits":{"user_email":"user@gmail.com","user_id":"dae930d0-30fc-4a0a-8a2e-730a5a7937fb","user_phone":""}}', '2025-08-06 05:32:08.921868+00', ''),
	('00000000-0000-0000-0000-000000000000', '0ab3f092-0c19-4c89-aa94-e84fc128f1df', '{"action":"user_signedup","actor_id":"00000000-0000-0000-0000-000000000000","actor_username":"service_role","actor_via_sso":false,"log_type":"team","traits":{"provider":"email","user_email":"admin@mail.com","user_id":"c228ad58-62f5-4e1f-80e9-7d83082908b1","user_phone":""}}', '2025-08-06 05:32:31.1771+00', ''),
	('00000000-0000-0000-0000-000000000000', '941da77a-0bac-490f-9320-19e2242dcfeb', '{"action":"user_deleted","actor_id":"00000000-0000-0000-0000-000000000000","actor_username":"service_role","actor_via_sso":false,"log_type":"team","traits":{"user_email":"admin@mail.com","user_id":"c228ad58-62f5-4e1f-80e9-7d83082908b1","user_phone":""}}', '2025-08-06 05:32:51.361473+00', ''),
	('00000000-0000-0000-0000-000000000000', 'de25f0a3-9e75-45ce-9489-8bcbe129a512', '{"action":"user_signedup","actor_id":"00000000-0000-0000-0000-000000000000","actor_username":"service_role","actor_via_sso":false,"log_type":"team","traits":{"provider":"email","user_email":"admin@mail.com","user_id":"d4407ba0-8b2b-48d7-a171-ac5d78f244b4","user_phone":""}}', '2025-08-06 05:55:08.099921+00', ''),
	('00000000-0000-0000-0000-000000000000', 'd8ce3b02-368b-48c8-9634-287ab8f14ca5', '{"action":"user_deleted","actor_id":"00000000-0000-0000-0000-000000000000","actor_username":"service_role","actor_via_sso":false,"log_type":"team","traits":{"user_email":"admin@mail.com","user_id":"d4407ba0-8b2b-48d7-a171-ac5d78f244b4","user_phone":""}}', '2025-08-06 06:03:43.728323+00', ''),
	('00000000-0000-0000-0000-000000000000', '8f26a8e9-c661-4371-b3f3-fed5352ca51c', '{"action":"user_signedup","actor_id":"00000000-0000-0000-0000-000000000000","actor_username":"service_role","actor_via_sso":false,"log_type":"team","traits":{"provider":"email","user_email":"user@mail.com","user_id":"e0976886-a681-426a-9042-842b5f34361d","user_phone":""}}', '2025-08-06 06:04:02.93293+00', ''),
	('00000000-0000-0000-0000-000000000000', 'eed50757-a992-4c76-bc0f-d7497eb58962', '{"action":"user_signedup","actor_id":"00000000-0000-0000-0000-000000000000","actor_username":"service_role","actor_via_sso":false,"log_type":"team","traits":{"provider":"email","user_email":"admin@mail.com","user_id":"70445d91-7881-455b-bc57-a9607fa1ce36","user_phone":""}}', '2025-08-06 06:43:48.123257+00', ''),
	('00000000-0000-0000-0000-000000000000', 'bd2fc2dc-ba67-4625-a722-4571244614ae', '{"action":"user_deleted","actor_id":"00000000-0000-0000-0000-000000000000","actor_username":"service_role","actor_via_sso":false,"log_type":"team","traits":{"user_email":"admin@mail.com","user_id":"70445d91-7881-455b-bc57-a9607fa1ce36","user_phone":""}}', '2025-08-06 06:50:10.204051+00', ''),
	('00000000-0000-0000-0000-000000000000', '7c6fca00-9f85-4fc8-a543-ee5aa90994dd', '{"action":"user_deleted","actor_id":"00000000-0000-0000-0000-000000000000","actor_username":"service_role","actor_via_sso":false,"log_type":"team","traits":{"user_email":"user@mail.com","user_id":"e0976886-a681-426a-9042-842b5f34361d","user_phone":""}}', '2025-08-06 06:50:12.534526+00', ''),
	('00000000-0000-0000-0000-000000000000', '80d24220-82b8-4929-bf5d-c4cf27697f07', '{"action":"user_signedup","actor_id":"00000000-0000-0000-0000-000000000000","actor_username":"service_role","actor_via_sso":false,"log_type":"team","traits":{"provider":"email","user_email":"adminn@mail.com","user_id":"7233e189-141d-4df4-bc76-f1fe503dfd68","user_phone":""}}', '2025-08-06 06:50:35.779993+00', ''),
	('00000000-0000-0000-0000-000000000000', 'afdb9094-8888-4c95-a4db-81037f79602c', '{"action":"user_confirmation_requested","actor_id":"915dd255-0d10-40ea-97e4-7c8c094b26ba","actor_name":"Raihan Sharif","actor_username":"raihan.raju@gmail.com","actor_via_sso":false,"log_type":"user","traits":{"provider":"email"}}', '2025-08-06 06:59:25.992334+00', ''),
	('00000000-0000-0000-0000-000000000000', '23ebb4e1-912c-478d-aaf0-f658b8dd1e85', '{"action":"user_signedup","actor_id":"915dd255-0d10-40ea-97e4-7c8c094b26ba","actor_name":"Raihan Sharif","actor_username":"raihan.raju@gmail.com","actor_via_sso":false,"log_type":"team","traits":{"provider":"email"}}', '2025-08-06 06:59:39.3614+00', ''),
	('00000000-0000-0000-0000-000000000000', '3136eafa-92ed-4d2d-b06b-d856f216d0de', '{"action":"login","actor_id":"915dd255-0d10-40ea-97e4-7c8c094b26ba","actor_name":"Raihan Sharif","actor_username":"raihan.raju@gmail.com","actor_via_sso":false,"log_type":"account","traits":{"provider":"email"}}', '2025-08-06 06:59:59.316218+00', ''),
	('00000000-0000-0000-0000-000000000000', '4cc963cc-460d-4fff-ae1b-46fa0d7c0f40', '{"action":"login","actor_id":"915dd255-0d10-40ea-97e4-7c8c094b26ba","actor_name":"Raihan Sharif","actor_username":"raihan.raju@gmail.com","actor_via_sso":false,"log_type":"account","traits":{"provider":"email"}}', '2025-08-06 07:09:29.769875+00', ''),
	('00000000-0000-0000-0000-000000000000', '0621122a-2d6c-4c80-82ca-e383da5ad962', '{"action":"login","actor_id":"915dd255-0d10-40ea-97e4-7c8c094b26ba","actor_name":"Raihan Sharif","actor_username":"raihan.raju@gmail.com","actor_via_sso":false,"log_type":"account","traits":{"provider":"email"}}', '2025-08-06 07:19:21.55478+00', ''),
	('00000000-0000-0000-0000-000000000000', '640d4d15-a13c-4dc9-b70c-1ab1898cea2a', '{"action":"login","actor_id":"915dd255-0d10-40ea-97e4-7c8c094b26ba","actor_name":"Raihan Sharif","actor_username":"raihan.raju@gmail.com","actor_via_sso":false,"log_type":"account","traits":{"provider":"email"}}', '2025-08-06 07:38:03.520652+00', ''),
	('00000000-0000-0000-0000-000000000000', '1d9837af-2800-44bb-b4f6-c1d011d2b9e5', '{"action":"user_deleted","actor_id":"00000000-0000-0000-0000-000000000000","actor_username":"service_role","actor_via_sso":false,"log_type":"team","traits":{"user_email":"raihan.raju@gmail.com","user_id":"915dd255-0d10-40ea-97e4-7c8c094b26ba","user_phone":""}}', '2025-08-06 07:41:34.71545+00', ''),
	('00000000-0000-0000-0000-000000000000', 'ef36f7fa-cc73-4f7c-affc-5ffae75b8566', '{"action":"user_deleted","actor_id":"00000000-0000-0000-0000-000000000000","actor_username":"service_role","actor_via_sso":false,"log_type":"team","traits":{"user_email":"adminn@mail.com","user_id":"7233e189-141d-4df4-bc76-f1fe503dfd68","user_phone":""}}', '2025-08-06 07:41:34.714572+00', ''),
	('00000000-0000-0000-0000-000000000000', '5b9460f0-07de-4e74-9bb7-1bb3db214445', '{"action":"user_confirmation_requested","actor_id":"85f2e7ae-9a3d-4780-9093-409ba13689c0","actor_name":"Raihan Sharif","actor_username":"raihan.raju@gmail.com","actor_via_sso":false,"log_type":"user","traits":{"provider":"email"}}', '2025-08-06 07:42:04.473111+00', ''),
	('00000000-0000-0000-0000-000000000000', 'eb4936b9-2b28-4cd4-837e-4550f8653567', '{"action":"user_signedup","actor_id":"85f2e7ae-9a3d-4780-9093-409ba13689c0","actor_name":"Raihan Sharif","actor_username":"raihan.raju@gmail.com","actor_via_sso":false,"log_type":"team","traits":{"provider":"email"}}', '2025-08-06 07:42:52.710953+00', ''),
	('00000000-0000-0000-0000-000000000000', '791bb7fc-3725-4e02-8982-b0929931d9cf', '{"action":"login","actor_id":"85f2e7ae-9a3d-4780-9093-409ba13689c0","actor_name":"Raihan Sharif","actor_username":"raihan.raju@gmail.com","actor_via_sso":false,"log_type":"account","traits":{"provider":"email"}}', '2025-08-06 07:43:01.945811+00', ''),
	('00000000-0000-0000-0000-000000000000', '1d61848b-4f3f-4dea-84a5-272ad623a7a7', '{"action":"login","actor_id":"85f2e7ae-9a3d-4780-9093-409ba13689c0","actor_name":"Raihan Sharif","actor_username":"raihan.raju@gmail.com","actor_via_sso":false,"log_type":"account","traits":{"provider":"email"}}', '2025-08-06 07:43:44.536698+00', ''),
	('00000000-0000-0000-0000-000000000000', 'cf6ad94c-0c99-4e74-9907-a6f8763defc6', '{"action":"login","actor_id":"85f2e7ae-9a3d-4780-9093-409ba13689c0","actor_name":"Raihan Sharif","actor_username":"raihan.raju@gmail.com","actor_via_sso":false,"log_type":"account","traits":{"provider":"email"}}', '2025-08-06 08:24:18.09144+00', ''),
	('00000000-0000-0000-0000-000000000000', 'd4a9bfc2-ffe3-45c2-ac44-4ff904f2c3f3', '{"action":"login","actor_id":"85f2e7ae-9a3d-4780-9093-409ba13689c0","actor_name":"Raihan Sharif","actor_username":"raihan.raju@gmail.com","actor_via_sso":false,"log_type":"account","traits":{"provider":"email"}}', '2025-08-06 08:37:16.589667+00', ''),
	('00000000-0000-0000-0000-000000000000', 'b35152f6-5f11-4956-916c-ed99ec395e60', '{"action":"user_deleted","actor_id":"00000000-0000-0000-0000-000000000000","actor_username":"service_role","actor_via_sso":false,"log_type":"team","traits":{"user_email":"raihan.raju@gmail.com","user_id":"85f2e7ae-9a3d-4780-9093-409ba13689c0","user_phone":""}}', '2025-08-06 08:45:33.685255+00', ''),
	('00000000-0000-0000-0000-000000000000', 'd55c0ee9-620b-4a1c-810d-928a8ebbe6d9', '{"action":"user_confirmation_requested","actor_id":"2ecb3347-0a0e-4b1d-bc1c-2babd7bfc879","actor_name":"Raihan Sharif","actor_username":"raihan.raju@gmail.com","actor_via_sso":false,"log_type":"user","traits":{"provider":"email"}}', '2025-08-06 08:46:13.519496+00', ''),
	('00000000-0000-0000-0000-000000000000', 'ae8484b8-177b-4ff9-b1c3-e7d93e65ca6a', '{"action":"user_signedup","actor_id":"2ecb3347-0a0e-4b1d-bc1c-2babd7bfc879","actor_name":"Raihan Sharif","actor_username":"raihan.raju@gmail.com","actor_via_sso":false,"log_type":"team","traits":{"provider":"email"}}', '2025-08-06 08:46:55.780797+00', ''),
	('00000000-0000-0000-0000-000000000000', '1a67f4fc-4c80-46a1-8408-e763c5b4ec6e', '{"action":"login","actor_id":"2ecb3347-0a0e-4b1d-bc1c-2babd7bfc879","actor_name":"Raihan Sharif","actor_username":"raihan.raju@gmail.com","actor_via_sso":false,"log_type":"account","traits":{"provider":"email"}}', '2025-08-06 08:48:57.021781+00', ''),
	('00000000-0000-0000-0000-000000000000', 'cc20dee5-409a-4967-9a60-a90d3ed7378b', '{"action":"token_refreshed","actor_id":"2ecb3347-0a0e-4b1d-bc1c-2babd7bfc879","actor_name":"Raihan Sharif","actor_username":"raihan.raju@gmail.com","actor_via_sso":false,"log_type":"token"}', '2025-08-06 10:11:19.133334+00', ''),
	('00000000-0000-0000-0000-000000000000', '1bd962cf-4181-4364-b93f-32bdaf414576', '{"action":"token_revoked","actor_id":"2ecb3347-0a0e-4b1d-bc1c-2babd7bfc879","actor_name":"Raihan Sharif","actor_username":"raihan.raju@gmail.com","actor_via_sso":false,"log_type":"token"}', '2025-08-06 10:11:19.157948+00', ''),
	('00000000-0000-0000-0000-000000000000', 'a85d6459-1875-49dc-a19d-6dec2c0fa361', '{"action":"logout","actor_id":"2ecb3347-0a0e-4b1d-bc1c-2babd7bfc879","actor_name":"Raihan Sharif","actor_username":"raihan.raju@gmail.com","actor_via_sso":false,"log_type":"account"}', '2025-08-06 10:22:00.110366+00', ''),
	('00000000-0000-0000-0000-000000000000', '08fcce38-a132-45c0-a5a7-9774a51566b4', '{"action":"login","actor_id":"2ecb3347-0a0e-4b1d-bc1c-2babd7bfc879","actor_name":"Raihan Sharif","actor_username":"raihan.raju@gmail.com","actor_via_sso":false,"log_type":"account","traits":{"provider":"email"}}', '2025-08-06 10:22:16.129875+00', ''),
	('00000000-0000-0000-0000-000000000000', '8c700422-9ee6-43b4-8296-c8fbf2ea1726', '{"action":"token_refreshed","actor_id":"2ecb3347-0a0e-4b1d-bc1c-2babd7bfc879","actor_name":"Raihan Sharif","actor_username":"raihan.raju@gmail.com","actor_via_sso":false,"log_type":"token"}', '2025-08-06 11:20:45.972411+00', ''),
	('00000000-0000-0000-0000-000000000000', '155ceaeb-15af-43ed-8f9e-67fc6b58acc6', '{"action":"token_revoked","actor_id":"2ecb3347-0a0e-4b1d-bc1c-2babd7bfc879","actor_name":"Raihan Sharif","actor_username":"raihan.raju@gmail.com","actor_via_sso":false,"log_type":"token"}', '2025-08-06 11:20:45.982543+00', ''),
	('00000000-0000-0000-0000-000000000000', '62faaeea-866a-4e4c-979b-409d9464b330', '{"action":"login","actor_id":"2ecb3347-0a0e-4b1d-bc1c-2babd7bfc879","actor_name":"Raihan Sharif","actor_username":"raihan.raju@gmail.com","actor_via_sso":false,"log_type":"account","traits":{"provider":"email"}}', '2025-08-06 15:13:09.400584+00', ''),
	('00000000-0000-0000-0000-000000000000', '17b2a7ca-c021-4db0-9830-c43638a51917', '{"action":"token_refreshed","actor_id":"2ecb3347-0a0e-4b1d-bc1c-2babd7bfc879","actor_name":"Raihan Sharif","actor_username":"raihan.raju@gmail.com","actor_via_sso":false,"log_type":"token"}', '2025-08-06 16:12:40.947535+00', ''),
	('00000000-0000-0000-0000-000000000000', 'df4d765a-86fb-46ee-889e-fe503fc81fab', '{"action":"token_revoked","actor_id":"2ecb3347-0a0e-4b1d-bc1c-2babd7bfc879","actor_name":"Raihan Sharif","actor_username":"raihan.raju@gmail.com","actor_via_sso":false,"log_type":"token"}', '2025-08-06 16:12:40.965719+00', ''),
	('00000000-0000-0000-0000-000000000000', '2a36ea4f-fdfc-43b9-9181-2833dc51d9d1', '{"action":"user_signedup","actor_id":"00000000-0000-0000-0000-000000000000","actor_username":"service_role","actor_via_sso":false,"log_type":"team","traits":{"provider":"email","user_email":"admin@mail.com","user_id":"e7042800-4d98-476b-9af1-49744e98008c","user_phone":""}}', '2025-08-06 16:40:05.998534+00', ''),
	('00000000-0000-0000-0000-000000000000', 'f29587a6-36de-4fc4-8f58-a9bbe2ac4d95', '{"action":"user_deleted","actor_id":"00000000-0000-0000-0000-000000000000","actor_username":"service_role","actor_via_sso":false,"log_type":"team","traits":{"user_email":"raihan.raju@gmail.com","user_id":"2ecb3347-0a0e-4b1d-bc1c-2babd7bfc879","user_phone":""}}', '2025-08-06 16:42:25.191423+00', ''),
	('00000000-0000-0000-0000-000000000000', '5206c8e3-ed26-4cd2-84a7-fec556d16d66', '{"action":"user_confirmation_requested","actor_id":"a520e403-27dc-424c-a702-4233f33832df","actor_name":"Raihan Sharif","actor_username":"raihan.raju@gmail.com","actor_via_sso":false,"log_type":"user","traits":{"provider":"email"}}', '2025-08-06 16:44:44.926417+00', ''),
	('00000000-0000-0000-0000-000000000000', '354d90d2-fa28-42b9-ae27-91c7475c0e43', '{"action":"user_signedup","actor_id":"a520e403-27dc-424c-a702-4233f33832df","actor_name":"Raihan Sharif","actor_username":"raihan.raju@gmail.com","actor_via_sso":false,"log_type":"team","traits":{"provider":"email"}}', '2025-08-06 16:45:14.235506+00', ''),
	('00000000-0000-0000-0000-000000000000', 'a8399b47-db13-4a48-a9bd-386ae6384d65', '{"action":"login","actor_id":"a520e403-27dc-424c-a702-4233f33832df","actor_name":"Raihan Sharif","actor_username":"raihan.raju@gmail.com","actor_via_sso":false,"log_type":"account","traits":{"provider":"email"}}', '2025-08-06 16:45:53.743676+00', ''),
	('00000000-0000-0000-0000-000000000000', 'de6d389c-7798-4b9f-a6f1-c6436d683ed9', '{"action":"token_refreshed","actor_id":"a520e403-27dc-424c-a702-4233f33832df","actor_name":"Raihan Sharif","actor_username":"raihan.raju@gmail.com","actor_via_sso":false,"log_type":"token"}', '2025-08-06 17:44:40.309735+00', ''),
	('00000000-0000-0000-0000-000000000000', '7ff0e0c8-5732-4b7b-836c-c280e851ef01', '{"action":"token_revoked","actor_id":"a520e403-27dc-424c-a702-4233f33832df","actor_name":"Raihan Sharif","actor_username":"raihan.raju@gmail.com","actor_via_sso":false,"log_type":"token"}', '2025-08-06 17:44:40.315721+00', ''),
	('00000000-0000-0000-0000-000000000000', '9709ded1-4b17-45e3-93b9-3a80f77f5bc7', '{"action":"login","actor_id":"a520e403-27dc-424c-a702-4233f33832df","actor_name":"Raihan Sharif","actor_username":"raihan.raju@gmail.com","actor_via_sso":false,"log_type":"account","traits":{"provider":"email"}}', '2025-08-07 04:46:31.710872+00', ''),
	('00000000-0000-0000-0000-000000000000', '6d89e610-630e-48ff-b721-f71027d18732', '{"action":"user_deleted","actor_id":"00000000-0000-0000-0000-000000000000","actor_username":"service_role","actor_via_sso":false,"log_type":"team","traits":{"user_email":"admin@mail.com","user_id":"e7042800-4d98-476b-9af1-49744e98008c","user_phone":""}}', '2025-08-07 05:49:47.192984+00', ''),
	('00000000-0000-0000-0000-000000000000', '6db03963-ade1-4f01-bc5f-f9a96b8eb094', '{"action":"user_deleted","actor_id":"00000000-0000-0000-0000-000000000000","actor_username":"service_role","actor_via_sso":false,"log_type":"team","traits":{"user_email":"raihan.raju@gmail.com","user_id":"a520e403-27dc-424c-a702-4233f33832df","user_phone":""}}', '2025-08-07 05:49:47.192462+00', ''),
	('00000000-0000-0000-0000-000000000000', 'e234fad0-6fbd-44a5-bf32-61449825b4e9', '{"action":"user_signedup","actor_id":"00000000-0000-0000-0000-000000000000","actor_username":"service_role","actor_via_sso":false,"log_type":"team","traits":{"provider":"email","user_email":"admin@mail.com","user_id":"405e344f-269e-4908-b9df-05b267892189","user_phone":""}}', '2025-08-07 05:50:03.54625+00', ''),
	('00000000-0000-0000-0000-000000000000', '52b4ef14-fc07-4021-ad5d-5d8dc9cf530b', '{"action":"user_confirmation_requested","actor_id":"0772beaf-9ccd-48e7-a178-f5312ab5e7e3","actor_name":"Raihan Sharif","actor_username":"raihan.raju@gmail.com","actor_via_sso":false,"log_type":"user","traits":{"provider":"email"}}', '2025-08-07 16:44:10.82702+00', ''),
	('00000000-0000-0000-0000-000000000000', '169e613e-5da3-451c-b5c0-c287ed2415f9', '{"action":"user_signedup","actor_id":"0772beaf-9ccd-48e7-a178-f5312ab5e7e3","actor_name":"Raihan Sharif","actor_username":"raihan.raju@gmail.com","actor_via_sso":false,"log_type":"team","traits":{"provider":"email"}}', '2025-08-07 16:54:26.659428+00', ''),
	('00000000-0000-0000-0000-000000000000', 'c5d212c4-40ff-41b1-968b-1af6df7264c3', '{"action":"login","actor_id":"0772beaf-9ccd-48e7-a178-f5312ab5e7e3","actor_name":"Raihan Sharif","actor_username":"raihan.raju@gmail.com","actor_via_sso":false,"log_type":"account","traits":{"provider":"email"}}', '2025-08-07 16:54:51.520907+00', ''),
	('00000000-0000-0000-0000-000000000000', '9b162054-cfc1-435d-a3d3-c4c7e0115438', '{"action":"token_refreshed","actor_id":"0772beaf-9ccd-48e7-a178-f5312ab5e7e3","actor_name":"Raihan Sharif","actor_username":"raihan.raju@gmail.com","actor_via_sso":false,"log_type":"token"}', '2025-08-07 17:59:57.04916+00', ''),
	('00000000-0000-0000-0000-000000000000', 'c026066a-3e6d-4bda-806e-ba56534cb6fc', '{"action":"token_revoked","actor_id":"0772beaf-9ccd-48e7-a178-f5312ab5e7e3","actor_name":"Raihan Sharif","actor_username":"raihan.raju@gmail.com","actor_via_sso":false,"log_type":"token"}', '2025-08-07 17:59:57.071943+00', ''),
	('00000000-0000-0000-0000-000000000000', '327000d4-cebb-4390-a567-80b1ef4ab650', '{"action":"token_revoked","actor_id":"0772beaf-9ccd-48e7-a178-f5312ab5e7e3","actor_name":"Raihan Sharif","actor_username":"raihan.raju@gmail.com","actor_via_sso":false,"log_type":"token"}', '2025-08-07 19:15:53.229462+00', ''),
	('00000000-0000-0000-0000-000000000000', 'c16d8dcf-4e50-4c29-9b99-53a4db3c70a9', '{"action":"token_refreshed","actor_id":"0772beaf-9ccd-48e7-a178-f5312ab5e7e3","actor_name":"Raihan Sharif","actor_username":"raihan.raju@gmail.com","actor_via_sso":false,"log_type":"token"}', '2025-08-08 06:45:00.826403+00', ''),
	('00000000-0000-0000-0000-000000000000', '1616fcdf-f74c-4545-acf6-abbf9c6ab000', '{"action":"token_revoked","actor_id":"0772beaf-9ccd-48e7-a178-f5312ab5e7e3","actor_name":"Raihan Sharif","actor_username":"raihan.raju@gmail.com","actor_via_sso":false,"log_type":"token"}', '2025-08-08 06:45:00.86164+00', ''),
	('00000000-0000-0000-0000-000000000000', '64a4fb98-d420-424b-a712-001cb56432fa', '{"action":"token_refreshed","actor_id":"0772beaf-9ccd-48e7-a178-f5312ab5e7e3","actor_name":"Raihan Sharif","actor_username":"raihan.raju@gmail.com","actor_via_sso":false,"log_type":"token"}', '2025-08-08 08:22:03.641557+00', ''),
	('00000000-0000-0000-0000-000000000000', 'ff374507-99a6-43ef-870f-f30b8079df5f', '{"action":"token_revoked","actor_id":"0772beaf-9ccd-48e7-a178-f5312ab5e7e3","actor_name":"Raihan Sharif","actor_username":"raihan.raju@gmail.com","actor_via_sso":false,"log_type":"token"}', '2025-08-08 08:22:03.663444+00', ''),
	('00000000-0000-0000-0000-000000000000', 'f95fc59b-46c0-405c-b99f-edee833843da', '{"action":"token_refreshed","actor_id":"0772beaf-9ccd-48e7-a178-f5312ab5e7e3","actor_name":"Raihan Sharif","actor_username":"raihan.raju@gmail.com","actor_via_sso":false,"log_type":"token"}', '2025-08-08 09:23:33.652275+00', ''),
	('00000000-0000-0000-0000-000000000000', '359247fd-7e26-4d48-b4e0-4f490787d2c6', '{"action":"token_revoked","actor_id":"0772beaf-9ccd-48e7-a178-f5312ab5e7e3","actor_name":"Raihan Sharif","actor_username":"raihan.raju@gmail.com","actor_via_sso":false,"log_type":"token"}', '2025-08-08 09:23:33.665533+00', ''),
	('00000000-0000-0000-0000-000000000000', '7a2a012e-0176-4f22-b7e4-ed1e6e3c680c', '{"action":"token_refreshed","actor_id":"0772beaf-9ccd-48e7-a178-f5312ab5e7e3","actor_name":"Raihan Sharif","actor_username":"raihan.raju@gmail.com","actor_via_sso":false,"log_type":"token"}', '2025-08-08 10:21:54.025773+00', ''),
	('00000000-0000-0000-0000-000000000000', 'cbbcf925-3a29-4236-b90f-6371d8cd24ca', '{"action":"token_revoked","actor_id":"0772beaf-9ccd-48e7-a178-f5312ab5e7e3","actor_name":"Raihan Sharif","actor_username":"raihan.raju@gmail.com","actor_via_sso":false,"log_type":"token"}', '2025-08-08 10:21:54.041011+00', ''),
	('00000000-0000-0000-0000-000000000000', 'd1139333-5a5c-48e1-a7e4-2713dc08877a', '{"action":"token_refreshed","actor_id":"0772beaf-9ccd-48e7-a178-f5312ab5e7e3","actor_name":"Raihan Sharif","actor_username":"raihan.raju@gmail.com","actor_via_sso":false,"log_type":"token"}', '2025-08-08 11:25:25.800693+00', ''),
	('00000000-0000-0000-0000-000000000000', '74282cc6-467a-46e9-8a36-cf7fa0089ad9', '{"action":"token_revoked","actor_id":"0772beaf-9ccd-48e7-a178-f5312ab5e7e3","actor_name":"Raihan Sharif","actor_username":"raihan.raju@gmail.com","actor_via_sso":false,"log_type":"token"}', '2025-08-08 11:25:25.809957+00', ''),
	('00000000-0000-0000-0000-000000000000', '19f4caf0-fc19-4196-8162-05a291391c95', '{"action":"token_refreshed","actor_id":"0772beaf-9ccd-48e7-a178-f5312ab5e7e3","actor_name":"Raihan Sharif","actor_username":"raihan.raju@gmail.com","actor_via_sso":false,"log_type":"token"}', '2025-08-08 13:02:33.472175+00', ''),
	('00000000-0000-0000-0000-000000000000', '6a471ba4-49b7-4153-aa13-0e5e04dcff1e', '{"action":"token_revoked","actor_id":"0772beaf-9ccd-48e7-a178-f5312ab5e7e3","actor_name":"Raihan Sharif","actor_username":"raihan.raju@gmail.com","actor_via_sso":false,"log_type":"token"}', '2025-08-08 13:02:33.498661+00', ''),
	('00000000-0000-0000-0000-000000000000', 'f889a6ee-8c05-40a5-9973-6beb1f40f67f', '{"action":"logout","actor_id":"0772beaf-9ccd-48e7-a178-f5312ab5e7e3","actor_name":"Raihan Sharif","actor_username":"raihan.raju@gmail.com","actor_via_sso":false,"log_type":"account"}', '2025-08-08 13:09:57.978932+00', ''),
	('00000000-0000-0000-0000-000000000000', '51da4341-2001-41d5-bc4d-13f8827e14c9', '{"action":"login","actor_id":"0772beaf-9ccd-48e7-a178-f5312ab5e7e3","actor_name":"Raihan Sharif","actor_username":"raihan.raju@gmail.com","actor_via_sso":false,"log_type":"account","traits":{"provider":"email"}}', '2025-08-08 13:10:07.357368+00', ''),
	('00000000-0000-0000-0000-000000000000', '0357ccd1-b9c6-40e2-be3a-adaf575951c9', '{"action":"token_refreshed","actor_id":"0772beaf-9ccd-48e7-a178-f5312ab5e7e3","actor_name":"Raihan Sharif","actor_username":"raihan.raju@gmail.com","actor_via_sso":false,"log_type":"token"}', '2025-08-08 14:23:07.506696+00', ''),
	('00000000-0000-0000-0000-000000000000', 'f4ef00d7-f391-4ede-bbb8-dcc88fa47d96', '{"action":"token_revoked","actor_id":"0772beaf-9ccd-48e7-a178-f5312ab5e7e3","actor_name":"Raihan Sharif","actor_username":"raihan.raju@gmail.com","actor_via_sso":false,"log_type":"token"}', '2025-08-08 14:23:07.515033+00', ''),
	('00000000-0000-0000-0000-000000000000', '9a129b65-bb70-47be-9a2c-f17423cc8cde', '{"action":"token_refreshed","actor_id":"0772beaf-9ccd-48e7-a178-f5312ab5e7e3","actor_name":"Raihan Sharif","actor_username":"raihan.raju@gmail.com","actor_via_sso":false,"log_type":"token"}', '2025-08-08 14:23:19.917033+00', ''),
	('00000000-0000-0000-0000-000000000000', 'd3b7a1f5-70a4-4052-8d34-f8531c437fbb', '{"action":"logout","actor_id":"0772beaf-9ccd-48e7-a178-f5312ab5e7e3","actor_name":"Raihan Sharif","actor_username":"raihan.raju@gmail.com","actor_via_sso":false,"log_type":"account"}', '2025-08-08 14:43:44.757764+00', ''),
	('00000000-0000-0000-0000-000000000000', 'a3b639fd-875e-4b61-9b6c-fa6f9ab11906', '{"action":"login","actor_id":"0772beaf-9ccd-48e7-a178-f5312ab5e7e3","actor_name":"Raihan Sharif","actor_username":"raihan.raju@gmail.com","actor_via_sso":false,"log_type":"account","traits":{"provider":"email"}}', '2025-08-08 14:43:55.752364+00', ''),
	('00000000-0000-0000-0000-000000000000', '57e1d8bc-cd96-4894-83ec-9765733407fe', '{"action":"logout","actor_id":"0772beaf-9ccd-48e7-a178-f5312ab5e7e3","actor_name":"Raihan Sharif","actor_username":"raihan.raju@gmail.com","actor_via_sso":false,"log_type":"account"}', '2025-08-08 14:45:05.296829+00', ''),
	('00000000-0000-0000-0000-000000000000', 'bae719c8-d6fe-4a08-a186-a5882aa16f52', '{"action":"login","actor_id":"0772beaf-9ccd-48e7-a178-f5312ab5e7e3","actor_name":"Raihan Sharif","actor_username":"raihan.raju@gmail.com","actor_via_sso":false,"log_type":"account","traits":{"provider":"email"}}', '2025-08-08 14:45:12.722409+00', ''),
	('00000000-0000-0000-0000-000000000000', '26abc8b5-555f-4bf9-b189-381a57afc794', '{"action":"token_refreshed","actor_id":"0772beaf-9ccd-48e7-a178-f5312ab5e7e3","actor_name":"Raihan Sharif","actor_username":"raihan.raju@gmail.com","actor_via_sso":false,"log_type":"token"}', '2025-08-08 16:07:59.675861+00', ''),
	('00000000-0000-0000-0000-000000000000', '19621f5e-5a4b-405e-b3eb-89a75043e919', '{"action":"token_revoked","actor_id":"0772beaf-9ccd-48e7-a178-f5312ab5e7e3","actor_name":"Raihan Sharif","actor_username":"raihan.raju@gmail.com","actor_via_sso":false,"log_type":"token"}', '2025-08-08 16:07:59.697589+00', ''),
	('00000000-0000-0000-0000-000000000000', 'fccd78b0-c1a3-485c-b9ec-f1934e736fdb', '{"action":"token_refreshed","actor_id":"0772beaf-9ccd-48e7-a178-f5312ab5e7e3","actor_name":"Raihan Sharif","actor_username":"raihan.raju@gmail.com","actor_via_sso":false,"log_type":"token"}', '2025-08-08 17:06:48.900426+00', ''),
	('00000000-0000-0000-0000-000000000000', '55170a0d-2997-4dbe-aaf1-b03e2a2cbe0e', '{"action":"token_revoked","actor_id":"0772beaf-9ccd-48e7-a178-f5312ab5e7e3","actor_name":"Raihan Sharif","actor_username":"raihan.raju@gmail.com","actor_via_sso":false,"log_type":"token"}', '2025-08-08 17:06:48.913285+00', ''),
	('00000000-0000-0000-0000-000000000000', '423ec094-4a15-4c49-a4d3-3b3219dfe51c', '{"action":"logout","actor_id":"0772beaf-9ccd-48e7-a178-f5312ab5e7e3","actor_name":"Raihan Sharif","actor_username":"raihan.raju@gmail.com","actor_via_sso":false,"log_type":"account"}', '2025-08-08 17:17:07.67701+00', ''),
	('00000000-0000-0000-0000-000000000000', '7307b4e6-e8ef-4ecd-8059-c908a16f7de8', '{"action":"login","actor_id":"0772beaf-9ccd-48e7-a178-f5312ab5e7e3","actor_name":"Raihan Sharif","actor_username":"raihan.raju@gmail.com","actor_via_sso":false,"log_type":"account","traits":{"provider":"email"}}', '2025-08-08 17:17:23.119216+00', ''),
	('00000000-0000-0000-0000-000000000000', '68bf03d8-dc57-4108-967d-8e2d46299248', '{"action":"logout","actor_id":"0772beaf-9ccd-48e7-a178-f5312ab5e7e3","actor_name":"Raihan Sharif","actor_username":"raihan.raju@gmail.com","actor_via_sso":false,"log_type":"account"}', '2025-08-08 17:33:15.951105+00', ''),
	('00000000-0000-0000-0000-000000000000', 'de411c54-a920-4bf3-b9f6-913ea2a3ad65', '{"action":"login","actor_id":"0772beaf-9ccd-48e7-a178-f5312ab5e7e3","actor_name":"Raihan Sharif","actor_username":"raihan.raju@gmail.com","actor_via_sso":false,"log_type":"account","traits":{"provider":"email"}}', '2025-08-08 17:33:39.620984+00', ''),
	('00000000-0000-0000-0000-000000000000', '1f1c60e0-ec5e-4ee0-b949-c9346a4b0b2d', '{"action":"token_refreshed","actor_id":"0772beaf-9ccd-48e7-a178-f5312ab5e7e3","actor_name":"Raihan Sharif","actor_username":"raihan.raju@gmail.com","actor_via_sso":false,"log_type":"token"}', '2025-08-09 06:28:24.880576+00', ''),
	('00000000-0000-0000-0000-000000000000', 'eda01d21-4c68-49bc-8d33-db0241db055e', '{"action":"token_revoked","actor_id":"0772beaf-9ccd-48e7-a178-f5312ab5e7e3","actor_name":"Raihan Sharif","actor_username":"raihan.raju@gmail.com","actor_via_sso":false,"log_type":"token"}', '2025-08-09 06:28:24.89274+00', ''),
	('00000000-0000-0000-0000-000000000000', '6864cfb8-2d29-4f9e-945c-a25d0dcd92c1', '{"action":"logout","actor_id":"0772beaf-9ccd-48e7-a178-f5312ab5e7e3","actor_name":"Raihan Sharif","actor_username":"raihan.raju@gmail.com","actor_via_sso":false,"log_type":"account"}', '2025-08-09 06:34:09.27163+00', ''),
	('00000000-0000-0000-0000-000000000000', '4af5054a-28f9-4d24-a5b8-84ad664b8b86', '{"action":"login","actor_id":"0772beaf-9ccd-48e7-a178-f5312ab5e7e3","actor_name":"Raihan Sharif","actor_username":"raihan.raju@gmail.com","actor_via_sso":false,"log_type":"account","traits":{"provider":"email"}}', '2025-08-09 06:34:18.986496+00', ''),
	('00000000-0000-0000-0000-000000000000', 'ed3c811e-529e-4c6d-ad1d-6f12c368818f', '{"action":"logout","actor_id":"0772beaf-9ccd-48e7-a178-f5312ab5e7e3","actor_name":"Raihan Sharif","actor_username":"raihan.raju@gmail.com","actor_via_sso":false,"log_type":"account"}', '2025-08-09 06:42:57.420533+00', ''),
	('00000000-0000-0000-0000-000000000000', '2926f63f-da1e-413c-8b2c-11ed882e712b', '{"action":"login","actor_id":"0772beaf-9ccd-48e7-a178-f5312ab5e7e3","actor_name":"Raihan Sharif","actor_username":"raihan.raju@gmail.com","actor_via_sso":false,"log_type":"account","traits":{"provider":"email"}}', '2025-08-09 06:43:09.085024+00', ''),
	('00000000-0000-0000-0000-000000000000', 'b3939f0c-e253-4606-9a10-f0001e257193', '{"action":"logout","actor_id":"0772beaf-9ccd-48e7-a178-f5312ab5e7e3","actor_name":"Raihan Sharif","actor_username":"raihan.raju@gmail.com","actor_via_sso":false,"log_type":"account"}', '2025-08-09 06:57:24.934407+00', ''),
	('00000000-0000-0000-0000-000000000000', 'be8c31d3-556d-406c-9d72-6a3c9c542499', '{"action":"login","actor_id":"0772beaf-9ccd-48e7-a178-f5312ab5e7e3","actor_name":"Raihan Sharif","actor_username":"raihan.raju@gmail.com","actor_via_sso":false,"log_type":"account","traits":{"provider":"email"}}', '2025-08-09 06:57:43.863702+00', ''),
	('00000000-0000-0000-0000-000000000000', '86dd8765-facf-422e-9982-a814e247fc7a', '{"action":"token_refreshed","actor_id":"0772beaf-9ccd-48e7-a178-f5312ab5e7e3","actor_name":"Raihan Sharif","actor_username":"raihan.raju@gmail.com","actor_via_sso":false,"log_type":"token"}', '2025-08-09 07:58:42.251735+00', ''),
	('00000000-0000-0000-0000-000000000000', 'bdc55dbd-bacc-440f-809c-4a270047e768', '{"action":"token_revoked","actor_id":"0772beaf-9ccd-48e7-a178-f5312ab5e7e3","actor_name":"Raihan Sharif","actor_username":"raihan.raju@gmail.com","actor_via_sso":false,"log_type":"token"}', '2025-08-09 07:58:42.260753+00', ''),
	('00000000-0000-0000-0000-000000000000', '1ec6582a-ec2d-406f-a140-220bab3f75a1', '{"action":"logout","actor_id":"0772beaf-9ccd-48e7-a178-f5312ab5e7e3","actor_name":"Raihan Sharif","actor_username":"raihan.raju@gmail.com","actor_via_sso":false,"log_type":"account"}', '2025-08-09 07:58:59.15238+00', ''),
	('00000000-0000-0000-0000-000000000000', 'cb7382a2-5f08-4f7a-9978-fa57f2fade5e', '{"action":"login","actor_id":"0772beaf-9ccd-48e7-a178-f5312ab5e7e3","actor_name":"Raihan Sharif","actor_username":"raihan.raju@gmail.com","actor_via_sso":false,"log_type":"account","traits":{"provider":"email"}}', '2025-08-09 07:59:18.099312+00', ''),
	('00000000-0000-0000-0000-000000000000', 'b0ac8f1a-c9a9-4f34-8907-e7ec71167401', '{"action":"token_refreshed","actor_id":"0772beaf-9ccd-48e7-a178-f5312ab5e7e3","actor_name":"Raihan Sharif","actor_username":"raihan.raju@gmail.com","actor_via_sso":false,"log_type":"token"}', '2025-08-09 11:30:05.722239+00', ''),
	('00000000-0000-0000-0000-000000000000', 'd33a5618-f1b0-44f8-87de-899b53706aaf', '{"action":"token_revoked","actor_id":"0772beaf-9ccd-48e7-a178-f5312ab5e7e3","actor_name":"Raihan Sharif","actor_username":"raihan.raju@gmail.com","actor_via_sso":false,"log_type":"token"}', '2025-08-09 11:30:05.746143+00', ''),
	('00000000-0000-0000-0000-000000000000', 'd0689351-d91c-496e-9a2b-68d84792e926', '{"action":"token_refreshed","actor_id":"0772beaf-9ccd-48e7-a178-f5312ab5e7e3","actor_name":"Raihan Sharif","actor_username":"raihan.raju@gmail.com","actor_via_sso":false,"log_type":"token"}', '2025-08-09 13:43:02.044703+00', ''),
	('00000000-0000-0000-0000-000000000000', '4c534bdd-1178-4d69-bf46-a75cd6c59b3d', '{"action":"token_revoked","actor_id":"0772beaf-9ccd-48e7-a178-f5312ab5e7e3","actor_name":"Raihan Sharif","actor_username":"raihan.raju@gmail.com","actor_via_sso":false,"log_type":"token"}', '2025-08-09 13:43:02.063707+00', ''),
	('00000000-0000-0000-0000-000000000000', '8c382d3d-f967-4bd5-a955-2f2b64d64400', '{"action":"token_refreshed","actor_id":"0772beaf-9ccd-48e7-a178-f5312ab5e7e3","actor_name":"Raihan Sharif","actor_username":"raihan.raju@gmail.com","actor_via_sso":false,"log_type":"token"}', '2025-08-09 14:41:31.326316+00', ''),
	('00000000-0000-0000-0000-000000000000', '923ec9f4-b570-459f-b0c9-d5fd10441031', '{"action":"token_revoked","actor_id":"0772beaf-9ccd-48e7-a178-f5312ab5e7e3","actor_name":"Raihan Sharif","actor_username":"raihan.raju@gmail.com","actor_via_sso":false,"log_type":"token"}', '2025-08-09 14:41:31.34776+00', ''),
	('00000000-0000-0000-0000-000000000000', 'e8a10a91-b431-4200-be5a-13eca41a8867', '{"action":"token_refreshed","actor_id":"0772beaf-9ccd-48e7-a178-f5312ab5e7e3","actor_name":"Raihan Sharif","actor_username":"raihan.raju@gmail.com","actor_via_sso":false,"log_type":"token"}', '2025-08-09 16:34:42.420455+00', ''),
	('00000000-0000-0000-0000-000000000000', '88bd0b07-7854-4443-8a2f-29603fc09763', '{"action":"token_revoked","actor_id":"0772beaf-9ccd-48e7-a178-f5312ab5e7e3","actor_name":"Raihan Sharif","actor_username":"raihan.raju@gmail.com","actor_via_sso":false,"log_type":"token"}', '2025-08-09 16:34:42.440987+00', ''),
	('00000000-0000-0000-0000-000000000000', '20b034f5-7893-448c-873d-bbd76e0d7251', '{"action":"token_refreshed","actor_id":"0772beaf-9ccd-48e7-a178-f5312ab5e7e3","actor_name":"Raihan Sharif","actor_username":"raihan.raju@gmail.com","actor_via_sso":false,"log_type":"token"}', '2025-08-09 17:44:53.484591+00', ''),
	('00000000-0000-0000-0000-000000000000', '6e1b793b-21d9-4aa5-9fbd-108e80e38577', '{"action":"token_revoked","actor_id":"0772beaf-9ccd-48e7-a178-f5312ab5e7e3","actor_name":"Raihan Sharif","actor_username":"raihan.raju@gmail.com","actor_via_sso":false,"log_type":"token"}', '2025-08-09 17:44:53.501432+00', ''),
	('00000000-0000-0000-0000-000000000000', '4e0caca8-5ce8-4ab1-be53-a5ed556b138b', '{"action":"login","actor_id":"0772beaf-9ccd-48e7-a178-f5312ab5e7e3","actor_name":"Raihan Sharif","actor_username":"raihan.raju@gmail.com","actor_via_sso":false,"log_type":"account","traits":{"provider":"email"}}', '2025-08-09 18:14:08.001382+00', ''),
	('00000000-0000-0000-0000-000000000000', 'b1e8e9cc-bc75-49b5-94a0-deb79538923c', '{"action":"token_refreshed","actor_id":"0772beaf-9ccd-48e7-a178-f5312ab5e7e3","actor_name":"Raihan Sharif","actor_username":"raihan.raju@gmail.com","actor_via_sso":false,"log_type":"token"}', '2025-08-09 18:43:43.664682+00', ''),
	('00000000-0000-0000-0000-000000000000', '6fcd4ec7-0897-4cce-91f8-ac58cd2ff5f7', '{"action":"token_revoked","actor_id":"0772beaf-9ccd-48e7-a178-f5312ab5e7e3","actor_name":"Raihan Sharif","actor_username":"raihan.raju@gmail.com","actor_via_sso":false,"log_type":"token"}', '2025-08-09 18:43:43.680333+00', ''),
	('00000000-0000-0000-0000-000000000000', 'c5ed0f63-d7ed-4047-bb52-dea30fba9419', '{"action":"login","actor_id":"0772beaf-9ccd-48e7-a178-f5312ab5e7e3","actor_name":"Raihan Sharif","actor_username":"raihan.raju@gmail.com","actor_via_sso":false,"log_type":"account","traits":{"provider":"email"}}', '2025-08-10 04:31:22.50252+00', ''),
	('00000000-0000-0000-0000-000000000000', 'cd091c1c-5e54-4329-b4fd-c977c1c37e48', '{"action":"token_refreshed","actor_id":"0772beaf-9ccd-48e7-a178-f5312ab5e7e3","actor_name":"Raihan Sharif","actor_username":"raihan.raju@gmail.com","actor_via_sso":false,"log_type":"token"}', '2025-08-10 05:53:27.936347+00', ''),
	('00000000-0000-0000-0000-000000000000', 'e475496e-4d01-44c1-801d-06d5fc4bdc06', '{"action":"token_revoked","actor_id":"0772beaf-9ccd-48e7-a178-f5312ab5e7e3","actor_name":"Raihan Sharif","actor_username":"raihan.raju@gmail.com","actor_via_sso":false,"log_type":"token"}', '2025-08-10 05:53:27.957056+00', ''),
	('00000000-0000-0000-0000-000000000000', '33d04a59-3954-4298-8127-de8d3c7d9a38', '{"action":"logout","actor_id":"0772beaf-9ccd-48e7-a178-f5312ab5e7e3","actor_name":"Raihan Sharif","actor_username":"raihan.raju@gmail.com","actor_via_sso":false,"log_type":"account"}', '2025-08-10 06:08:44.172851+00', ''),
	('00000000-0000-0000-0000-000000000000', 'c1e042cf-b028-41c6-9740-101dc0a63a7c', '{"action":"login","actor_id":"0772beaf-9ccd-48e7-a178-f5312ab5e7e3","actor_name":"Raihan Sharif","actor_username":"raihan.raju@gmail.com","actor_via_sso":false,"log_type":"account","traits":{"provider":"email"}}', '2025-08-10 06:08:49.106012+00', ''),
	('00000000-0000-0000-0000-000000000000', '4749c03b-3079-4cb7-bf5f-adf155678c54', '{"action":"token_refreshed","actor_id":"0772beaf-9ccd-48e7-a178-f5312ab5e7e3","actor_name":"Raihan Sharif","actor_username":"raihan.raju@gmail.com","actor_via_sso":false,"log_type":"token"}', '2025-08-10 07:16:41.652059+00', ''),
	('00000000-0000-0000-0000-000000000000', '7795f1d8-890b-455f-b529-3598d4cbd07e', '{"action":"token_revoked","actor_id":"0772beaf-9ccd-48e7-a178-f5312ab5e7e3","actor_name":"Raihan Sharif","actor_username":"raihan.raju@gmail.com","actor_via_sso":false,"log_type":"token"}', '2025-08-10 07:16:41.664855+00', ''),
	('00000000-0000-0000-0000-000000000000', 'fd038db6-aa72-4556-9e69-796db07b2b52', '{"action":"token_refreshed","actor_id":"0772beaf-9ccd-48e7-a178-f5312ab5e7e3","actor_name":"Raihan Sharif","actor_username":"raihan.raju@gmail.com","actor_via_sso":false,"log_type":"token"}', '2025-08-10 08:36:06.149176+00', ''),
	('00000000-0000-0000-0000-000000000000', '9361d25d-7406-420a-a429-51cea1d021e5', '{"action":"token_revoked","actor_id":"0772beaf-9ccd-48e7-a178-f5312ab5e7e3","actor_name":"Raihan Sharif","actor_username":"raihan.raju@gmail.com","actor_via_sso":false,"log_type":"token"}', '2025-08-10 08:36:06.176448+00', ''),
	('00000000-0000-0000-0000-000000000000', '0a742b27-87cf-44eb-a88d-2ec33bc38d0f', '{"action":"login","actor_id":"0772beaf-9ccd-48e7-a178-f5312ab5e7e3","actor_name":"Raihan Sharif","actor_username":"raihan.raju@gmail.com","actor_via_sso":false,"log_type":"account","traits":{"provider":"email"}}', '2025-08-10 16:38:54.274945+00', ''),
	('00000000-0000-0000-0000-000000000000', '37ac517a-0974-4ca2-8740-82fee1f7d763', '{"action":"token_refreshed","actor_id":"0772beaf-9ccd-48e7-a178-f5312ab5e7e3","actor_name":"Raihan Sharif","actor_username":"raihan.raju@gmail.com","actor_via_sso":false,"log_type":"token"}', '2025-08-10 17:37:20.255566+00', ''),
	('00000000-0000-0000-0000-000000000000', '7f5c1764-f320-455e-9284-d89ff12e99fc', '{"action":"token_revoked","actor_id":"0772beaf-9ccd-48e7-a178-f5312ab5e7e3","actor_name":"Raihan Sharif","actor_username":"raihan.raju@gmail.com","actor_via_sso":false,"log_type":"token"}', '2025-08-10 17:37:20.265354+00', ''),
	('00000000-0000-0000-0000-000000000000', 'd0307e2f-540c-4cb4-aa54-08527af3dfeb', '{"action":"token_refreshed","actor_id":"0772beaf-9ccd-48e7-a178-f5312ab5e7e3","actor_name":"Raihan Sharif","actor_username":"raihan.raju@gmail.com","actor_via_sso":false,"log_type":"token"}', '2025-08-11 15:15:02.50447+00', ''),
	('00000000-0000-0000-0000-000000000000', 'e23d16fa-640a-41de-8ea8-5ad5e0c836cd', '{"action":"token_revoked","actor_id":"0772beaf-9ccd-48e7-a178-f5312ab5e7e3","actor_name":"Raihan Sharif","actor_username":"raihan.raju@gmail.com","actor_via_sso":false,"log_type":"token"}', '2025-08-11 15:15:02.531834+00', ''),
	('00000000-0000-0000-0000-000000000000', '0febd15e-fa07-4816-9597-fb0f0ceea548', '{"action":"token_refreshed","actor_id":"0772beaf-9ccd-48e7-a178-f5312ab5e7e3","actor_name":"Raihan Sharif","actor_username":"raihan.raju@gmail.com","actor_via_sso":false,"log_type":"token"}', '2025-08-11 16:13:02.718183+00', ''),
	('00000000-0000-0000-0000-000000000000', '15a0fbc3-66ea-49d6-bc6a-9f407b136577', '{"action":"token_revoked","actor_id":"0772beaf-9ccd-48e7-a178-f5312ab5e7e3","actor_name":"Raihan Sharif","actor_username":"raihan.raju@gmail.com","actor_via_sso":false,"log_type":"token"}', '2025-08-11 16:13:02.723652+00', ''),
	('00000000-0000-0000-0000-000000000000', '4f9035fb-4a7c-4ff2-8435-e9508cbf2e70', '{"action":"token_refreshed","actor_id":"0772beaf-9ccd-48e7-a178-f5312ab5e7e3","actor_name":"Raihan Sharif","actor_username":"raihan.raju@gmail.com","actor_via_sso":false,"log_type":"token"}', '2025-08-11 17:17:31.512075+00', ''),
	('00000000-0000-0000-0000-000000000000', '967507bf-35e5-4512-910f-22ffc91de2a6', '{"action":"token_revoked","actor_id":"0772beaf-9ccd-48e7-a178-f5312ab5e7e3","actor_name":"Raihan Sharif","actor_username":"raihan.raju@gmail.com","actor_via_sso":false,"log_type":"token"}', '2025-08-11 17:17:31.527035+00', ''),
	('00000000-0000-0000-0000-000000000000', '18de4f56-389d-497d-b132-7f73628b4d21', '{"action":"token_refreshed","actor_id":"0772beaf-9ccd-48e7-a178-f5312ab5e7e3","actor_name":"Raihan Sharif","actor_username":"raihan.raju@gmail.com","actor_via_sso":false,"log_type":"token"}', '2025-08-12 16:56:44.221441+00', ''),
	('00000000-0000-0000-0000-000000000000', '952ea863-4cf9-4d0b-999a-b3d16c40a935', '{"action":"token_revoked","actor_id":"0772beaf-9ccd-48e7-a178-f5312ab5e7e3","actor_name":"Raihan Sharif","actor_username":"raihan.raju@gmail.com","actor_via_sso":false,"log_type":"token"}', '2025-08-12 16:56:44.250115+00', ''),
	('00000000-0000-0000-0000-000000000000', '2796c5fa-6838-4be3-835d-506656d1b36d', '{"action":"token_refreshed","actor_id":"0772beaf-9ccd-48e7-a178-f5312ab5e7e3","actor_name":"Raihan Sharif","actor_username":"raihan.raju@gmail.com","actor_via_sso":false,"log_type":"token"}', '2025-08-13 14:25:47.685203+00', ''),
	('00000000-0000-0000-0000-000000000000', '25ffb5d6-0f87-4a3a-b3e1-379a0504bf15', '{"action":"token_revoked","actor_id":"0772beaf-9ccd-48e7-a178-f5312ab5e7e3","actor_name":"Raihan Sharif","actor_username":"raihan.raju@gmail.com","actor_via_sso":false,"log_type":"token"}', '2025-08-13 14:25:47.712495+00', ''),
	('00000000-0000-0000-0000-000000000000', '08d3f65e-255e-441e-a655-35f238f01542', '{"action":"token_refreshed","actor_id":"0772beaf-9ccd-48e7-a178-f5312ab5e7e3","actor_name":"Raihan Sharif","actor_username":"raihan.raju@gmail.com","actor_via_sso":false,"log_type":"token"}', '2025-08-13 15:27:41.149691+00', ''),
	('00000000-0000-0000-0000-000000000000', '16fb9156-6d87-4bf5-8973-534455c11f4b', '{"action":"token_revoked","actor_id":"0772beaf-9ccd-48e7-a178-f5312ab5e7e3","actor_name":"Raihan Sharif","actor_username":"raihan.raju@gmail.com","actor_via_sso":false,"log_type":"token"}', '2025-08-13 15:27:41.163694+00', ''),
	('00000000-0000-0000-0000-000000000000', '9e244140-4de2-45f1-84af-0c828d849ecc', '{"action":"token_refreshed","actor_id":"0772beaf-9ccd-48e7-a178-f5312ab5e7e3","actor_name":"Raihan Sharif","actor_username":"raihan.raju@gmail.com","actor_via_sso":false,"log_type":"token"}', '2025-08-13 16:26:28.54709+00', ''),
	('00000000-0000-0000-0000-000000000000', 'b76b3173-a4d5-4895-b7c4-d6a6c1f5bfc2', '{"action":"token_revoked","actor_id":"0772beaf-9ccd-48e7-a178-f5312ab5e7e3","actor_name":"Raihan Sharif","actor_username":"raihan.raju@gmail.com","actor_via_sso":false,"log_type":"token"}', '2025-08-13 16:26:28.554804+00', ''),
	('00000000-0000-0000-0000-000000000000', '6cabc47c-5ad6-4f64-9ca0-825e6a0dd291', '{"action":"login","actor_id":"0772beaf-9ccd-48e7-a178-f5312ab5e7e3","actor_name":"Raihan Sharif","actor_username":"raihan.raju@gmail.com","actor_via_sso":false,"log_type":"account","traits":{"provider":"email"}}', '2025-08-16 07:53:26.29294+00', ''),
	('00000000-0000-0000-0000-000000000000', 'acc34566-6b77-4386-95c9-5764afde78e4', '{"action":"token_refreshed","actor_id":"0772beaf-9ccd-48e7-a178-f5312ab5e7e3","actor_name":"Raihan Sharif","actor_username":"raihan.raju@gmail.com","actor_via_sso":false,"log_type":"token"}', '2025-08-16 08:51:39.486259+00', ''),
	('00000000-0000-0000-0000-000000000000', '6277c03a-93a3-4ce8-b167-dd1b74cc3920', '{"action":"token_revoked","actor_id":"0772beaf-9ccd-48e7-a178-f5312ab5e7e3","actor_name":"Raihan Sharif","actor_username":"raihan.raju@gmail.com","actor_via_sso":false,"log_type":"token"}', '2025-08-16 08:51:39.510499+00', ''),
	('00000000-0000-0000-0000-000000000000', 'd1bf1882-24ac-4b2a-8b9e-f8bbc8c86f97', '{"action":"token_refreshed","actor_id":"0772beaf-9ccd-48e7-a178-f5312ab5e7e3","actor_name":"Raihan Sharif","actor_username":"raihan.raju@gmail.com","actor_via_sso":false,"log_type":"token"}', '2025-08-16 11:24:16.310852+00', ''),
	('00000000-0000-0000-0000-000000000000', '79600d17-d644-40f6-8740-007d4187e484', '{"action":"token_revoked","actor_id":"0772beaf-9ccd-48e7-a178-f5312ab5e7e3","actor_name":"Raihan Sharif","actor_username":"raihan.raju@gmail.com","actor_via_sso":false,"log_type":"token"}', '2025-08-16 11:24:16.32073+00', ''),
	('00000000-0000-0000-0000-000000000000', '3c9a7ad3-85d4-40d9-819a-7cd7c04b8271', '{"action":"token_refreshed","actor_id":"0772beaf-9ccd-48e7-a178-f5312ab5e7e3","actor_name":"Raihan Sharif","actor_username":"raihan.raju@gmail.com","actor_via_sso":false,"log_type":"token"}', '2025-08-16 13:37:22.186904+00', ''),
	('00000000-0000-0000-0000-000000000000', '24c34594-343d-49a5-a96f-0c3721980fb9', '{"action":"token_revoked","actor_id":"0772beaf-9ccd-48e7-a178-f5312ab5e7e3","actor_name":"Raihan Sharif","actor_username":"raihan.raju@gmail.com","actor_via_sso":false,"log_type":"token"}', '2025-08-16 13:37:22.214884+00', ''),
	('00000000-0000-0000-0000-000000000000', '90b3a68e-101e-4178-82d2-42e678a99134', '{"action":"token_refreshed","actor_id":"0772beaf-9ccd-48e7-a178-f5312ab5e7e3","actor_name":"Raihan Sharif","actor_username":"raihan.raju@gmail.com","actor_via_sso":false,"log_type":"token"}', '2025-08-16 15:32:44.531089+00', ''),
	('00000000-0000-0000-0000-000000000000', 'cb30605a-7a43-4ca6-bbb9-f500725086e1', '{"action":"token_revoked","actor_id":"0772beaf-9ccd-48e7-a178-f5312ab5e7e3","actor_name":"Raihan Sharif","actor_username":"raihan.raju@gmail.com","actor_via_sso":false,"log_type":"token"}', '2025-08-16 15:32:44.548703+00', ''),
	('00000000-0000-0000-0000-000000000000', '5eca546b-c377-448c-af86-36ac24caf22e', '{"action":"token_refreshed","actor_id":"0772beaf-9ccd-48e7-a178-f5312ab5e7e3","actor_name":"Raihan Sharif","actor_username":"raihan.raju@gmail.com","actor_via_sso":false,"log_type":"token"}', '2025-08-16 16:34:41.083916+00', ''),
	('00000000-0000-0000-0000-000000000000', '476d1e72-5d93-4e3e-b144-6ee709ac5fdc', '{"action":"token_revoked","actor_id":"0772beaf-9ccd-48e7-a178-f5312ab5e7e3","actor_name":"Raihan Sharif","actor_username":"raihan.raju@gmail.com","actor_via_sso":false,"log_type":"token"}', '2025-08-16 16:34:41.104486+00', ''),
	('00000000-0000-0000-0000-000000000000', '38370090-bbf1-4c0f-8b61-35519ed809d2', '{"action":"token_refreshed","actor_id":"0772beaf-9ccd-48e7-a178-f5312ab5e7e3","actor_name":"Raihan Sharif","actor_username":"raihan.raju@gmail.com","actor_via_sso":false,"log_type":"token"}', '2025-08-16 17:32:18.177437+00', ''),
	('00000000-0000-0000-0000-000000000000', '193d36b2-9e6e-45f5-a5fa-91dfe6eb7d1f', '{"action":"token_revoked","actor_id":"0772beaf-9ccd-48e7-a178-f5312ab5e7e3","actor_name":"Raihan Sharif","actor_username":"raihan.raju@gmail.com","actor_via_sso":false,"log_type":"token"}', '2025-08-16 17:32:18.195975+00', ''),
	('00000000-0000-0000-0000-000000000000', '6a784026-0aec-4f98-877b-951668d49283', '{"action":"token_refreshed","actor_id":"0772beaf-9ccd-48e7-a178-f5312ab5e7e3","actor_name":"Raihan Sharif","actor_username":"raihan.raju@gmail.com","actor_via_sso":false,"log_type":"token"}', '2025-08-16 17:43:57.137217+00', ''),
	('00000000-0000-0000-0000-000000000000', '15d3bd21-78b8-4df5-bfa4-68c1b9895018', '{"action":"token_revoked","actor_id":"0772beaf-9ccd-48e7-a178-f5312ab5e7e3","actor_name":"Raihan Sharif","actor_username":"raihan.raju@gmail.com","actor_via_sso":false,"log_type":"token"}', '2025-08-16 17:43:57.145791+00', ''),
	('00000000-0000-0000-0000-000000000000', 'bc313b86-f096-4800-a9ce-c0a921cbb73b', '{"action":"login","actor_id":"0772beaf-9ccd-48e7-a178-f5312ab5e7e3","actor_name":"Raihan Sharif","actor_username":"raihan.raju@gmail.com","actor_via_sso":false,"log_type":"account","traits":{"provider":"email"}}', '2025-08-17 04:36:06.009683+00', ''),
	('00000000-0000-0000-0000-000000000000', '80a3ec43-16ca-47ff-bcbf-5efcafb05510', '{"action":"token_refreshed","actor_id":"0772beaf-9ccd-48e7-a178-f5312ab5e7e3","actor_name":"Raihan Sharif","actor_username":"raihan.raju@gmail.com","actor_via_sso":false,"log_type":"token"}', '2025-08-17 05:56:08.684534+00', ''),
	('00000000-0000-0000-0000-000000000000', 'e4461564-6bc3-4720-b049-8ce9c1d1c383', '{"action":"token_revoked","actor_id":"0772beaf-9ccd-48e7-a178-f5312ab5e7e3","actor_name":"Raihan Sharif","actor_username":"raihan.raju@gmail.com","actor_via_sso":false,"log_type":"token"}', '2025-08-17 05:56:08.709775+00', ''),
	('00000000-0000-0000-0000-000000000000', '165084c3-3126-4b35-84e2-05b77948b754', '{"action":"token_refreshed","actor_id":"0772beaf-9ccd-48e7-a178-f5312ab5e7e3","actor_name":"Raihan Sharif","actor_username":"raihan.raju@gmail.com","actor_via_sso":false,"log_type":"token"}', '2025-08-17 07:29:30.988999+00', ''),
	('00000000-0000-0000-0000-000000000000', '9cc47283-fbec-4dc2-b72a-dbf1d6b066a9', '{"action":"token_revoked","actor_id":"0772beaf-9ccd-48e7-a178-f5312ab5e7e3","actor_name":"Raihan Sharif","actor_username":"raihan.raju@gmail.com","actor_via_sso":false,"log_type":"token"}', '2025-08-17 07:29:31.018029+00', ''),
	('00000000-0000-0000-0000-000000000000', 'ea1129f7-26eb-4589-8384-b237c2adf3bc', '{"action":"token_refreshed","actor_id":"0772beaf-9ccd-48e7-a178-f5312ab5e7e3","actor_name":"Raihan Sharif","actor_username":"raihan.raju@gmail.com","actor_via_sso":false,"log_type":"token"}', '2025-08-17 07:32:06.145212+00', ''),
	('00000000-0000-0000-0000-000000000000', '19ab8567-8df2-413d-8854-bfab368c68a8', '{"action":"token_revoked","actor_id":"0772beaf-9ccd-48e7-a178-f5312ab5e7e3","actor_name":"Raihan Sharif","actor_username":"raihan.raju@gmail.com","actor_via_sso":false,"log_type":"token"}', '2025-08-17 07:32:06.146151+00', ''),
	('00000000-0000-0000-0000-000000000000', 'e1726aa6-6c86-495a-b712-071c42b0099e', '{"action":"token_refreshed","actor_id":"0772beaf-9ccd-48e7-a178-f5312ab5e7e3","actor_name":"Raihan Sharif","actor_username":"raihan.raju@gmail.com","actor_via_sso":false,"log_type":"token"}', '2025-08-17 08:38:34.725201+00', ''),
	('00000000-0000-0000-0000-000000000000', '9534bb8d-cdfe-40c0-a324-b7dd22182092', '{"action":"token_revoked","actor_id":"0772beaf-9ccd-48e7-a178-f5312ab5e7e3","actor_name":"Raihan Sharif","actor_username":"raihan.raju@gmail.com","actor_via_sso":false,"log_type":"token"}', '2025-08-17 08:38:34.746498+00', ''),
	('00000000-0000-0000-0000-000000000000', '128538e7-bdbd-4808-b2b5-c78fd7709100', '{"action":"token_refreshed","actor_id":"0772beaf-9ccd-48e7-a178-f5312ab5e7e3","actor_name":"Raihan Sharif","actor_username":"raihan.raju@gmail.com","actor_via_sso":false,"log_type":"token"}', '2025-08-17 09:37:10.579094+00', ''),
	('00000000-0000-0000-0000-000000000000', '9daf4385-d969-4335-ba31-e42601582e85', '{"action":"token_revoked","actor_id":"0772beaf-9ccd-48e7-a178-f5312ab5e7e3","actor_name":"Raihan Sharif","actor_username":"raihan.raju@gmail.com","actor_via_sso":false,"log_type":"token"}', '2025-08-17 09:37:10.58982+00', ''),
	('00000000-0000-0000-0000-000000000000', 'a349635c-beb9-41a5-b711-830dcfadf62f', '{"action":"token_refreshed","actor_id":"0772beaf-9ccd-48e7-a178-f5312ab5e7e3","actor_name":"Raihan Sharif","actor_username":"raihan.raju@gmail.com","actor_via_sso":false,"log_type":"token"}', '2025-08-17 10:35:48.490867+00', ''),
	('00000000-0000-0000-0000-000000000000', '05b7b34b-d88b-4059-bd5a-8fd3652fa705', '{"action":"token_revoked","actor_id":"0772beaf-9ccd-48e7-a178-f5312ab5e7e3","actor_name":"Raihan Sharif","actor_username":"raihan.raju@gmail.com","actor_via_sso":false,"log_type":"token"}', '2025-08-17 10:35:48.518184+00', ''),
	('00000000-0000-0000-0000-000000000000', 'ec6de504-2ddd-4822-b036-eca8a36d5543', '{"action":"token_refreshed","actor_id":"0772beaf-9ccd-48e7-a178-f5312ab5e7e3","actor_name":"Raihan Sharif","actor_username":"raihan.raju@gmail.com","actor_via_sso":false,"log_type":"token"}', '2025-08-17 11:34:23.044511+00', ''),
	('00000000-0000-0000-0000-000000000000', 'ff593927-4acd-48b8-9406-3e34ee6b1122', '{"action":"token_revoked","actor_id":"0772beaf-9ccd-48e7-a178-f5312ab5e7e3","actor_name":"Raihan Sharif","actor_username":"raihan.raju@gmail.com","actor_via_sso":false,"log_type":"token"}', '2025-08-17 11:34:23.055181+00', ''),
	('00000000-0000-0000-0000-000000000000', '64370b65-04fe-4f92-9b73-3a056dcf7cca', '{"action":"token_refreshed","actor_id":"0772beaf-9ccd-48e7-a178-f5312ab5e7e3","actor_name":"Raihan Sharif","actor_username":"raihan.raju@gmail.com","actor_via_sso":false,"log_type":"token"}', '2025-08-18 04:12:51.932351+00', ''),
	('00000000-0000-0000-0000-000000000000', '6b7ce85e-d8fc-4d1a-aa3b-f020c9a7376d', '{"action":"token_revoked","actor_id":"0772beaf-9ccd-48e7-a178-f5312ab5e7e3","actor_name":"Raihan Sharif","actor_username":"raihan.raju@gmail.com","actor_via_sso":false,"log_type":"token"}', '2025-08-18 04:12:51.960459+00', ''),
	('00000000-0000-0000-0000-000000000000', '23bd92c4-1884-446a-a30f-097ccb2844bc', '{"action":"token_refreshed","actor_id":"0772beaf-9ccd-48e7-a178-f5312ab5e7e3","actor_name":"Raihan Sharif","actor_username":"raihan.raju@gmail.com","actor_via_sso":false,"log_type":"token"}', '2025-08-18 05:11:40.158229+00', ''),
	('00000000-0000-0000-0000-000000000000', '7f93b3c6-4a3c-44a9-86cf-f27ebb8b6035', '{"action":"token_revoked","actor_id":"0772beaf-9ccd-48e7-a178-f5312ab5e7e3","actor_name":"Raihan Sharif","actor_username":"raihan.raju@gmail.com","actor_via_sso":false,"log_type":"token"}', '2025-08-18 05:11:40.164444+00', ''),
	('00000000-0000-0000-0000-000000000000', '447945b9-98cf-4b22-be38-ccb8fd078d30', '{"action":"token_refreshed","actor_id":"0772beaf-9ccd-48e7-a178-f5312ab5e7e3","actor_name":"Raihan Sharif","actor_username":"raihan.raju@gmail.com","actor_via_sso":false,"log_type":"token"}', '2025-08-18 06:44:33.1786+00', ''),
	('00000000-0000-0000-0000-000000000000', 'a8ca2bef-1435-4c25-ab15-4ac1a759a41c', '{"action":"token_revoked","actor_id":"0772beaf-9ccd-48e7-a178-f5312ab5e7e3","actor_name":"Raihan Sharif","actor_username":"raihan.raju@gmail.com","actor_via_sso":false,"log_type":"token"}', '2025-08-18 06:44:33.196416+00', ''),
	('00000000-0000-0000-0000-000000000000', 'c26e955d-0501-4fc7-880a-117f69f3340a', '{"action":"token_refreshed","actor_id":"0772beaf-9ccd-48e7-a178-f5312ab5e7e3","actor_name":"Raihan Sharif","actor_username":"raihan.raju@gmail.com","actor_via_sso":false,"log_type":"token"}', '2025-08-18 06:53:16.250349+00', ''),
	('00000000-0000-0000-0000-000000000000', 'e6ee667f-d87b-4998-b385-cc85e5ec7402', '{"action":"token_revoked","actor_id":"0772beaf-9ccd-48e7-a178-f5312ab5e7e3","actor_name":"Raihan Sharif","actor_username":"raihan.raju@gmail.com","actor_via_sso":false,"log_type":"token"}', '2025-08-18 06:53:16.254335+00', ''),
	('00000000-0000-0000-0000-000000000000', '52fc832a-7e4c-413d-aba8-17e176d14a9b', '{"action":"token_refreshed","actor_id":"0772beaf-9ccd-48e7-a178-f5312ab5e7e3","actor_name":"Raihan Sharif","actor_username":"raihan.raju@gmail.com","actor_via_sso":false,"log_type":"token"}', '2025-08-18 08:08:23.082964+00', ''),
	('00000000-0000-0000-0000-000000000000', 'e0081eb7-a219-40a0-90f8-7c1a657e61fd', '{"action":"token_revoked","actor_id":"0772beaf-9ccd-48e7-a178-f5312ab5e7e3","actor_name":"Raihan Sharif","actor_username":"raihan.raju@gmail.com","actor_via_sso":false,"log_type":"token"}', '2025-08-18 08:08:23.110033+00', ''),
	('00000000-0000-0000-0000-000000000000', 'd9a50566-e831-4a23-9f53-32c70e06c9a1', '{"action":"token_refreshed","actor_id":"0772beaf-9ccd-48e7-a178-f5312ab5e7e3","actor_name":"Raihan Sharif","actor_username":"raihan.raju@gmail.com","actor_via_sso":false,"log_type":"token"}', '2025-08-18 10:47:08.603231+00', ''),
	('00000000-0000-0000-0000-000000000000', 'b9e85034-3979-442e-9753-ec835d2020c1', '{"action":"token_revoked","actor_id":"0772beaf-9ccd-48e7-a178-f5312ab5e7e3","actor_name":"Raihan Sharif","actor_username":"raihan.raju@gmail.com","actor_via_sso":false,"log_type":"token"}', '2025-08-18 10:47:08.627826+00', ''),
	('00000000-0000-0000-0000-000000000000', '4f9ec1ca-d10e-4232-b134-008fe9212e97', '{"action":"login","actor_id":"0772beaf-9ccd-48e7-a178-f5312ab5e7e3","actor_name":"Raihan Sharif","actor_username":"raihan.raju@gmail.com","actor_via_sso":false,"log_type":"account","traits":{"provider":"email"}}', '2025-08-18 11:48:59.982352+00', ''),
	('00000000-0000-0000-0000-000000000000', 'c543ca10-b81d-4acc-95b3-bee5b57cbcd2', '{"action":"token_refreshed","actor_id":"0772beaf-9ccd-48e7-a178-f5312ab5e7e3","actor_name":"Raihan Sharif","actor_username":"raihan.raju@gmail.com","actor_via_sso":false,"log_type":"token"}', '2025-08-18 13:39:37.139374+00', ''),
	('00000000-0000-0000-0000-000000000000', '4480a578-d773-4072-a3eb-03ea3e00ee44', '{"action":"token_revoked","actor_id":"0772beaf-9ccd-48e7-a178-f5312ab5e7e3","actor_name":"Raihan Sharif","actor_username":"raihan.raju@gmail.com","actor_via_sso":false,"log_type":"token"}', '2025-08-18 13:39:37.171737+00', ''),
	('00000000-0000-0000-0000-000000000000', 'd16f9007-1efd-41c7-966c-ffe8a5834df6', '{"action":"token_refreshed","actor_id":"0772beaf-9ccd-48e7-a178-f5312ab5e7e3","actor_name":"Raihan Sharif","actor_username":"raihan.raju@gmail.com","actor_via_sso":false,"log_type":"token"}', '2025-08-18 15:38:52.410083+00', ''),
	('00000000-0000-0000-0000-000000000000', 'ad528e93-2ff9-4e47-942c-7ea7644a6bde', '{"action":"token_revoked","actor_id":"0772beaf-9ccd-48e7-a178-f5312ab5e7e3","actor_name":"Raihan Sharif","actor_username":"raihan.raju@gmail.com","actor_via_sso":false,"log_type":"token"}', '2025-08-18 15:38:52.426199+00', ''),
	('00000000-0000-0000-0000-000000000000', 'c8d5a36b-28eb-4a40-bc24-046cec8888b0', '{"action":"token_refreshed","actor_id":"0772beaf-9ccd-48e7-a178-f5312ab5e7e3","actor_name":"Raihan Sharif","actor_username":"raihan.raju@gmail.com","actor_via_sso":false,"log_type":"token"}', '2025-08-18 16:37:27.707484+00', ''),
	('00000000-0000-0000-0000-000000000000', 'a5f5650a-b7a7-4fad-9333-82d2748101b1', '{"action":"token_revoked","actor_id":"0772beaf-9ccd-48e7-a178-f5312ab5e7e3","actor_name":"Raihan Sharif","actor_username":"raihan.raju@gmail.com","actor_via_sso":false,"log_type":"token"}', '2025-08-18 16:37:27.722053+00', ''),
	('00000000-0000-0000-0000-000000000000', 'c4fb2af6-1fba-42cf-821e-830165c507e0', '{"action":"token_refreshed","actor_id":"0772beaf-9ccd-48e7-a178-f5312ab5e7e3","actor_name":"Raihan Sharif","actor_username":"raihan.raju@gmail.com","actor_via_sso":false,"log_type":"token"}', '2025-08-18 17:59:16.18261+00', ''),
	('00000000-0000-0000-0000-000000000000', '4f003ad2-2311-4bbc-ba85-d0aa3fd49aa6', '{"action":"token_revoked","actor_id":"0772beaf-9ccd-48e7-a178-f5312ab5e7e3","actor_name":"Raihan Sharif","actor_username":"raihan.raju@gmail.com","actor_via_sso":false,"log_type":"token"}', '2025-08-18 17:59:16.211243+00', ''),
	('00000000-0000-0000-0000-000000000000', 'f8b0d405-d8ef-4e06-b341-3e9c57119ef6', '{"action":"token_refreshed","actor_id":"0772beaf-9ccd-48e7-a178-f5312ab5e7e3","actor_name":"Raihan Sharif","actor_username":"raihan.raju@gmail.com","actor_via_sso":false,"log_type":"token"}', '2025-08-19 07:55:47.961697+00', ''),
	('00000000-0000-0000-0000-000000000000', 'fada3578-6189-4ff8-b5f8-f601d8f875d4', '{"action":"token_revoked","actor_id":"0772beaf-9ccd-48e7-a178-f5312ab5e7e3","actor_name":"Raihan Sharif","actor_username":"raihan.raju@gmail.com","actor_via_sso":false,"log_type":"token"}', '2025-08-19 07:55:47.98907+00', ''),
	('00000000-0000-0000-0000-000000000000', '486f71d4-7a82-4036-abbf-07e4c7618226', '{"action":"token_refreshed","actor_id":"0772beaf-9ccd-48e7-a178-f5312ab5e7e3","actor_name":"Raihan Sharif","actor_username":"raihan.raju@gmail.com","actor_via_sso":false,"log_type":"token"}', '2025-08-19 09:05:52.192109+00', ''),
	('00000000-0000-0000-0000-000000000000', '59ab1f05-7195-4f9d-bd4c-52dce9d2daf3', '{"action":"token_revoked","actor_id":"0772beaf-9ccd-48e7-a178-f5312ab5e7e3","actor_name":"Raihan Sharif","actor_username":"raihan.raju@gmail.com","actor_via_sso":false,"log_type":"token"}', '2025-08-19 09:05:52.204748+00', ''),
	('00000000-0000-0000-0000-000000000000', '4768a7c6-d611-4f0f-97f6-27a59a1ee30e', '{"action":"token_refreshed","actor_id":"0772beaf-9ccd-48e7-a178-f5312ab5e7e3","actor_name":"Raihan Sharif","actor_username":"raihan.raju@gmail.com","actor_via_sso":false,"log_type":"token"}', '2025-08-19 11:14:34.173884+00', ''),
	('00000000-0000-0000-0000-000000000000', '15149969-aa8e-44ac-8041-71bc564fe28b', '{"action":"token_revoked","actor_id":"0772beaf-9ccd-48e7-a178-f5312ab5e7e3","actor_name":"Raihan Sharif","actor_username":"raihan.raju@gmail.com","actor_via_sso":false,"log_type":"token"}', '2025-08-19 11:14:34.200799+00', ''),
	('00000000-0000-0000-0000-000000000000', '35ae1b0b-2c30-4434-b74c-50103c3e9989', '{"action":"token_refreshed","actor_id":"0772beaf-9ccd-48e7-a178-f5312ab5e7e3","actor_name":"Raihan Sharif","actor_username":"raihan.raju@gmail.com","actor_via_sso":false,"log_type":"token"}', '2025-08-19 14:13:25.223894+00', ''),
	('00000000-0000-0000-0000-000000000000', '73c8d778-c3fd-4cdd-9d72-cafd37fcb4ca', '{"action":"token_revoked","actor_id":"0772beaf-9ccd-48e7-a178-f5312ab5e7e3","actor_name":"Raihan Sharif","actor_username":"raihan.raju@gmail.com","actor_via_sso":false,"log_type":"token"}', '2025-08-19 14:13:25.247682+00', ''),
	('00000000-0000-0000-0000-000000000000', 'bd5f3fb2-f6f0-46ca-af4c-e55f68a0ddfb', '{"action":"token_refreshed","actor_id":"0772beaf-9ccd-48e7-a178-f5312ab5e7e3","actor_name":"Raihan Sharif","actor_username":"raihan.raju@gmail.com","actor_via_sso":false,"log_type":"token"}', '2025-08-19 15:11:53.111513+00', ''),
	('00000000-0000-0000-0000-000000000000', '1d0d2ea5-d256-437e-91b6-a335f8fdd915', '{"action":"token_revoked","actor_id":"0772beaf-9ccd-48e7-a178-f5312ab5e7e3","actor_name":"Raihan Sharif","actor_username":"raihan.raju@gmail.com","actor_via_sso":false,"log_type":"token"}', '2025-08-19 15:11:53.126539+00', ''),
	('00000000-0000-0000-0000-000000000000', 'addc46d7-9b68-49e4-92b2-92ae7002a39d', '{"action":"token_refreshed","actor_id":"0772beaf-9ccd-48e7-a178-f5312ab5e7e3","actor_name":"Raihan Sharif","actor_username":"raihan.raju@gmail.com","actor_via_sso":false,"log_type":"token"}', '2025-08-19 16:10:58.899199+00', ''),
	('00000000-0000-0000-0000-000000000000', 'be03d090-51a7-49e4-b54f-4df98d5abfea', '{"action":"token_revoked","actor_id":"0772beaf-9ccd-48e7-a178-f5312ab5e7e3","actor_name":"Raihan Sharif","actor_username":"raihan.raju@gmail.com","actor_via_sso":false,"log_type":"token"}', '2025-08-19 16:10:58.908793+00', ''),
	('00000000-0000-0000-0000-000000000000', 'dfcb626d-2579-4597-9b37-9eee4ed02685', '{"action":"token_refreshed","actor_id":"0772beaf-9ccd-48e7-a178-f5312ab5e7e3","actor_name":"Raihan Sharif","actor_username":"raihan.raju@gmail.com","actor_via_sso":false,"log_type":"token"}', '2025-08-19 17:37:48.561419+00', ''),
	('00000000-0000-0000-0000-000000000000', '295bfd07-072b-404f-8cc4-871c98a18429', '{"action":"token_revoked","actor_id":"0772beaf-9ccd-48e7-a178-f5312ab5e7e3","actor_name":"Raihan Sharif","actor_username":"raihan.raju@gmail.com","actor_via_sso":false,"log_type":"token"}', '2025-08-19 17:37:48.586243+00', ''),
	('00000000-0000-0000-0000-000000000000', 'ae8369c2-a616-43b2-9fb7-dda0c3577b1e', '{"action":"token_refreshed","actor_id":"0772beaf-9ccd-48e7-a178-f5312ab5e7e3","actor_name":"Raihan Sharif","actor_username":"raihan.raju@gmail.com","actor_via_sso":false,"log_type":"token"}', '2025-08-19 18:22:00.878769+00', ''),
	('00000000-0000-0000-0000-000000000000', '9bee907b-8265-460e-abc9-2cdecf4550ee', '{"action":"token_revoked","actor_id":"0772beaf-9ccd-48e7-a178-f5312ab5e7e3","actor_name":"Raihan Sharif","actor_username":"raihan.raju@gmail.com","actor_via_sso":false,"log_type":"token"}', '2025-08-19 18:22:00.896583+00', ''),
	('00000000-0000-0000-0000-000000000000', 'f79341b7-9562-4cd2-8f9b-34980019e617', '{"action":"token_refreshed","actor_id":"0772beaf-9ccd-48e7-a178-f5312ab5e7e3","actor_name":"Raihan Sharif","actor_username":"raihan.raju@gmail.com","actor_via_sso":false,"log_type":"token"}', '2025-08-20 04:54:35.680883+00', ''),
	('00000000-0000-0000-0000-000000000000', 'a9479fe9-fcf3-454f-93b5-548dbe6c9a75', '{"action":"token_revoked","actor_id":"0772beaf-9ccd-48e7-a178-f5312ab5e7e3","actor_name":"Raihan Sharif","actor_username":"raihan.raju@gmail.com","actor_via_sso":false,"log_type":"token"}', '2025-08-20 04:54:35.708378+00', ''),
	('00000000-0000-0000-0000-000000000000', 'b135caea-9ac0-4e32-9f6c-b8889be0c7f8', '{"action":"token_refreshed","actor_id":"0772beaf-9ccd-48e7-a178-f5312ab5e7e3","actor_name":"Raihan Sharif","actor_username":"raihan.raju@gmail.com","actor_via_sso":false,"log_type":"token"}', '2025-08-20 07:21:22.501918+00', ''),
	('00000000-0000-0000-0000-000000000000', '4c705fc9-1bbb-43e3-904c-5aedc27842c2', '{"action":"token_revoked","actor_id":"0772beaf-9ccd-48e7-a178-f5312ab5e7e3","actor_name":"Raihan Sharif","actor_username":"raihan.raju@gmail.com","actor_via_sso":false,"log_type":"token"}', '2025-08-20 07:21:22.523735+00', ''),
	('00000000-0000-0000-0000-000000000000', '6101bc80-3d8f-4f7e-a3c8-bdb6a206413a', '{"action":"token_refreshed","actor_id":"0772beaf-9ccd-48e7-a178-f5312ab5e7e3","actor_name":"Raihan Sharif","actor_username":"raihan.raju@gmail.com","actor_via_sso":false,"log_type":"token"}', '2025-08-20 09:15:15.228993+00', ''),
	('00000000-0000-0000-0000-000000000000', 'e9846598-5fdc-4501-bb56-f6dd2eb49d69', '{"action":"token_revoked","actor_id":"0772beaf-9ccd-48e7-a178-f5312ab5e7e3","actor_name":"Raihan Sharif","actor_username":"raihan.raju@gmail.com","actor_via_sso":false,"log_type":"token"}', '2025-08-20 09:15:15.246725+00', ''),
	('00000000-0000-0000-0000-000000000000', 'f3f230e4-2e38-4db5-a194-8f65bdf11519', '{"action":"logout","actor_id":"0772beaf-9ccd-48e7-a178-f5312ab5e7e3","actor_name":"Raihan Sharif","actor_username":"raihan.raju@gmail.com","actor_via_sso":false,"log_type":"account"}', '2025-08-20 10:09:57.189487+00', ''),
	('00000000-0000-0000-0000-000000000000', 'c3b4fc6b-c8ab-4514-95cc-0fb2a102ee4f', '{"action":"login","actor_id":"0772beaf-9ccd-48e7-a178-f5312ab5e7e3","actor_name":"Raihan Sharif","actor_username":"raihan.raju@gmail.com","actor_via_sso":false,"log_type":"account","traits":{"provider":"email"}}', '2025-08-20 16:09:10.667721+00', ''),
	('00000000-0000-0000-0000-000000000000', 'e5614070-6fe3-45fa-a7f8-b643a6298459', '{"action":"logout","actor_id":"0772beaf-9ccd-48e7-a178-f5312ab5e7e3","actor_name":"Raihan Sharif","actor_username":"raihan.raju@gmail.com","actor_via_sso":false,"log_type":"account"}', '2025-08-20 16:09:35.53479+00', ''),
	('00000000-0000-0000-0000-000000000000', 'ba4ef3b9-6298-4f50-8640-edfaa4786250', '{"action":"login","actor_id":"0772beaf-9ccd-48e7-a178-f5312ab5e7e3","actor_name":"Raihan Sharif","actor_username":"raihan.raju@gmail.com","actor_via_sso":false,"log_type":"account","traits":{"provider":"email"}}', '2025-08-20 17:43:41.735229+00', ''),
	('00000000-0000-0000-0000-000000000000', 'a7770779-1045-46de-be5e-8c14a555768d', '{"action":"logout","actor_id":"0772beaf-9ccd-48e7-a178-f5312ab5e7e3","actor_name":"Raihan Sharif","actor_username":"raihan.raju@gmail.com","actor_via_sso":false,"log_type":"account"}', '2025-08-20 17:44:11.677889+00', ''),
	('00000000-0000-0000-0000-000000000000', '341d7253-40c5-4545-9758-ca3ace00da6b', '{"action":"login","actor_id":"0772beaf-9ccd-48e7-a178-f5312ab5e7e3","actor_name":"Raihan Sharif","actor_username":"raihan.raju@gmail.com","actor_via_sso":false,"log_type":"account","traits":{"provider":"email"}}', '2025-08-21 04:21:53.812176+00', ''),
	('00000000-0000-0000-0000-000000000000', '24d47157-abd2-4298-a10f-75a88e3d117f', '{"action":"login","actor_id":"0772beaf-9ccd-48e7-a178-f5312ab5e7e3","actor_name":"Raihan Sharif","actor_username":"raihan.raju@gmail.com","actor_via_sso":false,"log_type":"account","traits":{"provider":"email"}}', '2025-08-21 11:48:27.682073+00', ''),
	('00000000-0000-0000-0000-000000000000', 'a6578112-4dbd-4b54-b67e-91fb0571babd', '{"action":"login","actor_id":"0772beaf-9ccd-48e7-a178-f5312ab5e7e3","actor_name":"Raihan Sharif","actor_username":"raihan.raju@gmail.com","actor_via_sso":false,"log_type":"account","traits":{"provider":"email"}}', '2025-08-21 14:28:20.144975+00', ''),
	('00000000-0000-0000-0000-000000000000', '8b1a58c0-f714-4415-b8e9-a761c1504cda', '{"action":"login","actor_id":"0772beaf-9ccd-48e7-a178-f5312ab5e7e3","actor_name":"Raihan Sharif","actor_username":"raihan.raju@gmail.com","actor_via_sso":false,"log_type":"account","traits":{"provider":"email"}}', '2025-08-21 15:28:31.974685+00', ''),
	('00000000-0000-0000-0000-000000000000', 'a056ce2b-b7e8-4e8a-82e4-4e804bc83441', '{"action":"logout","actor_id":"0772beaf-9ccd-48e7-a178-f5312ab5e7e3","actor_name":"Raihan Sharif","actor_username":"raihan.raju@gmail.com","actor_via_sso":false,"log_type":"account"}', '2025-08-21 15:56:45.616189+00', ''),
	('00000000-0000-0000-0000-000000000000', 'bf438c8c-2950-4be5-b5f8-a43476eedfb6', '{"action":"login","actor_id":"0772beaf-9ccd-48e7-a178-f5312ab5e7e3","actor_name":"Raihan Sharif","actor_username":"raihan.raju@gmail.com","actor_via_sso":false,"log_type":"account","traits":{"provider":"email"}}', '2025-08-21 15:58:39.702988+00', ''),
	('00000000-0000-0000-0000-000000000000', 'e70b8dfc-9033-46e1-b9e6-3f2b0a69d52c', '{"action":"token_refreshed","actor_id":"0772beaf-9ccd-48e7-a178-f5312ab5e7e3","actor_name":"Raihan Sharif","actor_username":"raihan.raju@gmail.com","actor_via_sso":false,"log_type":"token"}', '2025-08-21 18:03:10.857047+00', ''),
	('00000000-0000-0000-0000-000000000000', '33ca368f-eef3-4221-83f6-5264aac47dad', '{"action":"token_revoked","actor_id":"0772beaf-9ccd-48e7-a178-f5312ab5e7e3","actor_name":"Raihan Sharif","actor_username":"raihan.raju@gmail.com","actor_via_sso":false,"log_type":"token"}', '2025-08-21 18:03:10.883572+00', ''),
	('00000000-0000-0000-0000-000000000000', '10f8d606-833f-4f42-a97f-72ca092193ac', '{"action":"token_refreshed","actor_id":"0772beaf-9ccd-48e7-a178-f5312ab5e7e3","actor_name":"Raihan Sharif","actor_username":"raihan.raju@gmail.com","actor_via_sso":false,"log_type":"token"}', '2025-08-22 05:53:33.076644+00', ''),
	('00000000-0000-0000-0000-000000000000', 'acf21a16-ccbf-481c-9f3c-406b43c0f342', '{"action":"token_revoked","actor_id":"0772beaf-9ccd-48e7-a178-f5312ab5e7e3","actor_name":"Raihan Sharif","actor_username":"raihan.raju@gmail.com","actor_via_sso":false,"log_type":"token"}', '2025-08-22 05:53:33.110357+00', ''),
	('00000000-0000-0000-0000-000000000000', '4daa3808-0c15-4353-8e63-1e969675486c', '{"action":"login","actor_id":"0772beaf-9ccd-48e7-a178-f5312ab5e7e3","actor_name":"Raihan Sharif","actor_username":"raihan.raju@gmail.com","actor_via_sso":false,"log_type":"account","traits":{"provider":"email"}}', '2025-08-22 05:54:24.237235+00', ''),
	('00000000-0000-0000-0000-000000000000', '0ac63e49-4d8e-4fae-8e26-2320303005ea', '{"action":"token_refreshed","actor_id":"0772beaf-9ccd-48e7-a178-f5312ab5e7e3","actor_name":"Raihan Sharif","actor_username":"raihan.raju@gmail.com","actor_via_sso":false,"log_type":"token"}', '2025-08-22 06:52:43.122379+00', ''),
	('00000000-0000-0000-0000-000000000000', '87e8da14-46be-4374-ac07-61ef1bfd7997', '{"action":"token_revoked","actor_id":"0772beaf-9ccd-48e7-a178-f5312ab5e7e3","actor_name":"Raihan Sharif","actor_username":"raihan.raju@gmail.com","actor_via_sso":false,"log_type":"token"}', '2025-08-22 06:52:43.133932+00', ''),
	('00000000-0000-0000-0000-000000000000', 'dae8082d-9c2c-4898-9a46-eef66b84ce06', '{"action":"token_refreshed","actor_id":"0772beaf-9ccd-48e7-a178-f5312ab5e7e3","actor_name":"Raihan Sharif","actor_username":"raihan.raju@gmail.com","actor_via_sso":false,"log_type":"token"}', '2025-08-22 06:52:43.189635+00', ''),
	('00000000-0000-0000-0000-000000000000', 'f2472da2-0ca1-4f76-82c9-cf2275ff8b58', '{"action":"login","actor_id":"0772beaf-9ccd-48e7-a178-f5312ab5e7e3","actor_name":"Raihan Sharif","actor_username":"raihan.raju@gmail.com","actor_via_sso":false,"log_type":"account","traits":{"provider":"email"}}', '2025-08-22 08:08:12.885471+00', ''),
	('00000000-0000-0000-0000-000000000000', '996dbbb0-544c-41a9-b6ca-9c32a64bf189', '{"action":"token_refreshed","actor_id":"0772beaf-9ccd-48e7-a178-f5312ab5e7e3","actor_name":"Raihan Sharif","actor_username":"raihan.raju@gmail.com","actor_via_sso":false,"log_type":"token"}', '2025-08-22 08:23:44.961098+00', ''),
	('00000000-0000-0000-0000-000000000000', '10e780de-e2b9-4e40-b8d3-5c814f1bfd0a', '{"action":"token_revoked","actor_id":"0772beaf-9ccd-48e7-a178-f5312ab5e7e3","actor_name":"Raihan Sharif","actor_username":"raihan.raju@gmail.com","actor_via_sso":false,"log_type":"token"}', '2025-08-22 08:23:44.984827+00', ''),
	('00000000-0000-0000-0000-000000000000', '7ee7c030-2bff-4fc6-a10d-609606c4c846', '{"action":"token_refreshed","actor_id":"0772beaf-9ccd-48e7-a178-f5312ab5e7e3","actor_name":"Raihan Sharif","actor_username":"raihan.raju@gmail.com","actor_via_sso":false,"log_type":"token"}', '2025-08-22 09:07:16.362842+00', ''),
	('00000000-0000-0000-0000-000000000000', '5889b329-f08b-4280-b6ad-fb7a67542a1b', '{"action":"token_revoked","actor_id":"0772beaf-9ccd-48e7-a178-f5312ab5e7e3","actor_name":"Raihan Sharif","actor_username":"raihan.raju@gmail.com","actor_via_sso":false,"log_type":"token"}', '2025-08-22 09:07:16.377284+00', ''),
	('00000000-0000-0000-0000-000000000000', '73131b28-f931-41ba-b12a-aee29f910afa', '{"action":"token_refreshed","actor_id":"0772beaf-9ccd-48e7-a178-f5312ab5e7e3","actor_name":"Raihan Sharif","actor_username":"raihan.raju@gmail.com","actor_via_sso":false,"log_type":"token"}', '2025-08-22 09:22:27.16756+00', ''),
	('00000000-0000-0000-0000-000000000000', '743f854b-3c60-461b-b06b-7bad13f33261', '{"action":"token_revoked","actor_id":"0772beaf-9ccd-48e7-a178-f5312ab5e7e3","actor_name":"Raihan Sharif","actor_username":"raihan.raju@gmail.com","actor_via_sso":false,"log_type":"token"}', '2025-08-22 09:22:27.18296+00', ''),
	('00000000-0000-0000-0000-000000000000', '4e1a5547-831d-4abe-856e-1ef92ffb39a1', '{"action":"token_refreshed","actor_id":"0772beaf-9ccd-48e7-a178-f5312ab5e7e3","actor_name":"Raihan Sharif","actor_username":"raihan.raju@gmail.com","actor_via_sso":false,"log_type":"token"}', '2025-08-22 15:28:13.15278+00', ''),
	('00000000-0000-0000-0000-000000000000', '3e187dc3-0f8d-4181-9450-71d5479cfe38', '{"action":"token_revoked","actor_id":"0772beaf-9ccd-48e7-a178-f5312ab5e7e3","actor_name":"Raihan Sharif","actor_username":"raihan.raju@gmail.com","actor_via_sso":false,"log_type":"token"}', '2025-08-22 15:28:13.179261+00', ''),
	('00000000-0000-0000-0000-000000000000', '55792b5d-128d-4aef-bf8f-a80e673f0386', '{"action":"token_refreshed","actor_id":"0772beaf-9ccd-48e7-a178-f5312ab5e7e3","actor_name":"Raihan Sharif","actor_username":"raihan.raju@gmail.com","actor_via_sso":false,"log_type":"token"}', '2025-08-22 16:38:06.552141+00', ''),
	('00000000-0000-0000-0000-000000000000', '50c56db1-ee4c-48b8-b1ae-0a4f1eb7478f', '{"action":"token_revoked","actor_id":"0772beaf-9ccd-48e7-a178-f5312ab5e7e3","actor_name":"Raihan Sharif","actor_username":"raihan.raju@gmail.com","actor_via_sso":false,"log_type":"token"}', '2025-08-22 16:38:06.572871+00', ''),
	('00000000-0000-0000-0000-000000000000', 'e45074e2-4bd3-41c8-b660-9962e105aefd', '{"action":"token_refreshed","actor_id":"0772beaf-9ccd-48e7-a178-f5312ab5e7e3","actor_name":"Raihan Sharif","actor_username":"raihan.raju@gmail.com","actor_via_sso":false,"log_type":"token"}', '2025-08-23 06:53:58.950082+00', ''),
	('00000000-0000-0000-0000-000000000000', '6c33ad8b-ed2e-47b9-9939-96d105522526', '{"action":"token_revoked","actor_id":"0772beaf-9ccd-48e7-a178-f5312ab5e7e3","actor_name":"Raihan Sharif","actor_username":"raihan.raju@gmail.com","actor_via_sso":false,"log_type":"token"}', '2025-08-23 06:53:58.97926+00', ''),
	('00000000-0000-0000-0000-000000000000', '426e6c86-3de9-424e-9c11-d343a2689052', '{"action":"login","actor_id":"0772beaf-9ccd-48e7-a178-f5312ab5e7e3","actor_name":"Raihan Sharif","actor_username":"raihan.raju@gmail.com","actor_via_sso":false,"log_type":"account","traits":{"provider":"email"}}', '2025-08-23 06:55:34.088484+00', ''),
	('00000000-0000-0000-0000-000000000000', '08808505-a532-405e-81f2-c42fdc466fa4', '{"action":"token_refreshed","actor_id":"0772beaf-9ccd-48e7-a178-f5312ab5e7e3","actor_name":"Raihan Sharif","actor_username":"raihan.raju@gmail.com","actor_via_sso":false,"log_type":"token"}', '2025-08-23 09:17:54.546063+00', ''),
	('00000000-0000-0000-0000-000000000000', 'fd56985c-0109-47ab-be25-e44ef6eeb802', '{"action":"token_revoked","actor_id":"0772beaf-9ccd-48e7-a178-f5312ab5e7e3","actor_name":"Raihan Sharif","actor_username":"raihan.raju@gmail.com","actor_via_sso":false,"log_type":"token"}', '2025-08-23 09:17:54.565579+00', ''),
	('00000000-0000-0000-0000-000000000000', '0ea37383-a332-4dba-89ed-c4066e7ea89e', '{"action":"logout","actor_id":"0772beaf-9ccd-48e7-a178-f5312ab5e7e3","actor_name":"Raihan Sharif","actor_username":"raihan.raju@gmail.com","actor_via_sso":false,"log_type":"account"}', '2025-08-23 09:19:18.216109+00', ''),
	('00000000-0000-0000-0000-000000000000', '31392087-3977-4ed8-b7e4-b12a1f4026f4', '{"action":"login","actor_id":"0772beaf-9ccd-48e7-a178-f5312ab5e7e3","actor_name":"Raihan Sharif","actor_username":"raihan.raju@gmail.com","actor_via_sso":false,"log_type":"account","traits":{"provider":"email"}}', '2025-08-23 09:19:40.141562+00', ''),
	('00000000-0000-0000-0000-000000000000', '8b2b013e-84aa-4107-bfe1-68e7bfcd256b', '{"action":"token_refreshed","actor_id":"0772beaf-9ccd-48e7-a178-f5312ab5e7e3","actor_name":"Raihan Sharif","actor_username":"raihan.raju@gmail.com","actor_via_sso":false,"log_type":"token"}', '2025-08-23 10:17:43.40146+00', ''),
	('00000000-0000-0000-0000-000000000000', '85a46f20-72b4-4af7-b48f-f0b2e98a9296', '{"action":"token_revoked","actor_id":"0772beaf-9ccd-48e7-a178-f5312ab5e7e3","actor_name":"Raihan Sharif","actor_username":"raihan.raju@gmail.com","actor_via_sso":false,"log_type":"token"}', '2025-08-23 10:17:43.41277+00', ''),
	('00000000-0000-0000-0000-000000000000', 'f5dbdc4e-8684-4929-a8ad-aa35651770ad', '{"action":"token_refreshed","actor_id":"0772beaf-9ccd-48e7-a178-f5312ab5e7e3","actor_name":"Raihan Sharif","actor_username":"raihan.raju@gmail.com","actor_via_sso":false,"log_type":"token"}', '2025-08-23 11:40:52.339864+00', ''),
	('00000000-0000-0000-0000-000000000000', 'b28a9766-6a80-445b-ba1f-76d56f9a978f', '{"action":"token_revoked","actor_id":"0772beaf-9ccd-48e7-a178-f5312ab5e7e3","actor_name":"Raihan Sharif","actor_username":"raihan.raju@gmail.com","actor_via_sso":false,"log_type":"token"}', '2025-08-23 11:40:52.364156+00', ''),
	('00000000-0000-0000-0000-000000000000', 'a000851a-fc74-43bb-80fd-c54874bd9ba5', '{"action":"login","actor_id":"0772beaf-9ccd-48e7-a178-f5312ab5e7e3","actor_name":"Raihan Sharif","actor_username":"raihan.raju@gmail.com","actor_via_sso":false,"log_type":"account","traits":{"provider":"email"}}', '2025-08-23 16:09:51.216125+00', ''),
	('00000000-0000-0000-0000-000000000000', '9a801ae6-ab4c-4ec6-b35a-ec3ded4338dd', '{"action":"token_refreshed","actor_id":"0772beaf-9ccd-48e7-a178-f5312ab5e7e3","actor_name":"Raihan Sharif","actor_username":"raihan.raju@gmail.com","actor_via_sso":false,"log_type":"token"}', '2025-08-23 16:23:12.036976+00', ''),
	('00000000-0000-0000-0000-000000000000', 'a5050933-0836-4cc1-bf4b-3cfdcbcbd1e5', '{"action":"token_revoked","actor_id":"0772beaf-9ccd-48e7-a178-f5312ab5e7e3","actor_name":"Raihan Sharif","actor_username":"raihan.raju@gmail.com","actor_via_sso":false,"log_type":"token"}', '2025-08-23 16:23:12.052886+00', ''),
	('00000000-0000-0000-0000-000000000000', '298a7ff3-35d1-4f60-823b-953ba5b4aac2', '{"action":"login","actor_id":"0772beaf-9ccd-48e7-a178-f5312ab5e7e3","actor_name":"Raihan Sharif","actor_username":"raihan.raju@gmail.com","actor_via_sso":false,"log_type":"account","traits":{"provider":"email"}}', '2025-08-23 16:52:05.157247+00', ''),
	('00000000-0000-0000-0000-000000000000', '7d595759-4b07-484e-8093-28be9babf355', '{"action":"token_refreshed","actor_id":"0772beaf-9ccd-48e7-a178-f5312ab5e7e3","actor_name":"Raihan Sharif","actor_username":"raihan.raju@gmail.com","actor_via_sso":false,"log_type":"token"}', '2025-08-23 17:52:27.035654+00', ''),
	('00000000-0000-0000-0000-000000000000', '6f90e0df-8a8a-490b-b7a0-469ce3b22c2b', '{"action":"token_revoked","actor_id":"0772beaf-9ccd-48e7-a178-f5312ab5e7e3","actor_name":"Raihan Sharif","actor_username":"raihan.raju@gmail.com","actor_via_sso":false,"log_type":"token"}', '2025-08-23 17:52:27.059723+00', ''),
	('00000000-0000-0000-0000-000000000000', '770a59ae-c48e-4c56-a4d0-4821b2d94c22', '{"action":"login","actor_id":"0772beaf-9ccd-48e7-a178-f5312ab5e7e3","actor_name":"Raihan Sharif","actor_username":"raihan.raju@gmail.com","actor_via_sso":false,"log_type":"account","traits":{"provider":"email"}}', '2025-08-23 17:53:04.346088+00', ''),
	('00000000-0000-0000-0000-000000000000', '14199eb3-316b-4927-82ab-b1799ce0805e', '{"action":"login","actor_id":"0772beaf-9ccd-48e7-a178-f5312ab5e7e3","actor_name":"Raihan Sharif","actor_username":"raihan.raju@gmail.com","actor_via_sso":false,"log_type":"account","traits":{"provider":"email"}}', '2025-08-24 04:50:10.187513+00', ''),
	('00000000-0000-0000-0000-000000000000', '5997127c-c894-49b7-9052-9e49c2fc48b1', '{"action":"logout","actor_id":"0772beaf-9ccd-48e7-a178-f5312ab5e7e3","actor_name":"Raihan Sharif","actor_username":"raihan.raju@gmail.com","actor_via_sso":false,"log_type":"account"}', '2025-08-24 04:50:17.923982+00', ''),
	('00000000-0000-0000-0000-000000000000', '8155d730-3e5a-46ca-9d65-bc1efe143d01', '{"action":"login","actor_id":"0772beaf-9ccd-48e7-a178-f5312ab5e7e3","actor_name":"Raihan Sharif","actor_username":"raihan.raju@gmail.com","actor_via_sso":false,"log_type":"account","traits":{"provider":"email"}}', '2025-08-24 04:50:41.288854+00', ''),
	('00000000-0000-0000-0000-000000000000', '7421df63-5ec6-43fa-a54d-6d2a602afa2b', '{"action":"login","actor_id":"0772beaf-9ccd-48e7-a178-f5312ab5e7e3","actor_name":"Raihan Sharif","actor_username":"raihan.raju@gmail.com","actor_via_sso":false,"log_type":"account","traits":{"provider":"email"}}', '2025-08-24 06:12:38.892719+00', ''),
	('00000000-0000-0000-0000-000000000000', 'a4060ce1-0afb-4dd9-b735-415fa923594d', '{"action":"token_refreshed","actor_id":"0772beaf-9ccd-48e7-a178-f5312ab5e7e3","actor_name":"Raihan Sharif","actor_username":"raihan.raju@gmail.com","actor_via_sso":false,"log_type":"token"}', '2025-08-24 07:40:05.322656+00', ''),
	('00000000-0000-0000-0000-000000000000', 'e31bae2c-2f86-4d85-b14d-93779c240048', '{"action":"token_revoked","actor_id":"0772beaf-9ccd-48e7-a178-f5312ab5e7e3","actor_name":"Raihan Sharif","actor_username":"raihan.raju@gmail.com","actor_via_sso":false,"log_type":"token"}', '2025-08-24 07:40:05.347423+00', ''),
	('00000000-0000-0000-0000-000000000000', 'd138765c-3c5a-4609-ae14-56ea78e6b162', '{"action":"token_refreshed","actor_id":"0772beaf-9ccd-48e7-a178-f5312ab5e7e3","actor_name":"Raihan Sharif","actor_username":"raihan.raju@gmail.com","actor_via_sso":false,"log_type":"token"}', '2025-08-24 08:04:27.936166+00', ''),
	('00000000-0000-0000-0000-000000000000', '08b87305-fffe-4a7b-962d-9b7b68c6a38f', '{"action":"token_revoked","actor_id":"0772beaf-9ccd-48e7-a178-f5312ab5e7e3","actor_name":"Raihan Sharif","actor_username":"raihan.raju@gmail.com","actor_via_sso":false,"log_type":"token"}', '2025-08-24 08:04:27.9421+00', ''),
	('00000000-0000-0000-0000-000000000000', '95e6aeee-2ff5-4d0a-b11a-5ef7c0b9b479', '{"action":"token_refreshed","actor_id":"0772beaf-9ccd-48e7-a178-f5312ab5e7e3","actor_name":"Raihan Sharif","actor_username":"raihan.raju@gmail.com","actor_via_sso":false,"log_type":"token"}', '2025-08-24 09:20:19.870552+00', ''),
	('00000000-0000-0000-0000-000000000000', 'e7dd2de3-9f7a-4066-8c23-bb05f1038675', '{"action":"token_revoked","actor_id":"0772beaf-9ccd-48e7-a178-f5312ab5e7e3","actor_name":"Raihan Sharif","actor_username":"raihan.raju@gmail.com","actor_via_sso":false,"log_type":"token"}', '2025-08-24 09:20:19.878748+00', ''),
	('00000000-0000-0000-0000-000000000000', '8a1b7634-54db-4ce2-bd1b-fca2d15f14a8', '{"action":"token_refreshed","actor_id":"0772beaf-9ccd-48e7-a178-f5312ab5e7e3","actor_name":"Raihan Sharif","actor_username":"raihan.raju@gmail.com","actor_via_sso":false,"log_type":"token"}', '2025-08-24 09:37:40.829987+00', ''),
	('00000000-0000-0000-0000-000000000000', '410a8594-df8c-43b6-b865-03196681c060', '{"action":"token_revoked","actor_id":"0772beaf-9ccd-48e7-a178-f5312ab5e7e3","actor_name":"Raihan Sharif","actor_username":"raihan.raju@gmail.com","actor_via_sso":false,"log_type":"token"}', '2025-08-24 09:37:40.85232+00', ''),
	('00000000-0000-0000-0000-000000000000', '796f47af-a071-4427-a0bb-6830b5cf2c1f', '{"action":"token_refreshed","actor_id":"0772beaf-9ccd-48e7-a178-f5312ab5e7e3","actor_name":"Raihan Sharif","actor_username":"raihan.raju@gmail.com","actor_via_sso":false,"log_type":"token"}', '2025-08-24 11:14:26.850143+00', ''),
	('00000000-0000-0000-0000-000000000000', '0fd64977-a8ef-4c47-92fa-bb2510552222', '{"action":"token_revoked","actor_id":"0772beaf-9ccd-48e7-a178-f5312ab5e7e3","actor_name":"Raihan Sharif","actor_username":"raihan.raju@gmail.com","actor_via_sso":false,"log_type":"token"}', '2025-08-24 11:14:26.87583+00', ''),
	('00000000-0000-0000-0000-000000000000', '6dc7b020-e4e0-437d-8151-a103b88d2e25', '{"action":"login","actor_id":"0772beaf-9ccd-48e7-a178-f5312ab5e7e3","actor_name":"Raihan Sharif","actor_username":"raihan.raju@gmail.com","actor_via_sso":false,"log_type":"account","traits":{"provider":"email"}}', '2025-08-24 14:56:37.978333+00', ''),
	('00000000-0000-0000-0000-000000000000', '0d8c9b3d-89b2-4dab-b535-a37c682b2b30', '{"action":"login","actor_id":"0772beaf-9ccd-48e7-a178-f5312ab5e7e3","actor_name":"Raihan Sharif","actor_username":"raihan.raju@gmail.com","actor_via_sso":false,"log_type":"account","traits":{"provider":"email"}}', '2025-08-24 15:57:24.011025+00', ''),
	('00000000-0000-0000-0000-000000000000', 'a2d6a22a-f674-4883-bc26-3df119ba89e9', '{"action":"token_refreshed","actor_id":"0772beaf-9ccd-48e7-a178-f5312ab5e7e3","actor_name":"Raihan Sharif","actor_username":"raihan.raju@gmail.com","actor_via_sso":false,"log_type":"token"}', '2025-08-24 16:55:31.616778+00', ''),
	('00000000-0000-0000-0000-000000000000', 'ea4a0b13-68ec-4106-814c-f40c6d5bb987', '{"action":"token_revoked","actor_id":"0772beaf-9ccd-48e7-a178-f5312ab5e7e3","actor_name":"Raihan Sharif","actor_username":"raihan.raju@gmail.com","actor_via_sso":false,"log_type":"token"}', '2025-08-24 16:55:31.635239+00', ''),
	('00000000-0000-0000-0000-000000000000', '4ca8cc36-d2cc-41df-9332-69825a8766f8', '{"action":"token_refreshed","actor_id":"0772beaf-9ccd-48e7-a178-f5312ab5e7e3","actor_name":"Raihan Sharif","actor_username":"raihan.raju@gmail.com","actor_via_sso":false,"log_type":"token"}', '2025-08-24 18:01:12.955992+00', ''),
	('00000000-0000-0000-0000-000000000000', '5ec192fd-ee56-41f6-b9f7-92b2f71ae047', '{"action":"token_revoked","actor_id":"0772beaf-9ccd-48e7-a178-f5312ab5e7e3","actor_name":"Raihan Sharif","actor_username":"raihan.raju@gmail.com","actor_via_sso":false,"log_type":"token"}', '2025-08-24 18:01:12.968202+00', ''),
	('00000000-0000-0000-0000-000000000000', 'cc9c5034-206c-49bc-bb47-9ee468ff7147', '{"action":"token_refreshed","actor_id":"0772beaf-9ccd-48e7-a178-f5312ab5e7e3","actor_name":"Raihan Sharif","actor_username":"raihan.raju@gmail.com","actor_via_sso":false,"log_type":"token"}', '2025-08-25 03:37:28.33243+00', ''),
	('00000000-0000-0000-0000-000000000000', '243190d7-6311-46e8-ae1b-7b5fdb407652', '{"action":"token_revoked","actor_id":"0772beaf-9ccd-48e7-a178-f5312ab5e7e3","actor_name":"Raihan Sharif","actor_username":"raihan.raju@gmail.com","actor_via_sso":false,"log_type":"token"}', '2025-08-25 03:37:28.362022+00', ''),
	('00000000-0000-0000-0000-000000000000', '3e179033-5f75-4c38-b309-050a9530adb1', '{"action":"token_refreshed","actor_id":"0772beaf-9ccd-48e7-a178-f5312ab5e7e3","actor_name":"Raihan Sharif","actor_username":"raihan.raju@gmail.com","actor_via_sso":false,"log_type":"token"}', '2025-08-25 04:04:12.928908+00', ''),
	('00000000-0000-0000-0000-000000000000', '113c061d-924d-467e-be25-499327f22b06', '{"action":"token_revoked","actor_id":"0772beaf-9ccd-48e7-a178-f5312ab5e7e3","actor_name":"Raihan Sharif","actor_username":"raihan.raju@gmail.com","actor_via_sso":false,"log_type":"token"}', '2025-08-25 04:04:12.942797+00', ''),
	('00000000-0000-0000-0000-000000000000', '35be9b1f-25e5-4ff1-8040-1269890184ac', '{"action":"token_refreshed","actor_id":"0772beaf-9ccd-48e7-a178-f5312ab5e7e3","actor_name":"Raihan Sharif","actor_username":"raihan.raju@gmail.com","actor_via_sso":false,"log_type":"token"}', '2025-08-25 05:06:11.593702+00', ''),
	('00000000-0000-0000-0000-000000000000', '0ac1649d-6d5a-4fac-9658-04e1abed2956', '{"action":"token_revoked","actor_id":"0772beaf-9ccd-48e7-a178-f5312ab5e7e3","actor_name":"Raihan Sharif","actor_username":"raihan.raju@gmail.com","actor_via_sso":false,"log_type":"token"}', '2025-08-25 05:06:11.609126+00', ''),
	('00000000-0000-0000-0000-000000000000', '5a167b1a-89ff-4aa4-8530-aea80aeab155', '{"action":"token_refreshed","actor_id":"0772beaf-9ccd-48e7-a178-f5312ab5e7e3","actor_name":"Raihan Sharif","actor_username":"raihan.raju@gmail.com","actor_via_sso":false,"log_type":"token"}', '2025-08-25 10:17:58.620117+00', ''),
	('00000000-0000-0000-0000-000000000000', 'c43d0143-d681-4a90-ad1e-68cc7a3a4a93', '{"action":"token_revoked","actor_id":"0772beaf-9ccd-48e7-a178-f5312ab5e7e3","actor_name":"Raihan Sharif","actor_username":"raihan.raju@gmail.com","actor_via_sso":false,"log_type":"token"}', '2025-08-25 10:17:58.64435+00', ''),
	('00000000-0000-0000-0000-000000000000', 'f1eb21dd-a13d-4901-8137-308a451b8648', '{"action":"token_refreshed","actor_id":"0772beaf-9ccd-48e7-a178-f5312ab5e7e3","actor_name":"Raihan Sharif","actor_username":"raihan.raju@gmail.com","actor_via_sso":false,"log_type":"token"}', '2025-08-25 17:55:03.299069+00', ''),
	('00000000-0000-0000-0000-000000000000', 'fdb8bd1f-22f1-45e9-897a-333455c7a882', '{"action":"token_revoked","actor_id":"0772beaf-9ccd-48e7-a178-f5312ab5e7e3","actor_name":"Raihan Sharif","actor_username":"raihan.raju@gmail.com","actor_via_sso":false,"log_type":"token"}', '2025-08-25 17:55:03.332985+00', ''),
	('00000000-0000-0000-0000-000000000000', '77f7b128-b20c-4dc1-8630-041302fbeaaf', '{"action":"token_refreshed","actor_id":"0772beaf-9ccd-48e7-a178-f5312ab5e7e3","actor_name":"Raihan Sharif","actor_username":"raihan.raju@gmail.com","actor_via_sso":false,"log_type":"token"}', '2025-08-26 05:08:23.237899+00', ''),
	('00000000-0000-0000-0000-000000000000', '585b3e1d-c6ca-426c-8486-cccf17dc3437', '{"action":"token_revoked","actor_id":"0772beaf-9ccd-48e7-a178-f5312ab5e7e3","actor_name":"Raihan Sharif","actor_username":"raihan.raju@gmail.com","actor_via_sso":false,"log_type":"token"}', '2025-08-26 05:08:23.27706+00', ''),
	('00000000-0000-0000-0000-000000000000', 'f225258f-2f49-4063-8c1e-875d5339140e', '{"action":"token_refreshed","actor_id":"0772beaf-9ccd-48e7-a178-f5312ab5e7e3","actor_name":"Raihan Sharif","actor_username":"raihan.raju@gmail.com","actor_via_sso":false,"log_type":"token"}', '2025-08-26 06:14:39.815446+00', ''),
	('00000000-0000-0000-0000-000000000000', '0e59f773-540f-4386-8ad1-22c3fb6b0e61', '{"action":"token_revoked","actor_id":"0772beaf-9ccd-48e7-a178-f5312ab5e7e3","actor_name":"Raihan Sharif","actor_username":"raihan.raju@gmail.com","actor_via_sso":false,"log_type":"token"}', '2025-08-26 06:14:39.840432+00', ''),
	('00000000-0000-0000-0000-000000000000', 'd609af18-ac9c-4128-a959-219e79496519', '{"action":"token_refreshed","actor_id":"0772beaf-9ccd-48e7-a178-f5312ab5e7e3","actor_name":"Raihan Sharif","actor_username":"raihan.raju@gmail.com","actor_via_sso":false,"log_type":"token"}', '2025-08-26 07:13:11.766326+00', ''),
	('00000000-0000-0000-0000-000000000000', 'b09f6127-2c09-484d-a39c-9df01cecb94c', '{"action":"token_revoked","actor_id":"0772beaf-9ccd-48e7-a178-f5312ab5e7e3","actor_name":"Raihan Sharif","actor_username":"raihan.raju@gmail.com","actor_via_sso":false,"log_type":"token"}', '2025-08-26 07:13:11.789286+00', ''),
	('00000000-0000-0000-0000-000000000000', 'a3cb4026-babc-4368-8fb8-b811583dd500', '{"action":"token_refreshed","actor_id":"0772beaf-9ccd-48e7-a178-f5312ab5e7e3","actor_name":"Raihan Sharif","actor_username":"raihan.raju@gmail.com","actor_via_sso":false,"log_type":"token"}', '2025-08-26 08:30:00.78156+00', ''),
	('00000000-0000-0000-0000-000000000000', 'ba512989-9950-423e-9339-39a319ac6a91', '{"action":"token_revoked","actor_id":"0772beaf-9ccd-48e7-a178-f5312ab5e7e3","actor_name":"Raihan Sharif","actor_username":"raihan.raju@gmail.com","actor_via_sso":false,"log_type":"token"}', '2025-08-26 08:30:00.798375+00', ''),
	('00000000-0000-0000-0000-000000000000', '670c8eb4-38d6-4608-98a9-323f9ed05319', '{"action":"token_refreshed","actor_id":"0772beaf-9ccd-48e7-a178-f5312ab5e7e3","actor_name":"Raihan Sharif","actor_username":"raihan.raju@gmail.com","actor_via_sso":false,"log_type":"token"}', '2025-08-26 09:28:55.359148+00', ''),
	('00000000-0000-0000-0000-000000000000', 'febbe2cb-e7c3-4e48-94da-3d62e4ea7f84', '{"action":"token_revoked","actor_id":"0772beaf-9ccd-48e7-a178-f5312ab5e7e3","actor_name":"Raihan Sharif","actor_username":"raihan.raju@gmail.com","actor_via_sso":false,"log_type":"token"}', '2025-08-26 09:28:55.375481+00', ''),
	('00000000-0000-0000-0000-000000000000', 'ef8c50c0-599a-4333-840e-f78e2c8c99e5', '{"action":"token_refreshed","actor_id":"0772beaf-9ccd-48e7-a178-f5312ab5e7e3","actor_name":"Raihan Sharif","actor_username":"raihan.raju@gmail.com","actor_via_sso":false,"log_type":"token"}', '2025-08-26 16:07:24.012709+00', ''),
	('00000000-0000-0000-0000-000000000000', '51385f7c-f194-4d1f-ab8b-639661d140dd', '{"action":"token_revoked","actor_id":"0772beaf-9ccd-48e7-a178-f5312ab5e7e3","actor_name":"Raihan Sharif","actor_username":"raihan.raju@gmail.com","actor_via_sso":false,"log_type":"token"}', '2025-08-26 16:07:24.033465+00', ''),
	('00000000-0000-0000-0000-000000000000', '3b9ba54c-b05e-4f6e-b7e4-df75b98b14f6', '{"action":"token_refreshed","actor_id":"0772beaf-9ccd-48e7-a178-f5312ab5e7e3","actor_name":"Raihan Sharif","actor_username":"raihan.raju@gmail.com","actor_via_sso":false,"log_type":"token"}', '2025-08-26 16:07:25.506432+00', ''),
	('00000000-0000-0000-0000-000000000000', '677d51d3-5289-4eea-abe7-9fbb198345d6', '{"action":"token_refreshed","actor_id":"0772beaf-9ccd-48e7-a178-f5312ab5e7e3","actor_name":"Raihan Sharif","actor_username":"raihan.raju@gmail.com","actor_via_sso":false,"log_type":"token"}', '2025-08-26 17:05:42.824226+00', ''),
	('00000000-0000-0000-0000-000000000000', 'a041be9f-881f-4254-9c25-9c6502a0c19b', '{"action":"token_revoked","actor_id":"0772beaf-9ccd-48e7-a178-f5312ab5e7e3","actor_name":"Raihan Sharif","actor_username":"raihan.raju@gmail.com","actor_via_sso":false,"log_type":"token"}', '2025-08-26 17:05:42.839597+00', ''),
	('00000000-0000-0000-0000-000000000000', '64fb9870-8e46-4631-ad99-19daa6aad8eb', '{"action":"logout","actor_id":"0772beaf-9ccd-48e7-a178-f5312ab5e7e3","actor_name":"Raihan Sharif","actor_username":"raihan.raju@gmail.com","actor_via_sso":false,"log_type":"account"}', '2025-08-26 17:14:42.404198+00', ''),
	('00000000-0000-0000-0000-000000000000', 'bbf6d8c6-b5de-4683-b179-f4823be67a47', '{"action":"login","actor_id":"0772beaf-9ccd-48e7-a178-f5312ab5e7e3","actor_name":"Raihan Sharif","actor_username":"raihan.raju@gmail.com","actor_via_sso":false,"log_type":"account","traits":{"provider":"email"}}', '2025-08-26 17:31:29.487323+00', ''),
	('00000000-0000-0000-0000-000000000000', '5111bd7b-d810-43c8-a3a4-8e83ea1e7915', '{"action":"logout","actor_id":"0772beaf-9ccd-48e7-a178-f5312ab5e7e3","actor_name":"Raihan Sharif","actor_username":"raihan.raju@gmail.com","actor_via_sso":false,"log_type":"account"}', '2025-08-26 17:38:26.558008+00', ''),
	('00000000-0000-0000-0000-000000000000', '549ff655-bb49-42f7-a105-8f42dcfa459d', '{"action":"login","actor_id":"0772beaf-9ccd-48e7-a178-f5312ab5e7e3","actor_name":"Raihan Sharif","actor_username":"raihan.raju@gmail.com","actor_via_sso":false,"log_type":"account","traits":{"provider":"email"}}', '2025-08-26 17:56:10.254482+00', ''),
	('00000000-0000-0000-0000-000000000000', '414b102d-ca4d-4c4e-9274-bfeb024f7b70', '{"action":"login","actor_id":"0772beaf-9ccd-48e7-a178-f5312ab5e7e3","actor_name":"Raihan Sharif","actor_username":"raihan.raju@gmail.com","actor_via_sso":false,"log_type":"account","traits":{"provider":"email"}}', '2025-08-27 08:09:00.69898+00', ''),
	('00000000-0000-0000-0000-000000000000', '9c2e8836-9c4e-408f-af57-38924d0329a6', '{"action":"token_refreshed","actor_id":"0772beaf-9ccd-48e7-a178-f5312ab5e7e3","actor_name":"Raihan Sharif","actor_username":"raihan.raju@gmail.com","actor_via_sso":false,"log_type":"token"}', '2025-08-27 09:10:30.222591+00', ''),
	('00000000-0000-0000-0000-000000000000', '0b4eafdc-838e-4b9f-8360-a4f1be8ebadd', '{"action":"token_revoked","actor_id":"0772beaf-9ccd-48e7-a178-f5312ab5e7e3","actor_name":"Raihan Sharif","actor_username":"raihan.raju@gmail.com","actor_via_sso":false,"log_type":"token"}', '2025-08-27 09:10:30.247231+00', ''),
	('00000000-0000-0000-0000-000000000000', '5e9f0d6b-9997-4ee9-a5e9-18170051893d', '{"action":"token_refreshed","actor_id":"0772beaf-9ccd-48e7-a178-f5312ab5e7e3","actor_name":"Raihan Sharif","actor_username":"raihan.raju@gmail.com","actor_via_sso":false,"log_type":"token"}', '2025-08-27 10:09:22.159552+00', ''),
	('00000000-0000-0000-0000-000000000000', 'f7e6160a-2b07-49dd-b37d-69cd6bdd7e88', '{"action":"token_revoked","actor_id":"0772beaf-9ccd-48e7-a178-f5312ab5e7e3","actor_name":"Raihan Sharif","actor_username":"raihan.raju@gmail.com","actor_via_sso":false,"log_type":"token"}', '2025-08-27 10:09:22.17914+00', ''),
	('00000000-0000-0000-0000-000000000000', 'c9eaf8e6-823a-482f-b78f-3b550d476054', '{"action":"token_refreshed","actor_id":"0772beaf-9ccd-48e7-a178-f5312ab5e7e3","actor_name":"Raihan Sharif","actor_username":"raihan.raju@gmail.com","actor_via_sso":false,"log_type":"token"}', '2025-08-27 11:20:40.34426+00', ''),
	('00000000-0000-0000-0000-000000000000', '8689d54a-a4de-42c6-b604-3d21451ea6a3', '{"action":"token_revoked","actor_id":"0772beaf-9ccd-48e7-a178-f5312ab5e7e3","actor_name":"Raihan Sharif","actor_username":"raihan.raju@gmail.com","actor_via_sso":false,"log_type":"token"}', '2025-08-27 11:20:40.360229+00', ''),
	('00000000-0000-0000-0000-000000000000', '7416ab23-88d0-42cd-b06f-8e0c50b62822', '{"action":"token_refreshed","actor_id":"0772beaf-9ccd-48e7-a178-f5312ab5e7e3","actor_name":"Raihan Sharif","actor_username":"raihan.raju@gmail.com","actor_via_sso":false,"log_type":"token"}', '2025-08-27 13:37:32.464784+00', ''),
	('00000000-0000-0000-0000-000000000000', 'afd9bb99-594e-47b2-9848-96f3f575e794', '{"action":"token_revoked","actor_id":"0772beaf-9ccd-48e7-a178-f5312ab5e7e3","actor_name":"Raihan Sharif","actor_username":"raihan.raju@gmail.com","actor_via_sso":false,"log_type":"token"}', '2025-08-27 13:37:32.489241+00', ''),
	('00000000-0000-0000-0000-000000000000', 'f8845ad8-cc6c-4294-a2d9-f7dba58194bb', '{"action":"login","actor_id":"0772beaf-9ccd-48e7-a178-f5312ab5e7e3","actor_name":"Raihan Sharif","actor_username":"raihan.raju@gmail.com","actor_via_sso":false,"log_type":"account","traits":{"provider":"email"}}', '2025-08-27 13:38:29.75958+00', ''),
	('00000000-0000-0000-0000-000000000000', 'ea703ed7-800a-4143-8b84-f7fe68df0302', '{"action":"token_refreshed","actor_id":"0772beaf-9ccd-48e7-a178-f5312ab5e7e3","actor_name":"Raihan Sharif","actor_username":"raihan.raju@gmail.com","actor_via_sso":false,"log_type":"token"}', '2025-08-27 14:42:11.818452+00', ''),
	('00000000-0000-0000-0000-000000000000', 'dfccdb97-7d3d-40f6-9d76-914de2810f54', '{"action":"token_revoked","actor_id":"0772beaf-9ccd-48e7-a178-f5312ab5e7e3","actor_name":"Raihan Sharif","actor_username":"raihan.raju@gmail.com","actor_via_sso":false,"log_type":"token"}', '2025-08-27 14:42:11.833792+00', ''),
	('00000000-0000-0000-0000-000000000000', 'bb9cbc57-7a59-4c1c-a94e-7e1592468223', '{"action":"token_refreshed","actor_id":"0772beaf-9ccd-48e7-a178-f5312ab5e7e3","actor_name":"Raihan Sharif","actor_username":"raihan.raju@gmail.com","actor_via_sso":false,"log_type":"token"}', '2025-08-27 15:40:19.376596+00', ''),
	('00000000-0000-0000-0000-000000000000', '04583b3d-1ea8-4da3-a916-53986bda1daf', '{"action":"token_revoked","actor_id":"0772beaf-9ccd-48e7-a178-f5312ab5e7e3","actor_name":"Raihan Sharif","actor_username":"raihan.raju@gmail.com","actor_via_sso":false,"log_type":"token"}', '2025-08-27 15:40:19.386019+00', ''),
	('00000000-0000-0000-0000-000000000000', '24e18791-9179-4a48-9fe4-1085fffdec69', '{"action":"login","actor_id":"0772beaf-9ccd-48e7-a178-f5312ab5e7e3","actor_name":"Raihan Sharif","actor_username":"raihan.raju@gmail.com","actor_via_sso":false,"log_type":"account","traits":{"provider":"email"}}', '2025-08-27 16:00:18.078207+00', ''),
	('00000000-0000-0000-0000-000000000000', 'd137d666-d208-46f9-b232-5dc31debcdc8', '{"action":"token_refreshed","actor_id":"0772beaf-9ccd-48e7-a178-f5312ab5e7e3","actor_name":"Raihan Sharif","actor_username":"raihan.raju@gmail.com","actor_via_sso":false,"log_type":"token"}', '2025-08-27 16:38:48.367339+00', ''),
	('00000000-0000-0000-0000-000000000000', '59c9aacf-da1e-4ea9-b3ad-42fcbec1bc85', '{"action":"token_revoked","actor_id":"0772beaf-9ccd-48e7-a178-f5312ab5e7e3","actor_name":"Raihan Sharif","actor_username":"raihan.raju@gmail.com","actor_via_sso":false,"log_type":"token"}', '2025-08-27 16:38:48.390858+00', ''),
	('00000000-0000-0000-0000-000000000000', '735ee549-8f46-42f1-b27f-4b764c0bae59', '{"action":"token_refreshed","actor_id":"0772beaf-9ccd-48e7-a178-f5312ab5e7e3","actor_name":"Raihan Sharif","actor_username":"raihan.raju@gmail.com","actor_via_sso":false,"log_type":"token"}', '2025-08-27 17:38:43.558021+00', ''),
	('00000000-0000-0000-0000-000000000000', 'cf84766d-7241-420d-a666-c83d5063e9ee', '{"action":"token_revoked","actor_id":"0772beaf-9ccd-48e7-a178-f5312ab5e7e3","actor_name":"Raihan Sharif","actor_username":"raihan.raju@gmail.com","actor_via_sso":false,"log_type":"token"}', '2025-08-27 17:38:43.566858+00', ''),
	('00000000-0000-0000-0000-000000000000', '09c2877c-f746-4ac5-8e0e-79db78d0a26f', '{"action":"login","actor_id":"0772beaf-9ccd-48e7-a178-f5312ab5e7e3","actor_name":"Raihan Sharif","actor_username":"raihan.raju@gmail.com","actor_via_sso":false,"log_type":"account","traits":{"provider":"email"}}', '2025-08-27 18:16:50.354675+00', ''),
	('00000000-0000-0000-0000-000000000000', 'd1fe1fb5-b25f-40fc-8292-4a2023b0960f', '{"action":"token_refreshed","actor_id":"0772beaf-9ccd-48e7-a178-f5312ab5e7e3","actor_name":"Raihan Sharif","actor_username":"raihan.raju@gmail.com","actor_via_sso":false,"log_type":"token"}', '2025-08-28 12:22:18.770048+00', ''),
	('00000000-0000-0000-0000-000000000000', '323cc148-90d1-491e-ab30-ed7ec7d44c0a', '{"action":"token_revoked","actor_id":"0772beaf-9ccd-48e7-a178-f5312ab5e7e3","actor_name":"Raihan Sharif","actor_username":"raihan.raju@gmail.com","actor_via_sso":false,"log_type":"token"}', '2025-08-28 12:22:18.794123+00', ''),
	('00000000-0000-0000-0000-000000000000', '388831e7-a020-4b00-90f5-0455e866102a', '{"action":"token_refreshed","actor_id":"0772beaf-9ccd-48e7-a178-f5312ab5e7e3","actor_name":"Raihan Sharif","actor_username":"raihan.raju@gmail.com","actor_via_sso":false,"log_type":"token"}', '2025-08-28 13:20:58.821064+00', ''),
	('00000000-0000-0000-0000-000000000000', '64072523-50b5-42e3-a9ad-f984804787cb', '{"action":"token_revoked","actor_id":"0772beaf-9ccd-48e7-a178-f5312ab5e7e3","actor_name":"Raihan Sharif","actor_username":"raihan.raju@gmail.com","actor_via_sso":false,"log_type":"token"}', '2025-08-28 13:20:58.850427+00', ''),
	('00000000-0000-0000-0000-000000000000', '189304d6-1fad-471c-84ed-e17f507e09d7', '{"action":"token_refreshed","actor_id":"0772beaf-9ccd-48e7-a178-f5312ab5e7e3","actor_name":"Raihan Sharif","actor_username":"raihan.raju@gmail.com","actor_via_sso":false,"log_type":"token"}', '2025-08-28 13:36:25.212234+00', ''),
	('00000000-0000-0000-0000-000000000000', 'bc88956a-a460-48f8-9b27-b666f89f03f8', '{"action":"token_revoked","actor_id":"0772beaf-9ccd-48e7-a178-f5312ab5e7e3","actor_name":"Raihan Sharif","actor_username":"raihan.raju@gmail.com","actor_via_sso":false,"log_type":"token"}', '2025-08-28 13:36:25.216508+00', ''),
	('00000000-0000-0000-0000-000000000000', '0ab8ef4f-a314-4de7-baca-8815e4eb259c', '{"action":"token_refreshed","actor_id":"0772beaf-9ccd-48e7-a178-f5312ab5e7e3","actor_name":"Raihan Sharif","actor_username":"raihan.raju@gmail.com","actor_via_sso":false,"log_type":"token"}', '2025-08-28 18:13:27.710958+00', ''),
	('00000000-0000-0000-0000-000000000000', '20713916-048d-407d-b7b1-8d1320ec983a', '{"action":"token_revoked","actor_id":"0772beaf-9ccd-48e7-a178-f5312ab5e7e3","actor_name":"Raihan Sharif","actor_username":"raihan.raju@gmail.com","actor_via_sso":false,"log_type":"token"}', '2025-08-28 18:13:27.735899+00', ''),
	('00000000-0000-0000-0000-000000000000', '8339cd1e-cbb7-49f9-a5ea-c5234a66a4bb', '{"action":"token_refreshed","actor_id":"0772beaf-9ccd-48e7-a178-f5312ab5e7e3","actor_name":"Raihan Sharif","actor_username":"raihan.raju@gmail.com","actor_via_sso":false,"log_type":"token"}', '2025-08-28 19:12:15.856053+00', ''),
	('00000000-0000-0000-0000-000000000000', '0b79b3de-980b-4cc0-ba06-3ffbeb31307f', '{"action":"token_revoked","actor_id":"0772beaf-9ccd-48e7-a178-f5312ab5e7e3","actor_name":"Raihan Sharif","actor_username":"raihan.raju@gmail.com","actor_via_sso":false,"log_type":"token"}', '2025-08-28 19:12:15.891153+00', ''),
	('00000000-0000-0000-0000-000000000000', '05f25fdb-fcdb-450e-b6c2-f568ebab6afe', '{"action":"token_refreshed","actor_id":"0772beaf-9ccd-48e7-a178-f5312ab5e7e3","actor_name":"Raihan Sharif","actor_username":"raihan.raju@gmail.com","actor_via_sso":false,"log_type":"token"}', '2025-08-28 19:39:15.148952+00', ''),
	('00000000-0000-0000-0000-000000000000', 'a1107c9a-5a6c-43a1-8e28-93b946f792b0', '{"action":"token_revoked","actor_id":"0772beaf-9ccd-48e7-a178-f5312ab5e7e3","actor_name":"Raihan Sharif","actor_username":"raihan.raju@gmail.com","actor_via_sso":false,"log_type":"token"}', '2025-08-28 19:39:15.162739+00', ''),
	('00000000-0000-0000-0000-000000000000', '7f31c4f9-9e73-4232-9850-9edb2c878313', '{"action":"logout","actor_id":"0772beaf-9ccd-48e7-a178-f5312ab5e7e3","actor_name":"Raihan Sharif","actor_username":"raihan.raju@gmail.com","actor_via_sso":false,"log_type":"account"}', '2025-08-28 19:39:35.369949+00', ''),
	('00000000-0000-0000-0000-000000000000', 'd1389a26-993c-4ee5-a9a1-5447a17b71dc', '{"action":"login","actor_id":"0772beaf-9ccd-48e7-a178-f5312ab5e7e3","actor_name":"Raihan Sharif","actor_username":"raihan.raju@gmail.com","actor_via_sso":false,"log_type":"account","traits":{"provider":"email"}}', '2025-08-28 19:39:50.024295+00', ''),
	('00000000-0000-0000-0000-000000000000', '0f61084b-545a-4343-ab05-b5fdeb5939e1', '{"action":"login","actor_id":"0772beaf-9ccd-48e7-a178-f5312ab5e7e3","actor_name":"Raihan Sharif","actor_username":"raihan.raju@gmail.com","actor_via_sso":false,"log_type":"account","traits":{"provider":"email"}}', '2025-08-28 20:19:24.437763+00', ''),
	('00000000-0000-0000-0000-000000000000', '5a8f3af0-d7fc-438c-b2e9-20f826a6e4a0', '{"action":"user_confirmation_requested","actor_id":"9a52cf96-a1d2-4146-9afe-25b0989f783f","actor_name":"Tanjina Sultana","actor_username":"click.tanha@gmail.com","actor_via_sso":false,"log_type":"user","traits":{"provider":"email"}}', '2025-08-28 20:36:35.444725+00', ''),
	('00000000-0000-0000-0000-000000000000', '635adaf7-14ac-4be0-8ba3-66a8a221d766', '{"action":"user_signedup","actor_id":"9a52cf96-a1d2-4146-9afe-25b0989f783f","actor_name":"Tanjina Sultana","actor_username":"click.tanha@gmail.com","actor_via_sso":false,"log_type":"team","traits":{"provider":"email"}}', '2025-08-28 20:36:58.354898+00', ''),
	('00000000-0000-0000-0000-000000000000', '5c7ba03d-71fb-4dff-9779-f8b54e03a106', '{"action":"login","actor_id":"9a52cf96-a1d2-4146-9afe-25b0989f783f","actor_name":"Tanjina Sultana","actor_username":"click.tanha@gmail.com","actor_via_sso":false,"log_type":"account","traits":{"provider":"email"}}', '2025-08-28 20:37:12.683218+00', ''),
	('00000000-0000-0000-0000-000000000000', 'aa5c693a-a0e3-4be5-b736-a7de1037bcc3', '{"action":"token_refreshed","actor_id":"0772beaf-9ccd-48e7-a178-f5312ab5e7e3","actor_name":"Raihan Sharif","actor_username":"raihan.raju@gmail.com","actor_via_sso":false,"log_type":"token"}', '2025-08-28 20:38:31.877182+00', ''),
	('00000000-0000-0000-0000-000000000000', '859f4032-60fc-48d7-82f6-075e999eda54', '{"action":"token_revoked","actor_id":"0772beaf-9ccd-48e7-a178-f5312ab5e7e3","actor_name":"Raihan Sharif","actor_username":"raihan.raju@gmail.com","actor_via_sso":false,"log_type":"token"}', '2025-08-28 20:38:31.882986+00', ''),
	('00000000-0000-0000-0000-000000000000', '7bcbfc12-24a9-4ebc-8781-074d4c5c0da7', '{"action":"token_refreshed","actor_id":"0772beaf-9ccd-48e7-a178-f5312ab5e7e3","actor_name":"Raihan Sharif","actor_username":"raihan.raju@gmail.com","actor_via_sso":false,"log_type":"token"}', '2025-08-29 16:14:54.632434+00', ''),
	('00000000-0000-0000-0000-000000000000', 'eb372797-b061-47b9-94ba-ad07f441f44d', '{"action":"token_revoked","actor_id":"0772beaf-9ccd-48e7-a178-f5312ab5e7e3","actor_name":"Raihan Sharif","actor_username":"raihan.raju@gmail.com","actor_via_sso":false,"log_type":"token"}', '2025-08-29 16:14:54.664487+00', ''),
	('00000000-0000-0000-0000-000000000000', 'c1bbe23b-fb90-40bb-9df5-51a0835f6087', '{"action":"token_refreshed","actor_id":"0772beaf-9ccd-48e7-a178-f5312ab5e7e3","actor_name":"Raihan Sharif","actor_username":"raihan.raju@gmail.com","actor_via_sso":false,"log_type":"token"}', '2025-08-29 17:32:33.857062+00', ''),
	('00000000-0000-0000-0000-000000000000', '39608d7b-0afc-415f-aa24-775bf389b4fe', '{"action":"token_revoked","actor_id":"0772beaf-9ccd-48e7-a178-f5312ab5e7e3","actor_name":"Raihan Sharif","actor_username":"raihan.raju@gmail.com","actor_via_sso":false,"log_type":"token"}', '2025-08-29 17:32:33.880451+00', ''),
	('00000000-0000-0000-0000-000000000000', 'aab156cf-bbe6-47d1-8db3-59bb66b5d85c', '{"action":"token_refreshed","actor_id":"0772beaf-9ccd-48e7-a178-f5312ab5e7e3","actor_name":"Raihan Sharif","actor_username":"raihan.raju@gmail.com","actor_via_sso":false,"log_type":"token"}', '2025-08-31 17:26:42.295409+00', ''),
	('00000000-0000-0000-0000-000000000000', '9beee9fc-a9e7-44bf-ac15-608cf5be8fd8', '{"action":"token_revoked","actor_id":"0772beaf-9ccd-48e7-a178-f5312ab5e7e3","actor_name":"Raihan Sharif","actor_username":"raihan.raju@gmail.com","actor_via_sso":false,"log_type":"token"}', '2025-08-31 17:26:42.32847+00', ''),
	('00000000-0000-0000-0000-000000000000', '6dd9d831-d257-4476-a9a2-ed96e6ee440d', '{"action":"login","actor_id":"0772beaf-9ccd-48e7-a178-f5312ab5e7e3","actor_name":"Raihan Sharif","actor_username":"raihan.raju@gmail.com","actor_via_sso":false,"log_type":"account","traits":{"provider":"email"}}', '2025-09-01 08:52:16.772412+00', ''),
	('00000000-0000-0000-0000-000000000000', '8502c688-3cdc-4c1b-997c-7d7db5571a84', '{"action":"token_refreshed","actor_id":"0772beaf-9ccd-48e7-a178-f5312ab5e7e3","actor_name":"Raihan Sharif","actor_username":"raihan.raju@gmail.com","actor_via_sso":false,"log_type":"token"}', '2025-09-01 09:51:28.307714+00', ''),
	('00000000-0000-0000-0000-000000000000', 'f981c2cf-adf8-4a8c-a0a4-889b1d0827c5', '{"action":"token_revoked","actor_id":"0772beaf-9ccd-48e7-a178-f5312ab5e7e3","actor_name":"Raihan Sharif","actor_username":"raihan.raju@gmail.com","actor_via_sso":false,"log_type":"token"}', '2025-09-01 09:51:28.318697+00', ''),
	('00000000-0000-0000-0000-000000000000', '081ffd8d-d3b1-48a2-a030-f7098105f76e', '{"action":"token_refreshed","actor_id":"0772beaf-9ccd-48e7-a178-f5312ab5e7e3","actor_name":"Raihan Sharif","actor_username":"raihan.raju@gmail.com","actor_via_sso":false,"log_type":"token"}', '2025-09-01 10:50:29.442837+00', ''),
	('00000000-0000-0000-0000-000000000000', '6a019ba3-73b0-4093-813a-0fa39aa29a8e', '{"action":"token_revoked","actor_id":"0772beaf-9ccd-48e7-a178-f5312ab5e7e3","actor_name":"Raihan Sharif","actor_username":"raihan.raju@gmail.com","actor_via_sso":false,"log_type":"token"}', '2025-09-01 10:50:29.46494+00', ''),
	('00000000-0000-0000-0000-000000000000', '376f5368-76ea-4a91-adea-436bfc19f3d8', '{"action":"token_refreshed","actor_id":"0772beaf-9ccd-48e7-a178-f5312ab5e7e3","actor_name":"Raihan Sharif","actor_username":"raihan.raju@gmail.com","actor_via_sso":false,"log_type":"token"}', '2025-09-01 11:49:32.702933+00', ''),
	('00000000-0000-0000-0000-000000000000', '61e2b510-c1cd-40e8-a167-8ab3442c00f1', '{"action":"token_revoked","actor_id":"0772beaf-9ccd-48e7-a178-f5312ab5e7e3","actor_name":"Raihan Sharif","actor_username":"raihan.raju@gmail.com","actor_via_sso":false,"log_type":"token"}', '2025-09-01 11:49:32.720621+00', ''),
	('00000000-0000-0000-0000-000000000000', 'b8d83b0a-7b08-4f50-aca7-d5baade77b03', '{"action":"token_refreshed","actor_id":"0772beaf-9ccd-48e7-a178-f5312ab5e7e3","actor_name":"Raihan Sharif","actor_username":"raihan.raju@gmail.com","actor_via_sso":false,"log_type":"token"}', '2025-09-01 12:48:33.08579+00', ''),
	('00000000-0000-0000-0000-000000000000', '584b36be-c4f2-481d-beb5-d5ff9ed0ff78', '{"action":"token_revoked","actor_id":"0772beaf-9ccd-48e7-a178-f5312ab5e7e3","actor_name":"Raihan Sharif","actor_username":"raihan.raju@gmail.com","actor_via_sso":false,"log_type":"token"}', '2025-09-01 12:48:33.115124+00', ''),
	('00000000-0000-0000-0000-000000000000', 'b3b36290-eb17-465b-a297-9eea34e581c3', '{"action":"login","actor_id":"0772beaf-9ccd-48e7-a178-f5312ab5e7e3","actor_name":"Raihan Sharif","actor_username":"raihan.raju@gmail.com","actor_via_sso":false,"log_type":"account","traits":{"provider":"email"}}', '2025-09-03 05:41:40.277611+00', ''),
	('00000000-0000-0000-0000-000000000000', 'd557e06d-3221-4b79-a782-f55ce9788911', '{"action":"token_refreshed","actor_id":"0772beaf-9ccd-48e7-a178-f5312ab5e7e3","actor_name":"Raihan Sharif","actor_username":"raihan.raju@gmail.com","actor_via_sso":false,"log_type":"token"}', '2025-09-03 06:40:18.382026+00', ''),
	('00000000-0000-0000-0000-000000000000', '34b83bdf-cdd8-46c6-8ea3-1a9e637f1a74', '{"action":"token_revoked","actor_id":"0772beaf-9ccd-48e7-a178-f5312ab5e7e3","actor_name":"Raihan Sharif","actor_username":"raihan.raju@gmail.com","actor_via_sso":false,"log_type":"token"}', '2025-09-03 06:40:18.397657+00', ''),
	('00000000-0000-0000-0000-000000000000', '8185ae87-bb89-444f-a7d0-5ee922824bb8', '{"action":"token_refreshed","actor_id":"0772beaf-9ccd-48e7-a178-f5312ab5e7e3","actor_name":"Raihan Sharif","actor_username":"raihan.raju@gmail.com","actor_via_sso":false,"log_type":"token"}', '2025-09-03 07:39:09.488633+00', ''),
	('00000000-0000-0000-0000-000000000000', 'e20eff39-e7e9-4846-85d5-202315d79357', '{"action":"token_revoked","actor_id":"0772beaf-9ccd-48e7-a178-f5312ab5e7e3","actor_name":"Raihan Sharif","actor_username":"raihan.raju@gmail.com","actor_via_sso":false,"log_type":"token"}', '2025-09-03 07:39:09.519415+00', ''),
	('00000000-0000-0000-0000-000000000000', '607aa3ec-52f9-4cac-8365-37094140f903', '{"action":"token_refreshed","actor_id":"0772beaf-9ccd-48e7-a178-f5312ab5e7e3","actor_name":"Raihan Sharif","actor_username":"raihan.raju@gmail.com","actor_via_sso":false,"log_type":"token"}', '2025-09-03 08:38:32.713847+00', ''),
	('00000000-0000-0000-0000-000000000000', 'aaa84237-fb97-4013-889b-58d7803ceff7', '{"action":"token_revoked","actor_id":"0772beaf-9ccd-48e7-a178-f5312ab5e7e3","actor_name":"Raihan Sharif","actor_username":"raihan.raju@gmail.com","actor_via_sso":false,"log_type":"token"}', '2025-09-03 08:38:32.734188+00', ''),
	('00000000-0000-0000-0000-000000000000', '6585ca2f-57da-410c-b3d6-292260d298b1', '{"action":"token_refreshed","actor_id":"0772beaf-9ccd-48e7-a178-f5312ab5e7e3","actor_name":"Raihan Sharif","actor_username":"raihan.raju@gmail.com","actor_via_sso":false,"log_type":"token"}', '2025-09-03 09:37:18.624109+00', ''),
	('00000000-0000-0000-0000-000000000000', '0540f932-5bd1-4a4a-adec-a59def688862', '{"action":"token_revoked","actor_id":"0772beaf-9ccd-48e7-a178-f5312ab5e7e3","actor_name":"Raihan Sharif","actor_username":"raihan.raju@gmail.com","actor_via_sso":false,"log_type":"token"}', '2025-09-03 09:37:18.641493+00', ''),
	('00000000-0000-0000-0000-000000000000', '678ca5e2-3e32-45d0-b8e4-62e1b573ca0c', '{"action":"token_refreshed","actor_id":"0772beaf-9ccd-48e7-a178-f5312ab5e7e3","actor_name":"Raihan Sharif","actor_username":"raihan.raju@gmail.com","actor_via_sso":false,"log_type":"token"}', '2025-09-03 15:03:04.612629+00', ''),
	('00000000-0000-0000-0000-000000000000', '9dde5278-36e7-4adc-a468-0677631f9ffd', '{"action":"token_revoked","actor_id":"0772beaf-9ccd-48e7-a178-f5312ab5e7e3","actor_name":"Raihan Sharif","actor_username":"raihan.raju@gmail.com","actor_via_sso":false,"log_type":"token"}', '2025-09-03 15:03:04.645573+00', ''),
	('00000000-0000-0000-0000-000000000000', 'b4917b8a-7781-48ae-a208-0487c5a79f71', '{"action":"token_refreshed","actor_id":"0772beaf-9ccd-48e7-a178-f5312ab5e7e3","actor_name":"Raihan Sharif","actor_username":"raihan.raju@gmail.com","actor_via_sso":false,"log_type":"token"}', '2025-09-04 14:49:58.164315+00', ''),
	('00000000-0000-0000-0000-000000000000', '4baeb3e0-d91b-476f-9dcd-ffcdae4bec4b', '{"action":"token_revoked","actor_id":"0772beaf-9ccd-48e7-a178-f5312ab5e7e3","actor_name":"Raihan Sharif","actor_username":"raihan.raju@gmail.com","actor_via_sso":false,"log_type":"token"}', '2025-09-04 14:49:58.191893+00', ''),
	('00000000-0000-0000-0000-000000000000', '41f43e2d-69cc-4c84-acac-63ec5da70e83', '{"action":"token_refreshed","actor_id":"0772beaf-9ccd-48e7-a178-f5312ab5e7e3","actor_name":"Raihan Sharif","actor_username":"raihan.raju@gmail.com","actor_via_sso":false,"log_type":"token"}', '2025-09-05 15:49:42.306393+00', ''),
	('00000000-0000-0000-0000-000000000000', '9b62f5d9-5598-40d8-87f8-6cab2fab10e1', '{"action":"token_revoked","actor_id":"0772beaf-9ccd-48e7-a178-f5312ab5e7e3","actor_name":"Raihan Sharif","actor_username":"raihan.raju@gmail.com","actor_via_sso":false,"log_type":"token"}', '2025-09-05 15:49:42.340843+00', ''),
	('00000000-0000-0000-0000-000000000000', '5b351ae1-b590-43df-9c08-334cfeb05b72', '{"action":"token_refreshed","actor_id":"0772beaf-9ccd-48e7-a178-f5312ab5e7e3","actor_name":"Raihan Sharif","actor_username":"raihan.raju@gmail.com","actor_via_sso":false,"log_type":"token"}', '2025-09-05 16:48:17.679179+00', ''),
	('00000000-0000-0000-0000-000000000000', '92e31e4d-f9f5-4346-aa68-dab9e50971f1', '{"action":"token_revoked","actor_id":"0772beaf-9ccd-48e7-a178-f5312ab5e7e3","actor_name":"Raihan Sharif","actor_username":"raihan.raju@gmail.com","actor_via_sso":false,"log_type":"token"}', '2025-09-05 16:48:17.697161+00', ''),
	('00000000-0000-0000-0000-000000000000', '7db73ef1-ec26-4f74-8af1-6a30ca15f74a', '{"action":"token_refreshed","actor_id":"0772beaf-9ccd-48e7-a178-f5312ab5e7e3","actor_name":"Raihan Sharif","actor_username":"raihan.raju@gmail.com","actor_via_sso":false,"log_type":"token"}', '2025-09-05 17:47:22.488093+00', ''),
	('00000000-0000-0000-0000-000000000000', '7ad2979f-23d2-4a8c-8b09-bb25899511b3', '{"action":"token_revoked","actor_id":"0772beaf-9ccd-48e7-a178-f5312ab5e7e3","actor_name":"Raihan Sharif","actor_username":"raihan.raju@gmail.com","actor_via_sso":false,"log_type":"token"}', '2025-09-05 17:47:22.501911+00', ''),
	('00000000-0000-0000-0000-000000000000', '677e54d7-9bde-47eb-9cdb-6bbd56ca2122', '{"action":"login","actor_id":"0772beaf-9ccd-48e7-a178-f5312ab5e7e3","actor_name":"Raihan Sharif","actor_username":"raihan.raju@gmail.com","actor_via_sso":false,"log_type":"account","traits":{"provider":"email"}}', '2025-09-06 16:18:42.33937+00', ''),
	('00000000-0000-0000-0000-000000000000', '8cf12e1f-79c5-41a2-8529-23f392596218', '{"action":"token_refreshed","actor_id":"0772beaf-9ccd-48e7-a178-f5312ab5e7e3","actor_name":"Raihan Sharif","actor_username":"raihan.raju@gmail.com","actor_via_sso":false,"log_type":"token"}', '2025-09-06 17:33:11.28187+00', ''),
	('00000000-0000-0000-0000-000000000000', 'df265666-d605-469e-9d53-6e4ebf4a70e2', '{"action":"token_revoked","actor_id":"0772beaf-9ccd-48e7-a178-f5312ab5e7e3","actor_name":"Raihan Sharif","actor_username":"raihan.raju@gmail.com","actor_via_sso":false,"log_type":"token"}', '2025-09-06 17:33:11.293612+00', ''),
	('00000000-0000-0000-0000-000000000000', '962be8e9-e92c-4ebd-ae95-7ef182faa871', '{"action":"token_refreshed","actor_id":"0772beaf-9ccd-48e7-a178-f5312ab5e7e3","actor_name":"Raihan Sharif","actor_username":"raihan.raju@gmail.com","actor_via_sso":false,"log_type":"token"}', '2025-09-07 04:57:45.008654+00', ''),
	('00000000-0000-0000-0000-000000000000', '8d0b351f-5cd8-47f9-a8d7-1d73cbefff48', '{"action":"token_revoked","actor_id":"0772beaf-9ccd-48e7-a178-f5312ab5e7e3","actor_name":"Raihan Sharif","actor_username":"raihan.raju@gmail.com","actor_via_sso":false,"log_type":"token"}', '2025-09-07 04:57:45.040889+00', ''),
	('00000000-0000-0000-0000-000000000000', '5ce5e69a-66b2-4fd0-be88-71c4d5bc2678', '{"action":"token_refreshed","actor_id":"0772beaf-9ccd-48e7-a178-f5312ab5e7e3","actor_name":"Raihan Sharif","actor_username":"raihan.raju@gmail.com","actor_via_sso":false,"log_type":"token"}', '2025-09-07 08:29:36.14226+00', ''),
	('00000000-0000-0000-0000-000000000000', '5730c0e0-8f8f-4735-b1ec-1a030c60b145', '{"action":"token_revoked","actor_id":"0772beaf-9ccd-48e7-a178-f5312ab5e7e3","actor_name":"Raihan Sharif","actor_username":"raihan.raju@gmail.com","actor_via_sso":false,"log_type":"token"}', '2025-09-07 08:29:36.175088+00', ''),
	('00000000-0000-0000-0000-000000000000', '62f1b711-e081-4c5f-92b1-fd1bc09fe319', '{"action":"login","actor_id":"0772beaf-9ccd-48e7-a178-f5312ab5e7e3","actor_name":"Raihan Sharif","actor_username":"raihan.raju@gmail.com","actor_via_sso":false,"log_type":"account","traits":{"provider":"email"}}', '2025-09-07 11:47:40.637731+00', ''),
	('00000000-0000-0000-0000-000000000000', 'b97039cd-06ec-4666-990b-cab21c17a62a', '{"action":"token_refreshed","actor_id":"0772beaf-9ccd-48e7-a178-f5312ab5e7e3","actor_name":"Raihan Sharif","actor_username":"raihan.raju@gmail.com","actor_via_sso":false,"log_type":"token"}', '2025-09-07 13:36:47.679651+00', ''),
	('00000000-0000-0000-0000-000000000000', 'f8ecb9e9-92ff-472a-883a-4b78eebe73ab', '{"action":"token_revoked","actor_id":"0772beaf-9ccd-48e7-a178-f5312ab5e7e3","actor_name":"Raihan Sharif","actor_username":"raihan.raju@gmail.com","actor_via_sso":false,"log_type":"token"}', '2025-09-07 13:36:47.703266+00', ''),
	('00000000-0000-0000-0000-000000000000', 'dd0d2024-ee93-431b-9994-c0f30b0f2b9f', '{"action":"token_refreshed","actor_id":"0772beaf-9ccd-48e7-a178-f5312ab5e7e3","actor_name":"Raihan Sharif","actor_username":"raihan.raju@gmail.com","actor_via_sso":false,"log_type":"token"}', '2025-09-07 15:36:56.453397+00', ''),
	('00000000-0000-0000-0000-000000000000', 'cfa505a1-7b9e-4547-a747-519fae188cc5', '{"action":"token_revoked","actor_id":"0772beaf-9ccd-48e7-a178-f5312ab5e7e3","actor_name":"Raihan Sharif","actor_username":"raihan.raju@gmail.com","actor_via_sso":false,"log_type":"token"}', '2025-09-07 15:36:56.468067+00', ''),
	('00000000-0000-0000-0000-000000000000', 'c126302c-04ef-4a88-9dc4-82ef3ee3748d', '{"action":"token_refreshed","actor_id":"0772beaf-9ccd-48e7-a178-f5312ab5e7e3","actor_name":"Raihan Sharif","actor_username":"raihan.raju@gmail.com","actor_via_sso":false,"log_type":"token"}', '2025-09-07 16:37:41.664191+00', ''),
	('00000000-0000-0000-0000-000000000000', '5d8a6d84-426c-4d1a-94b5-1d8a7b3f9287', '{"action":"token_revoked","actor_id":"0772beaf-9ccd-48e7-a178-f5312ab5e7e3","actor_name":"Raihan Sharif","actor_username":"raihan.raju@gmail.com","actor_via_sso":false,"log_type":"token"}', '2025-09-07 16:37:41.685349+00', ''),
	('00000000-0000-0000-0000-000000000000', '954b3157-0b0d-4516-96e7-9f01a3cb24af', '{"action":"token_refreshed","actor_id":"0772beaf-9ccd-48e7-a178-f5312ab5e7e3","actor_name":"Raihan Sharif","actor_username":"raihan.raju@gmail.com","actor_via_sso":false,"log_type":"token"}', '2025-09-07 17:28:15.535853+00', ''),
	('00000000-0000-0000-0000-000000000000', '40f4a813-6b68-4692-ba42-d88c7c181def', '{"action":"token_revoked","actor_id":"0772beaf-9ccd-48e7-a178-f5312ab5e7e3","actor_name":"Raihan Sharif","actor_username":"raihan.raju@gmail.com","actor_via_sso":false,"log_type":"token"}', '2025-09-07 17:28:15.55709+00', ''),
	('00000000-0000-0000-0000-000000000000', 'e594076d-cced-4733-89d0-ef2768f5f2ea', '{"action":"token_refreshed","actor_id":"0772beaf-9ccd-48e7-a178-f5312ab5e7e3","actor_name":"Raihan Sharif","actor_username":"raihan.raju@gmail.com","actor_via_sso":false,"log_type":"token"}', '2025-09-07 17:41:25.28115+00', ''),
	('00000000-0000-0000-0000-000000000000', 'd2ac4e33-679d-4d12-b55c-c95e4d403ea2', '{"action":"token_revoked","actor_id":"0772beaf-9ccd-48e7-a178-f5312ab5e7e3","actor_name":"Raihan Sharif","actor_username":"raihan.raju@gmail.com","actor_via_sso":false,"log_type":"token"}', '2025-09-07 17:41:25.298269+00', ''),
	('00000000-0000-0000-0000-000000000000', '39eb7896-5b3c-412d-bef1-2392370f3a04', '{"action":"token_refreshed","actor_id":"0772beaf-9ccd-48e7-a178-f5312ab5e7e3","actor_name":"Raihan Sharif","actor_username":"raihan.raju@gmail.com","actor_via_sso":false,"log_type":"token"}', '2025-09-08 05:29:48.812996+00', ''),
	('00000000-0000-0000-0000-000000000000', 'cf0a1a4e-30d4-4ebc-b84e-f83bdfc27f82', '{"action":"token_revoked","actor_id":"0772beaf-9ccd-48e7-a178-f5312ab5e7e3","actor_name":"Raihan Sharif","actor_username":"raihan.raju@gmail.com","actor_via_sso":false,"log_type":"token"}', '2025-09-08 05:29:48.842268+00', ''),
	('00000000-0000-0000-0000-000000000000', 'fd458673-4490-4d06-96c1-96c1e149b86a', '{"action":"token_refreshed","actor_id":"0772beaf-9ccd-48e7-a178-f5312ab5e7e3","actor_name":"Raihan Sharif","actor_username":"raihan.raju@gmail.com","actor_via_sso":false,"log_type":"token"}', '2025-09-08 07:25:23.752313+00', ''),
	('00000000-0000-0000-0000-000000000000', '4952bf84-59af-488f-bb22-fe839b479698', '{"action":"token_revoked","actor_id":"0772beaf-9ccd-48e7-a178-f5312ab5e7e3","actor_name":"Raihan Sharif","actor_username":"raihan.raju@gmail.com","actor_via_sso":false,"log_type":"token"}', '2025-09-08 07:25:23.780711+00', ''),
	('00000000-0000-0000-0000-000000000000', '25b9e4c0-26a5-4361-8b98-4886f98ecd14', '{"action":"token_refreshed","actor_id":"0772beaf-9ccd-48e7-a178-f5312ab5e7e3","actor_name":"Raihan Sharif","actor_username":"raihan.raju@gmail.com","actor_via_sso":false,"log_type":"token"}', '2025-09-08 09:11:11.833659+00', ''),
	('00000000-0000-0000-0000-000000000000', '5ccf2ea7-2d1a-4745-93f1-97cced9c88d3', '{"action":"token_revoked","actor_id":"0772beaf-9ccd-48e7-a178-f5312ab5e7e3","actor_name":"Raihan Sharif","actor_username":"raihan.raju@gmail.com","actor_via_sso":false,"log_type":"token"}', '2025-09-08 09:11:11.855345+00', ''),
	('00000000-0000-0000-0000-000000000000', '602d78cf-de40-49e1-8462-a22aa6a61ea9', '{"action":"token_refreshed","actor_id":"0772beaf-9ccd-48e7-a178-f5312ab5e7e3","actor_name":"Raihan Sharif","actor_username":"raihan.raju@gmail.com","actor_via_sso":false,"log_type":"token"}', '2025-09-08 10:10:37.891156+00', ''),
	('00000000-0000-0000-0000-000000000000', '13ce2593-5c5d-4324-b0bd-539b36f4e0c7', '{"action":"token_revoked","actor_id":"0772beaf-9ccd-48e7-a178-f5312ab5e7e3","actor_name":"Raihan Sharif","actor_username":"raihan.raju@gmail.com","actor_via_sso":false,"log_type":"token"}', '2025-09-08 10:10:37.917571+00', ''),
	('00000000-0000-0000-0000-000000000000', 'fa376fd4-8809-4b79-89ab-00f23a01a7e4', '{"action":"token_refreshed","actor_id":"0772beaf-9ccd-48e7-a178-f5312ab5e7e3","actor_name":"Raihan Sharif","actor_username":"raihan.raju@gmail.com","actor_via_sso":false,"log_type":"token"}', '2025-09-08 11:15:46.919039+00', ''),
	('00000000-0000-0000-0000-000000000000', '627f610a-33e2-48f4-b926-80f99958d5a8', '{"action":"token_revoked","actor_id":"0772beaf-9ccd-48e7-a178-f5312ab5e7e3","actor_name":"Raihan Sharif","actor_username":"raihan.raju@gmail.com","actor_via_sso":false,"log_type":"token"}', '2025-09-08 11:15:46.941531+00', ''),
	('00000000-0000-0000-0000-000000000000', '05a22cdc-8339-4145-b173-104966df9e9a', '{"action":"token_refreshed","actor_id":"0772beaf-9ccd-48e7-a178-f5312ab5e7e3","actor_name":"Raihan Sharif","actor_username":"raihan.raju@gmail.com","actor_via_sso":false,"log_type":"token"}', '2025-09-08 15:40:37.30695+00', ''),
	('00000000-0000-0000-0000-000000000000', 'ff8dd0cc-3f94-4948-92b8-de64c3d9842d', '{"action":"token_revoked","actor_id":"0772beaf-9ccd-48e7-a178-f5312ab5e7e3","actor_name":"Raihan Sharif","actor_username":"raihan.raju@gmail.com","actor_via_sso":false,"log_type":"token"}', '2025-09-08 15:40:37.340862+00', ''),
	('00000000-0000-0000-0000-000000000000', '15556aeb-0d3f-4693-9fad-511609c4bdfe', '{"action":"token_refreshed","actor_id":"0772beaf-9ccd-48e7-a178-f5312ab5e7e3","actor_name":"Raihan Sharif","actor_username":"raihan.raju@gmail.com","actor_via_sso":false,"log_type":"token"}', '2025-09-08 16:06:53.664325+00', ''),
	('00000000-0000-0000-0000-000000000000', 'ed3ebda7-4603-4005-a5a6-b8f5ddd3737f', '{"action":"token_revoked","actor_id":"0772beaf-9ccd-48e7-a178-f5312ab5e7e3","actor_name":"Raihan Sharif","actor_username":"raihan.raju@gmail.com","actor_via_sso":false,"log_type":"token"}', '2025-09-08 16:06:53.67371+00', ''),
	('00000000-0000-0000-0000-000000000000', '41a9d2d3-527e-47d9-b16f-98b1caafcd13', '{"action":"token_refreshed","actor_id":"0772beaf-9ccd-48e7-a178-f5312ab5e7e3","actor_name":"Raihan Sharif","actor_username":"raihan.raju@gmail.com","actor_via_sso":false,"log_type":"token"}', '2025-09-08 17:05:11.960431+00', ''),
	('00000000-0000-0000-0000-000000000000', 'c3db7475-d561-44f7-ae2f-183326978564', '{"action":"token_revoked","actor_id":"0772beaf-9ccd-48e7-a178-f5312ab5e7e3","actor_name":"Raihan Sharif","actor_username":"raihan.raju@gmail.com","actor_via_sso":false,"log_type":"token"}', '2025-09-08 17:05:11.982397+00', ''),
	('00000000-0000-0000-0000-000000000000', '92169f72-6cf7-4ecb-b898-57d83ba3c636', '{"action":"token_refreshed","actor_id":"0772beaf-9ccd-48e7-a178-f5312ab5e7e3","actor_name":"Raihan Sharif","actor_username":"raihan.raju@gmail.com","actor_via_sso":false,"log_type":"token"}', '2025-09-08 18:05:04.395746+00', ''),
	('00000000-0000-0000-0000-000000000000', '64427db0-1951-4dc2-baee-38ae9bce0866', '{"action":"token_revoked","actor_id":"0772beaf-9ccd-48e7-a178-f5312ab5e7e3","actor_name":"Raihan Sharif","actor_username":"raihan.raju@gmail.com","actor_via_sso":false,"log_type":"token"}', '2025-09-08 18:05:04.424248+00', ''),
	('00000000-0000-0000-0000-000000000000', '2e0b973e-eb32-49a8-a65b-3eb91683501e', '{"action":"token_refreshed","actor_id":"0772beaf-9ccd-48e7-a178-f5312ab5e7e3","actor_name":"Raihan Sharif","actor_username":"raihan.raju@gmail.com","actor_via_sso":false,"log_type":"token"}', '2025-09-09 06:44:11.926751+00', ''),
	('00000000-0000-0000-0000-000000000000', 'f2f9ea15-b41a-4e32-8b52-84b8ed1516ee', '{"action":"token_revoked","actor_id":"0772beaf-9ccd-48e7-a178-f5312ab5e7e3","actor_name":"Raihan Sharif","actor_username":"raihan.raju@gmail.com","actor_via_sso":false,"log_type":"token"}', '2025-09-09 06:44:11.939495+00', ''),
	('00000000-0000-0000-0000-000000000000', '16c75331-480c-4e79-b4f7-3f9a14f69633', '{"action":"token_refreshed","actor_id":"0772beaf-9ccd-48e7-a178-f5312ab5e7e3","actor_name":"Raihan Sharif","actor_username":"raihan.raju@gmail.com","actor_via_sso":false,"log_type":"token"}', '2025-09-09 06:54:55.49092+00', ''),
	('00000000-0000-0000-0000-000000000000', '9deb9007-b0c7-44bf-a542-6abc6511d58c', '{"action":"token_revoked","actor_id":"0772beaf-9ccd-48e7-a178-f5312ab5e7e3","actor_name":"Raihan Sharif","actor_username":"raihan.raju@gmail.com","actor_via_sso":false,"log_type":"token"}', '2025-09-09 06:54:55.507052+00', ''),
	('00000000-0000-0000-0000-000000000000', '3f97edfa-7f72-4525-bcac-43b8070535d1', '{"action":"token_refreshed","actor_id":"0772beaf-9ccd-48e7-a178-f5312ab5e7e3","actor_name":"Raihan Sharif","actor_username":"raihan.raju@gmail.com","actor_via_sso":false,"log_type":"token"}', '2025-09-09 06:54:55.583342+00', ''),
	('00000000-0000-0000-0000-000000000000', '6598593e-69f3-4318-a9dc-239132d7fa49', '{"action":"token_refreshed","actor_id":"0772beaf-9ccd-48e7-a178-f5312ab5e7e3","actor_name":"Raihan Sharif","actor_username":"raihan.raju@gmail.com","actor_via_sso":false,"log_type":"token"}', '2025-09-09 08:01:16.430055+00', ''),
	('00000000-0000-0000-0000-000000000000', 'df51e677-0478-4200-8031-b648e817e527', '{"action":"token_revoked","actor_id":"0772beaf-9ccd-48e7-a178-f5312ab5e7e3","actor_name":"Raihan Sharif","actor_username":"raihan.raju@gmail.com","actor_via_sso":false,"log_type":"token"}', '2025-09-09 08:01:16.453427+00', ''),
	('00000000-0000-0000-0000-000000000000', 'cd390fe9-7b0c-48ee-9938-1ea4f313ee44', '{"action":"token_refreshed","actor_id":"0772beaf-9ccd-48e7-a178-f5312ab5e7e3","actor_name":"Raihan Sharif","actor_username":"raihan.raju@gmail.com","actor_via_sso":false,"log_type":"token"}', '2025-09-09 10:42:48.774191+00', ''),
	('00000000-0000-0000-0000-000000000000', '26e763fe-1afe-43da-b9c7-63bc91fd14c6', '{"action":"token_revoked","actor_id":"0772beaf-9ccd-48e7-a178-f5312ab5e7e3","actor_name":"Raihan Sharif","actor_username":"raihan.raju@gmail.com","actor_via_sso":false,"log_type":"token"}', '2025-09-09 10:42:48.80119+00', ''),
	('00000000-0000-0000-0000-000000000000', 'f03f5fb8-c730-4c5c-a921-1dbdd467f8be', '{"action":"token_refreshed","actor_id":"0772beaf-9ccd-48e7-a178-f5312ab5e7e3","actor_name":"Raihan Sharif","actor_username":"raihan.raju@gmail.com","actor_via_sso":false,"log_type":"token"}', '2025-09-09 10:42:48.900045+00', ''),
	('00000000-0000-0000-0000-000000000000', '6c1cb6f1-755a-4127-bd75-8a08e729e65e', '{"action":"token_refreshed","actor_id":"0772beaf-9ccd-48e7-a178-f5312ab5e7e3","actor_name":"Raihan Sharif","actor_username":"raihan.raju@gmail.com","actor_via_sso":false,"log_type":"token"}', '2025-09-09 11:11:28.883418+00', ''),
	('00000000-0000-0000-0000-000000000000', '3592d44d-21b7-41d7-88b6-50126a3bbd65', '{"action":"token_revoked","actor_id":"0772beaf-9ccd-48e7-a178-f5312ab5e7e3","actor_name":"Raihan Sharif","actor_username":"raihan.raju@gmail.com","actor_via_sso":false,"log_type":"token"}', '2025-09-09 11:11:28.903029+00', ''),
	('00000000-0000-0000-0000-000000000000', 'bc442a5f-e1fd-4194-98f4-fb263223ba47', '{"action":"token_refreshed","actor_id":"0772beaf-9ccd-48e7-a178-f5312ab5e7e3","actor_name":"Raihan Sharif","actor_username":"raihan.raju@gmail.com","actor_via_sso":false,"log_type":"token"}', '2025-09-09 13:25:35.104063+00', ''),
	('00000000-0000-0000-0000-000000000000', '2d846313-406f-4fd7-9715-c2c4131a3e33', '{"action":"token_revoked","actor_id":"0772beaf-9ccd-48e7-a178-f5312ab5e7e3","actor_name":"Raihan Sharif","actor_username":"raihan.raju@gmail.com","actor_via_sso":false,"log_type":"token"}', '2025-09-09 13:25:35.129049+00', ''),
	('00000000-0000-0000-0000-000000000000', 'd302073e-6aa4-4632-918b-e3016e4b569c', '{"action":"token_refreshed","actor_id":"0772beaf-9ccd-48e7-a178-f5312ab5e7e3","actor_name":"Raihan Sharif","actor_username":"raihan.raju@gmail.com","actor_via_sso":false,"log_type":"token"}', '2025-09-09 15:44:36.988504+00', ''),
	('00000000-0000-0000-0000-000000000000', 'c526d21c-cc99-43b8-bf08-0eb873baf6c3', '{"action":"token_revoked","actor_id":"0772beaf-9ccd-48e7-a178-f5312ab5e7e3","actor_name":"Raihan Sharif","actor_username":"raihan.raju@gmail.com","actor_via_sso":false,"log_type":"token"}', '2025-09-09 15:44:37.019679+00', ''),
	('00000000-0000-0000-0000-000000000000', '62294dc5-3ad0-4582-8359-4b0f8c1118b8', '{"action":"token_refreshed","actor_id":"0772beaf-9ccd-48e7-a178-f5312ab5e7e3","actor_name":"Raihan Sharif","actor_username":"raihan.raju@gmail.com","actor_via_sso":false,"log_type":"token"}', '2025-09-09 16:47:47.550561+00', ''),
	('00000000-0000-0000-0000-000000000000', '6fb00309-abcd-4f42-ada6-b5692e21a14d', '{"action":"token_revoked","actor_id":"0772beaf-9ccd-48e7-a178-f5312ab5e7e3","actor_name":"Raihan Sharif","actor_username":"raihan.raju@gmail.com","actor_via_sso":false,"log_type":"token"}', '2025-09-09 16:47:47.575451+00', ''),
	('00000000-0000-0000-0000-000000000000', 'e29bbff3-163f-4242-ba65-cb45a49562bc', '{"action":"token_refreshed","actor_id":"0772beaf-9ccd-48e7-a178-f5312ab5e7e3","actor_name":"Raihan Sharif","actor_username":"raihan.raju@gmail.com","actor_via_sso":false,"log_type":"token"}', '2025-09-09 16:47:47.792701+00', ''),
	('00000000-0000-0000-0000-000000000000', '3914aaf8-df81-4ccb-b486-35849c02bf00', '{"action":"token_refreshed","actor_id":"0772beaf-9ccd-48e7-a178-f5312ab5e7e3","actor_name":"Raihan Sharif","actor_username":"raihan.raju@gmail.com","actor_via_sso":false,"log_type":"token"}', '2025-09-09 16:47:48.00108+00', ''),
	('00000000-0000-0000-0000-000000000000', 'f48d1454-b715-484a-be4f-d98ed6f210f4', '{"action":"token_refreshed","actor_id":"0772beaf-9ccd-48e7-a178-f5312ab5e7e3","actor_name":"Raihan Sharif","actor_username":"raihan.raju@gmail.com","actor_via_sso":false,"log_type":"token"}', '2025-09-09 17:47:14.827552+00', ''),
	('00000000-0000-0000-0000-000000000000', '87ca6471-8214-459f-8c2a-527b7acf80a4', '{"action":"token_revoked","actor_id":"0772beaf-9ccd-48e7-a178-f5312ab5e7e3","actor_name":"Raihan Sharif","actor_username":"raihan.raju@gmail.com","actor_via_sso":false,"log_type":"token"}', '2025-09-09 17:47:14.855523+00', ''),
	('00000000-0000-0000-0000-000000000000', '58b3238b-82a8-422c-98c6-ce2c04d26df4', '{"action":"token_refreshed","actor_id":"0772beaf-9ccd-48e7-a178-f5312ab5e7e3","actor_name":"Raihan Sharif","actor_username":"raihan.raju@gmail.com","actor_via_sso":false,"log_type":"token"}', '2025-09-09 17:56:47.980266+00', ''),
	('00000000-0000-0000-0000-000000000000', 'eba564f3-89c6-4470-9e69-e90155bb7d82', '{"action":"token_revoked","actor_id":"0772beaf-9ccd-48e7-a178-f5312ab5e7e3","actor_name":"Raihan Sharif","actor_username":"raihan.raju@gmail.com","actor_via_sso":false,"log_type":"token"}', '2025-09-09 17:56:47.998034+00', ''),
	('00000000-0000-0000-0000-000000000000', '978ea32e-68e5-41be-b2b4-331fdf818e34', '{"action":"token_refreshed","actor_id":"0772beaf-9ccd-48e7-a178-f5312ab5e7e3","actor_name":"Raihan Sharif","actor_username":"raihan.raju@gmail.com","actor_via_sso":false,"log_type":"token"}', '2025-09-10 04:49:30.69742+00', ''),
	('00000000-0000-0000-0000-000000000000', '17fcd7a8-fe96-40d3-b88d-bf857ba19bbf', '{"action":"token_revoked","actor_id":"0772beaf-9ccd-48e7-a178-f5312ab5e7e3","actor_name":"Raihan Sharif","actor_username":"raihan.raju@gmail.com","actor_via_sso":false,"log_type":"token"}', '2025-09-10 04:49:30.72909+00', ''),
	('00000000-0000-0000-0000-000000000000', '7f660743-43b9-4284-a0fb-9a325df21db6', '{"action":"token_refreshed","actor_id":"0772beaf-9ccd-48e7-a178-f5312ab5e7e3","actor_name":"Raihan Sharif","actor_username":"raihan.raju@gmail.com","actor_via_sso":false,"log_type":"token"}', '2025-09-10 05:22:35.984741+00', ''),
	('00000000-0000-0000-0000-000000000000', '9b9f1504-09bf-42dd-97aa-64da55e781be', '{"action":"token_revoked","actor_id":"0772beaf-9ccd-48e7-a178-f5312ab5e7e3","actor_name":"Raihan Sharif","actor_username":"raihan.raju@gmail.com","actor_via_sso":false,"log_type":"token"}', '2025-09-10 05:22:36.011707+00', ''),
	('00000000-0000-0000-0000-000000000000', '93d086a0-aec6-4ab1-aeb1-d6b885e5d21e', '{"action":"token_refreshed","actor_id":"0772beaf-9ccd-48e7-a178-f5312ab5e7e3","actor_name":"Raihan Sharif","actor_username":"raihan.raju@gmail.com","actor_via_sso":false,"log_type":"token"}', '2025-09-10 05:22:36.088791+00', ''),
	('00000000-0000-0000-0000-000000000000', '236ee29b-0f4a-44c9-9ec8-f8dde8079266', '{"action":"token_refreshed","actor_id":"0772beaf-9ccd-48e7-a178-f5312ab5e7e3","actor_name":"Raihan Sharif","actor_username":"raihan.raju@gmail.com","actor_via_sso":false,"log_type":"token"}', '2025-09-10 06:04:07.791273+00', ''),
	('00000000-0000-0000-0000-000000000000', 'a42650db-bf9c-4626-b1e8-365cfc68b458', '{"action":"token_revoked","actor_id":"0772beaf-9ccd-48e7-a178-f5312ab5e7e3","actor_name":"Raihan Sharif","actor_username":"raihan.raju@gmail.com","actor_via_sso":false,"log_type":"token"}', '2025-09-10 06:04:07.813675+00', ''),
	('00000000-0000-0000-0000-000000000000', '0a79a60c-4fb2-4fc5-8b39-3e494c6fa083', '{"action":"token_refreshed","actor_id":"0772beaf-9ccd-48e7-a178-f5312ab5e7e3","actor_name":"Raihan Sharif","actor_username":"raihan.raju@gmail.com","actor_via_sso":false,"log_type":"token"}', '2025-09-10 08:38:24.580447+00', ''),
	('00000000-0000-0000-0000-000000000000', '22fc5b52-22b0-4733-a5fb-8d37e4205634', '{"action":"token_revoked","actor_id":"0772beaf-9ccd-48e7-a178-f5312ab5e7e3","actor_name":"Raihan Sharif","actor_username":"raihan.raju@gmail.com","actor_via_sso":false,"log_type":"token"}', '2025-09-10 08:38:24.60499+00', ''),
	('00000000-0000-0000-0000-000000000000', '67b4325c-e769-42ca-b538-7042dfa78f40', '{"action":"token_refreshed","actor_id":"0772beaf-9ccd-48e7-a178-f5312ab5e7e3","actor_name":"Raihan Sharif","actor_username":"raihan.raju@gmail.com","actor_via_sso":false,"log_type":"token"}', '2025-09-10 09:40:08.274674+00', ''),
	('00000000-0000-0000-0000-000000000000', 'ffd566ca-8f70-4c84-97a2-2c8fe46b7501', '{"action":"token_revoked","actor_id":"0772beaf-9ccd-48e7-a178-f5312ab5e7e3","actor_name":"Raihan Sharif","actor_username":"raihan.raju@gmail.com","actor_via_sso":false,"log_type":"token"}', '2025-09-10 09:40:08.304088+00', ''),
	('00000000-0000-0000-0000-000000000000', '6b8c9b91-2710-452b-abee-e72cbf1e60d3', '{"action":"token_refreshed","actor_id":"0772beaf-9ccd-48e7-a178-f5312ab5e7e3","actor_name":"Raihan Sharif","actor_username":"raihan.raju@gmail.com","actor_via_sso":false,"log_type":"token"}', '2025-09-10 15:13:14.72267+00', ''),
	('00000000-0000-0000-0000-000000000000', 'fdedd0d5-6e07-4870-886a-60d41cf709a2', '{"action":"token_revoked","actor_id":"0772beaf-9ccd-48e7-a178-f5312ab5e7e3","actor_name":"Raihan Sharif","actor_username":"raihan.raju@gmail.com","actor_via_sso":false,"log_type":"token"}', '2025-09-10 15:13:14.750417+00', ''),
	('00000000-0000-0000-0000-000000000000', '0c9d0615-5b24-4d72-b2a2-7c67e57d217e', '{"action":"token_refreshed","actor_id":"0772beaf-9ccd-48e7-a178-f5312ab5e7e3","actor_name":"Raihan Sharif","actor_username":"raihan.raju@gmail.com","actor_via_sso":false,"log_type":"token"}', '2025-09-10 15:13:14.824749+00', ''),
	('00000000-0000-0000-0000-000000000000', '3d4aa10b-7611-4264-b98c-f49fe08df6b5', '{"action":"token_refreshed","actor_id":"0772beaf-9ccd-48e7-a178-f5312ab5e7e3","actor_name":"Raihan Sharif","actor_username":"raihan.raju@gmail.com","actor_via_sso":false,"log_type":"token"}', '2025-09-10 15:13:14.839815+00', ''),
	('00000000-0000-0000-0000-000000000000', '6c855f61-af8b-48f9-853d-33b2ec3d2810', '{"action":"token_refreshed","actor_id":"0772beaf-9ccd-48e7-a178-f5312ab5e7e3","actor_name":"Raihan Sharif","actor_username":"raihan.raju@gmail.com","actor_via_sso":false,"log_type":"token"}', '2025-09-10 16:17:27.891644+00', ''),
	('00000000-0000-0000-0000-000000000000', '9ba86dcc-e627-4ced-8205-64a6c69d884a', '{"action":"token_revoked","actor_id":"0772beaf-9ccd-48e7-a178-f5312ab5e7e3","actor_name":"Raihan Sharif","actor_username":"raihan.raju@gmail.com","actor_via_sso":false,"log_type":"token"}', '2025-09-10 16:17:27.903283+00', ''),
	('00000000-0000-0000-0000-000000000000', 'fda2f206-0e67-4759-acc5-252ff6f2b944', '{"action":"token_refreshed","actor_id":"0772beaf-9ccd-48e7-a178-f5312ab5e7e3","actor_name":"Raihan Sharif","actor_username":"raihan.raju@gmail.com","actor_via_sso":false,"log_type":"token"}', '2025-09-10 16:17:27.95802+00', ''),
	('00000000-0000-0000-0000-000000000000', '4a867adb-e20f-4cc1-b41d-159352e54d39', '{"action":"token_refreshed","actor_id":"0772beaf-9ccd-48e7-a178-f5312ab5e7e3","actor_name":"Raihan Sharif","actor_username":"raihan.raju@gmail.com","actor_via_sso":false,"log_type":"token"}', '2025-09-10 16:17:27.995289+00', ''),
	('00000000-0000-0000-0000-000000000000', '19b8ab89-dd4d-45a3-a751-5d8d678f7296', '{"action":"token_refreshed","actor_id":"0772beaf-9ccd-48e7-a178-f5312ab5e7e3","actor_name":"Raihan Sharif","actor_username":"raihan.raju@gmail.com","actor_via_sso":false,"log_type":"token"}', '2025-09-10 16:17:28.307067+00', ''),
	('00000000-0000-0000-0000-000000000000', 'd758d311-4115-42d2-ac4d-d1eff4d7bc1a', '{"action":"token_refreshed","actor_id":"0772beaf-9ccd-48e7-a178-f5312ab5e7e3","actor_name":"Raihan Sharif","actor_username":"raihan.raju@gmail.com","actor_via_sso":false,"log_type":"token"}', '2025-09-10 17:16:23.760755+00', ''),
	('00000000-0000-0000-0000-000000000000', '274b9d08-0077-4440-8c0b-5d17f9e226fb', '{"action":"token_revoked","actor_id":"0772beaf-9ccd-48e7-a178-f5312ab5e7e3","actor_name":"Raihan Sharif","actor_username":"raihan.raju@gmail.com","actor_via_sso":false,"log_type":"token"}', '2025-09-10 17:16:23.779416+00', ''),
	('00000000-0000-0000-0000-000000000000', '55957b25-2638-4b41-96d9-bba05017b9e0', '{"action":"token_refreshed","actor_id":"0772beaf-9ccd-48e7-a178-f5312ab5e7e3","actor_name":"Raihan Sharif","actor_username":"raihan.raju@gmail.com","actor_via_sso":false,"log_type":"token"}', '2025-09-10 17:40:23.101333+00', ''),
	('00000000-0000-0000-0000-000000000000', '8704db8f-404f-4678-987d-2daa464ef6d1', '{"action":"token_revoked","actor_id":"0772beaf-9ccd-48e7-a178-f5312ab5e7e3","actor_name":"Raihan Sharif","actor_username":"raihan.raju@gmail.com","actor_via_sso":false,"log_type":"token"}', '2025-09-10 17:40:23.115485+00', ''),
	('00000000-0000-0000-0000-000000000000', '02c1dd44-289c-4582-9b86-8dbd8fd75070', '{"action":"logout","actor_id":"0772beaf-9ccd-48e7-a178-f5312ab5e7e3","actor_name":"Raihan Sharif","actor_username":"raihan.raju@gmail.com","actor_via_sso":false,"log_type":"account"}', '2025-09-10 17:45:52.498121+00', ''),
	('00000000-0000-0000-0000-000000000000', 'ec2967bb-ec28-4dd4-993d-2589ae6c93e7', '{"action":"login","actor_id":"0772beaf-9ccd-48e7-a178-f5312ab5e7e3","actor_name":"Raihan Sharif","actor_username":"raihan.raju@gmail.com","actor_via_sso":false,"log_type":"account","traits":{"provider":"email"}}', '2025-09-10 17:46:29.872153+00', ''),
	('00000000-0000-0000-0000-000000000000', 'c6124b10-718e-4fff-a7b9-d69ec9a24abf', '{"action":"logout","actor_id":"0772beaf-9ccd-48e7-a178-f5312ab5e7e3","actor_name":"Raihan Sharif","actor_username":"raihan.raju@gmail.com","actor_via_sso":false,"log_type":"account"}', '2025-09-10 17:46:40.774832+00', ''),
	('00000000-0000-0000-0000-000000000000', '1b0cd10d-1d86-4f9b-9216-0057e88cc228', '{"action":"login","actor_id":"0772beaf-9ccd-48e7-a178-f5312ab5e7e3","actor_name":"Raihan Sharif","actor_username":"raihan.raju@gmail.com","actor_via_sso":false,"log_type":"account","traits":{"provider":"email"}}', '2025-09-11 09:26:56.040235+00', ''),
	('00000000-0000-0000-0000-000000000000', '5a7ead03-7ef0-41ec-9859-d278648c7729', '{"action":"token_refreshed","actor_id":"0772beaf-9ccd-48e7-a178-f5312ab5e7e3","actor_name":"Raihan Sharif","actor_username":"raihan.raju@gmail.com","actor_via_sso":false,"log_type":"token"}', '2025-09-11 10:29:36.64065+00', ''),
	('00000000-0000-0000-0000-000000000000', 'f099077b-174c-476b-9957-32100445657d', '{"action":"token_revoked","actor_id":"0772beaf-9ccd-48e7-a178-f5312ab5e7e3","actor_name":"Raihan Sharif","actor_username":"raihan.raju@gmail.com","actor_via_sso":false,"log_type":"token"}', '2025-09-11 10:29:36.661411+00', ''),
	('00000000-0000-0000-0000-000000000000', 'bc931b49-e82d-4607-8c7e-82ec1b68f1df', '{"action":"login","actor_id":"0772beaf-9ccd-48e7-a178-f5312ab5e7e3","actor_name":"Raihan Sharif","actor_username":"raihan.raju@gmail.com","actor_via_sso":false,"log_type":"account","traits":{"provider":"email"}}', '2025-09-11 17:26:31.49798+00', ''),
	('00000000-0000-0000-0000-000000000000', '547cfe52-e957-4cbd-afa4-374b8ca5bbb6', '{"action":"token_refreshed","actor_id":"0772beaf-9ccd-48e7-a178-f5312ab5e7e3","actor_name":"Raihan Sharif","actor_username":"raihan.raju@gmail.com","actor_via_sso":false,"log_type":"token"}', '2025-09-11 18:25:15.563504+00', ''),
	('00000000-0000-0000-0000-000000000000', 'daa8f15e-3702-4f03-ba74-3fcf5dce4530', '{"action":"token_revoked","actor_id":"0772beaf-9ccd-48e7-a178-f5312ab5e7e3","actor_name":"Raihan Sharif","actor_username":"raihan.raju@gmail.com","actor_via_sso":false,"log_type":"token"}', '2025-09-11 18:25:15.591844+00', ''),
	('00000000-0000-0000-0000-000000000000', '85525be2-25ea-468e-82d0-db789bbd4f0c', '{"action":"login","actor_id":"0772beaf-9ccd-48e7-a178-f5312ab5e7e3","actor_name":"Raihan Sharif","actor_username":"raihan.raju@gmail.com","actor_via_sso":false,"log_type":"account","traits":{"provider":"email"}}', '2025-09-12 06:30:54.905228+00', ''),
	('00000000-0000-0000-0000-000000000000', '63792a73-f19c-498f-93ff-bcec54bd17d7', '{"action":"token_refreshed","actor_id":"0772beaf-9ccd-48e7-a178-f5312ab5e7e3","actor_name":"Raihan Sharif","actor_username":"raihan.raju@gmail.com","actor_via_sso":false,"log_type":"token"}', '2025-09-12 07:04:04.17991+00', ''),
	('00000000-0000-0000-0000-000000000000', '9a62f9fe-53c0-4da2-8872-5f2345437ea0', '{"action":"token_revoked","actor_id":"0772beaf-9ccd-48e7-a178-f5312ab5e7e3","actor_name":"Raihan Sharif","actor_username":"raihan.raju@gmail.com","actor_via_sso":false,"log_type":"token"}', '2025-09-12 07:04:04.205399+00', ''),
	('00000000-0000-0000-0000-000000000000', '40c380d3-d1c3-48b7-8c6e-f6e5ef2c35f9', '{"action":"token_refreshed","actor_id":"0772beaf-9ccd-48e7-a178-f5312ab5e7e3","actor_name":"Raihan Sharif","actor_username":"raihan.raju@gmail.com","actor_via_sso":false,"log_type":"token"}', '2025-09-12 07:04:04.264548+00', ''),
	('00000000-0000-0000-0000-000000000000', '3f575d40-8de1-4b7f-b044-1ce1b6e71a60', '{"action":"token_refreshed","actor_id":"0772beaf-9ccd-48e7-a178-f5312ab5e7e3","actor_name":"Raihan Sharif","actor_username":"raihan.raju@gmail.com","actor_via_sso":false,"log_type":"token"}', '2025-09-12 07:29:51.351618+00', ''),
	('00000000-0000-0000-0000-000000000000', '4f86ecaa-340a-40a2-9d63-e52f74d83085', '{"action":"token_revoked","actor_id":"0772beaf-9ccd-48e7-a178-f5312ab5e7e3","actor_name":"Raihan Sharif","actor_username":"raihan.raju@gmail.com","actor_via_sso":false,"log_type":"token"}', '2025-09-12 07:29:51.371713+00', ''),
	('00000000-0000-0000-0000-000000000000', 'fa0c0c5d-ccb8-4032-b3d7-7bc64a54da1c', '{"action":"token_refreshed","actor_id":"0772beaf-9ccd-48e7-a178-f5312ab5e7e3","actor_name":"Raihan Sharif","actor_username":"raihan.raju@gmail.com","actor_via_sso":false,"log_type":"token"}', '2025-09-12 08:02:57.193769+00', ''),
	('00000000-0000-0000-0000-000000000000', '642c8c23-d220-4b98-b1c6-454aff4eaeb2', '{"action":"token_revoked","actor_id":"0772beaf-9ccd-48e7-a178-f5312ab5e7e3","actor_name":"Raihan Sharif","actor_username":"raihan.raju@gmail.com","actor_via_sso":false,"log_type":"token"}', '2025-09-12 08:02:57.217664+00', ''),
	('00000000-0000-0000-0000-000000000000', '01b164c0-fe65-48a2-9519-0f617e808bf9', '{"action":"token_refreshed","actor_id":"0772beaf-9ccd-48e7-a178-f5312ab5e7e3","actor_name":"Raihan Sharif","actor_username":"raihan.raju@gmail.com","actor_via_sso":false,"log_type":"token"}', '2025-09-12 08:28:51.00666+00', ''),
	('00000000-0000-0000-0000-000000000000', 'ce950473-bef2-406a-99fa-dba6a55fa077', '{"action":"token_revoked","actor_id":"0772beaf-9ccd-48e7-a178-f5312ab5e7e3","actor_name":"Raihan Sharif","actor_username":"raihan.raju@gmail.com","actor_via_sso":false,"log_type":"token"}', '2025-09-12 08:28:51.022376+00', ''),
	('00000000-0000-0000-0000-000000000000', '9bdd11d0-7ccc-44de-9f6c-8b0571c622f5', '{"action":"token_refreshed","actor_id":"0772beaf-9ccd-48e7-a178-f5312ab5e7e3","actor_name":"Raihan Sharif","actor_username":"raihan.raju@gmail.com","actor_via_sso":false,"log_type":"token"}', '2025-09-12 09:01:38.307884+00', ''),
	('00000000-0000-0000-0000-000000000000', '34fed249-7b12-41da-be09-26e7f8a8610f', '{"action":"token_revoked","actor_id":"0772beaf-9ccd-48e7-a178-f5312ab5e7e3","actor_name":"Raihan Sharif","actor_username":"raihan.raju@gmail.com","actor_via_sso":false,"log_type":"token"}', '2025-09-12 09:01:38.332486+00', ''),
	('00000000-0000-0000-0000-000000000000', '57b47d3b-13a7-4949-a926-27894fba7f64', '{"action":"token_refreshed","actor_id":"0772beaf-9ccd-48e7-a178-f5312ab5e7e3","actor_name":"Raihan Sharif","actor_username":"raihan.raju@gmail.com","actor_via_sso":false,"log_type":"token"}', '2025-09-12 09:27:51.309654+00', ''),
	('00000000-0000-0000-0000-000000000000', 'bcc40aa1-1bda-4021-a053-c9b6542fcc19', '{"action":"token_revoked","actor_id":"0772beaf-9ccd-48e7-a178-f5312ab5e7e3","actor_name":"Raihan Sharif","actor_username":"raihan.raju@gmail.com","actor_via_sso":false,"log_type":"token"}', '2025-09-12 09:27:51.323155+00', ''),
	('00000000-0000-0000-0000-000000000000', 'b744f4df-1281-4573-b0bd-aceeadce824c', '{"action":"token_refreshed","actor_id":"0772beaf-9ccd-48e7-a178-f5312ab5e7e3","actor_name":"Raihan Sharif","actor_username":"raihan.raju@gmail.com","actor_via_sso":false,"log_type":"token"}', '2025-09-12 10:00:10.565174+00', ''),
	('00000000-0000-0000-0000-000000000000', '537cb55a-643d-4b55-b6c4-b34351859183', '{"action":"token_revoked","actor_id":"0772beaf-9ccd-48e7-a178-f5312ab5e7e3","actor_name":"Raihan Sharif","actor_username":"raihan.raju@gmail.com","actor_via_sso":false,"log_type":"token"}', '2025-09-12 10:00:10.580048+00', ''),
	('00000000-0000-0000-0000-000000000000', '8e9dbe83-4321-4583-9613-22374fa1a9fd', '{"action":"token_refreshed","actor_id":"0772beaf-9ccd-48e7-a178-f5312ab5e7e3","actor_name":"Raihan Sharif","actor_username":"raihan.raju@gmail.com","actor_via_sso":false,"log_type":"token"}', '2025-09-12 10:26:51.427091+00', ''),
	('00000000-0000-0000-0000-000000000000', 'e9698b15-0950-4202-a79a-9374827014be', '{"action":"token_revoked","actor_id":"0772beaf-9ccd-48e7-a178-f5312ab5e7e3","actor_name":"Raihan Sharif","actor_username":"raihan.raju@gmail.com","actor_via_sso":false,"log_type":"token"}', '2025-09-12 10:26:51.440214+00', ''),
	('00000000-0000-0000-0000-000000000000', 'cd7a9672-8309-46de-ae86-351291e41621', '{"action":"token_refreshed","actor_id":"0772beaf-9ccd-48e7-a178-f5312ab5e7e3","actor_name":"Raihan Sharif","actor_username":"raihan.raju@gmail.com","actor_via_sso":false,"log_type":"token"}', '2025-09-12 10:59:02.635761+00', ''),
	('00000000-0000-0000-0000-000000000000', '9a144c51-2b97-4088-a34d-9f35f7532c0f', '{"action":"token_revoked","actor_id":"0772beaf-9ccd-48e7-a178-f5312ab5e7e3","actor_name":"Raihan Sharif","actor_username":"raihan.raju@gmail.com","actor_via_sso":false,"log_type":"token"}', '2025-09-12 10:59:02.655821+00', ''),
	('00000000-0000-0000-0000-000000000000', '44691cc0-c23e-49e0-9154-228ed60f1331', '{"action":"token_refreshed","actor_id":"0772beaf-9ccd-48e7-a178-f5312ab5e7e3","actor_name":"Raihan Sharif","actor_username":"raihan.raju@gmail.com","actor_via_sso":false,"log_type":"token"}', '2025-09-12 11:25:51.063513+00', ''),
	('00000000-0000-0000-0000-000000000000', '82ad22bf-23db-43e0-bab6-4c851b2470bd', '{"action":"token_revoked","actor_id":"0772beaf-9ccd-48e7-a178-f5312ab5e7e3","actor_name":"Raihan Sharif","actor_username":"raihan.raju@gmail.com","actor_via_sso":false,"log_type":"token"}', '2025-09-12 11:25:51.079663+00', ''),
	('00000000-0000-0000-0000-000000000000', '36ed7747-7239-4cd9-8cbe-0ea69b52a843', '{"action":"token_refreshed","actor_id":"0772beaf-9ccd-48e7-a178-f5312ab5e7e3","actor_name":"Raihan Sharif","actor_username":"raihan.raju@gmail.com","actor_via_sso":false,"log_type":"token"}', '2025-09-12 11:57:42.530415+00', ''),
	('00000000-0000-0000-0000-000000000000', '38c794c8-8cf3-4d37-a5f3-a4a6d082d492', '{"action":"token_revoked","actor_id":"0772beaf-9ccd-48e7-a178-f5312ab5e7e3","actor_name":"Raihan Sharif","actor_username":"raihan.raju@gmail.com","actor_via_sso":false,"log_type":"token"}', '2025-09-12 11:57:42.547187+00', ''),
	('00000000-0000-0000-0000-000000000000', 'd5aead48-8188-46b6-b892-3afa3da8b520', '{"action":"token_refreshed","actor_id":"0772beaf-9ccd-48e7-a178-f5312ab5e7e3","actor_name":"Raihan Sharif","actor_username":"raihan.raju@gmail.com","actor_via_sso":false,"log_type":"token"}', '2025-09-12 12:24:51.399848+00', ''),
	('00000000-0000-0000-0000-000000000000', 'b072038b-493f-4c64-a104-60b600e9fb22', '{"action":"token_revoked","actor_id":"0772beaf-9ccd-48e7-a178-f5312ab5e7e3","actor_name":"Raihan Sharif","actor_username":"raihan.raju@gmail.com","actor_via_sso":false,"log_type":"token"}', '2025-09-12 12:24:51.417531+00', ''),
	('00000000-0000-0000-0000-000000000000', '76b22e68-dac9-4fb1-be5d-b6bfad6834b5', '{"action":"token_refreshed","actor_id":"0772beaf-9ccd-48e7-a178-f5312ab5e7e3","actor_name":"Raihan Sharif","actor_username":"raihan.raju@gmail.com","actor_via_sso":false,"log_type":"token"}', '2025-09-12 12:56:15.524448+00', ''),
	('00000000-0000-0000-0000-000000000000', 'ec8a7b2b-c6b7-401f-a64a-8ffa65687bdc', '{"action":"token_revoked","actor_id":"0772beaf-9ccd-48e7-a178-f5312ab5e7e3","actor_name":"Raihan Sharif","actor_username":"raihan.raju@gmail.com","actor_via_sso":false,"log_type":"token"}', '2025-09-12 12:56:15.540206+00', ''),
	('00000000-0000-0000-0000-000000000000', '1d882d69-ede5-40da-8f34-b2017fdb655c', '{"action":"token_refreshed","actor_id":"0772beaf-9ccd-48e7-a178-f5312ab5e7e3","actor_name":"Raihan Sharif","actor_username":"raihan.raju@gmail.com","actor_via_sso":false,"log_type":"token"}', '2025-09-12 13:23:51.512568+00', ''),
	('00000000-0000-0000-0000-000000000000', '3f2cb51b-7fe2-4731-b9b2-3abc056bcd93', '{"action":"token_revoked","actor_id":"0772beaf-9ccd-48e7-a178-f5312ab5e7e3","actor_name":"Raihan Sharif","actor_username":"raihan.raju@gmail.com","actor_via_sso":false,"log_type":"token"}', '2025-09-12 13:23:51.532068+00', ''),
	('00000000-0000-0000-0000-000000000000', '44d9fcd6-935c-4886-8697-c9a495c234b5', '{"action":"token_refreshed","actor_id":"0772beaf-9ccd-48e7-a178-f5312ab5e7e3","actor_name":"Raihan Sharif","actor_username":"raihan.raju@gmail.com","actor_via_sso":false,"log_type":"token"}', '2025-09-12 13:54:48.634637+00', ''),
	('00000000-0000-0000-0000-000000000000', '8b77b7bc-da77-4a27-81f7-aebbe7495b41', '{"action":"token_revoked","actor_id":"0772beaf-9ccd-48e7-a178-f5312ab5e7e3","actor_name":"Raihan Sharif","actor_username":"raihan.raju@gmail.com","actor_via_sso":false,"log_type":"token"}', '2025-09-12 13:54:48.648027+00', ''),
	('00000000-0000-0000-0000-000000000000', '45d3c9fd-d153-494d-aae1-ac79bc70d4c8', '{"action":"token_refreshed","actor_id":"0772beaf-9ccd-48e7-a178-f5312ab5e7e3","actor_name":"Raihan Sharif","actor_username":"raihan.raju@gmail.com","actor_via_sso":false,"log_type":"token"}', '2025-09-12 14:22:51.327692+00', ''),
	('00000000-0000-0000-0000-000000000000', '41a17ac2-c1fb-4ba1-a71b-a18c60dce91a', '{"action":"token_revoked","actor_id":"0772beaf-9ccd-48e7-a178-f5312ab5e7e3","actor_name":"Raihan Sharif","actor_username":"raihan.raju@gmail.com","actor_via_sso":false,"log_type":"token"}', '2025-09-12 14:22:51.341473+00', ''),
	('00000000-0000-0000-0000-000000000000', '50775d5d-dc20-46f5-8c59-779ad806b6c7', '{"action":"token_refreshed","actor_id":"0772beaf-9ccd-48e7-a178-f5312ab5e7e3","actor_name":"Raihan Sharif","actor_username":"raihan.raju@gmail.com","actor_via_sso":false,"log_type":"token"}', '2025-09-12 14:53:37.535932+00', ''),
	('00000000-0000-0000-0000-000000000000', '3fd93a39-5166-435c-95c4-861c2937b5ea', '{"action":"token_revoked","actor_id":"0772beaf-9ccd-48e7-a178-f5312ab5e7e3","actor_name":"Raihan Sharif","actor_username":"raihan.raju@gmail.com","actor_via_sso":false,"log_type":"token"}', '2025-09-12 14:53:37.554779+00', ''),
	('00000000-0000-0000-0000-000000000000', 'ff454506-e65f-4d8d-800e-c032b49910d7', '{"action":"login","actor_id":"0772beaf-9ccd-48e7-a178-f5312ab5e7e3","actor_name":"Raihan Sharif","actor_username":"raihan.raju@gmail.com","actor_via_sso":false,"log_type":"account","traits":{"provider":"email"}}', '2025-09-12 15:17:26.215247+00', ''),
	('00000000-0000-0000-0000-000000000000', 'b8d72eb3-b2ce-4324-a26d-53dcaea266f7', '{"action":"token_refreshed","actor_id":"0772beaf-9ccd-48e7-a178-f5312ab5e7e3","actor_name":"Raihan Sharif","actor_username":"raihan.raju@gmail.com","actor_via_sso":false,"log_type":"token"}', '2025-09-12 15:21:50.445568+00', ''),
	('00000000-0000-0000-0000-000000000000', '8dffe448-a6a8-4116-a4ec-ed6e9d8c4efb', '{"action":"token_revoked","actor_id":"0772beaf-9ccd-48e7-a178-f5312ab5e7e3","actor_name":"Raihan Sharif","actor_username":"raihan.raju@gmail.com","actor_via_sso":false,"log_type":"token"}', '2025-09-12 15:21:50.449434+00', ''),
	('00000000-0000-0000-0000-000000000000', '60fdd760-6c4e-4d5c-b183-bca7184537ff', '{"action":"token_refreshed","actor_id":"0772beaf-9ccd-48e7-a178-f5312ab5e7e3","actor_name":"Raihan Sharif","actor_username":"raihan.raju@gmail.com","actor_via_sso":false,"log_type":"token"}', '2025-09-12 15:52:14.874649+00', ''),
	('00000000-0000-0000-0000-000000000000', '0013e87e-bdc6-4fe1-8434-a866985d0784', '{"action":"token_revoked","actor_id":"0772beaf-9ccd-48e7-a178-f5312ab5e7e3","actor_name":"Raihan Sharif","actor_username":"raihan.raju@gmail.com","actor_via_sso":false,"log_type":"token"}', '2025-09-12 15:52:14.890644+00', ''),
	('00000000-0000-0000-0000-000000000000', '927b057a-7491-4198-b8bb-5c0c48ffdde9', '{"action":"token_refreshed","actor_id":"0772beaf-9ccd-48e7-a178-f5312ab5e7e3","actor_name":"Raihan Sharif","actor_username":"raihan.raju@gmail.com","actor_via_sso":false,"log_type":"token"}', '2025-09-12 16:20:51.603916+00', ''),
	('00000000-0000-0000-0000-000000000000', '1b7fa2d1-1d4d-4ae2-bc2c-c32d29357907', '{"action":"token_revoked","actor_id":"0772beaf-9ccd-48e7-a178-f5312ab5e7e3","actor_name":"Raihan Sharif","actor_username":"raihan.raju@gmail.com","actor_via_sso":false,"log_type":"token"}', '2025-09-12 16:20:51.628386+00', ''),
	('00000000-0000-0000-0000-000000000000', '7a2b0779-0e51-4154-b70f-5f92902cda73', '{"action":"token_refreshed","actor_id":"0772beaf-9ccd-48e7-a178-f5312ab5e7e3","actor_name":"Raihan Sharif","actor_username":"raihan.raju@gmail.com","actor_via_sso":false,"log_type":"token"}', '2025-09-12 16:50:48.268899+00', ''),
	('00000000-0000-0000-0000-000000000000', '44be6f55-59ea-461e-9928-67c39c9c4375', '{"action":"token_revoked","actor_id":"0772beaf-9ccd-48e7-a178-f5312ab5e7e3","actor_name":"Raihan Sharif","actor_username":"raihan.raju@gmail.com","actor_via_sso":false,"log_type":"token"}', '2025-09-12 16:50:48.285865+00', ''),
	('00000000-0000-0000-0000-000000000000', '1b7be778-6bb8-4e54-8329-3bdd74dd55f4', '{"action":"token_refreshed","actor_id":"0772beaf-9ccd-48e7-a178-f5312ab5e7e3","actor_name":"Raihan Sharif","actor_username":"raihan.raju@gmail.com","actor_via_sso":false,"log_type":"token"}', '2025-09-12 17:19:50.717261+00', ''),
	('00000000-0000-0000-0000-000000000000', '2d57decb-b31d-4c7d-95b3-656ccda24380', '{"action":"token_revoked","actor_id":"0772beaf-9ccd-48e7-a178-f5312ab5e7e3","actor_name":"Raihan Sharif","actor_username":"raihan.raju@gmail.com","actor_via_sso":false,"log_type":"token"}', '2025-09-12 17:19:50.729283+00', ''),
	('00000000-0000-0000-0000-000000000000', 'cbaa3fd2-5c23-4012-b290-c2518beb9580', '{"action":"token_refreshed","actor_id":"0772beaf-9ccd-48e7-a178-f5312ab5e7e3","actor_name":"Raihan Sharif","actor_username":"raihan.raju@gmail.com","actor_via_sso":false,"log_type":"token"}', '2025-09-12 17:48:56.748185+00', ''),
	('00000000-0000-0000-0000-000000000000', '36f6ac95-31d7-46a3-af99-1f649e32b4cd', '{"action":"token_revoked","actor_id":"0772beaf-9ccd-48e7-a178-f5312ab5e7e3","actor_name":"Raihan Sharif","actor_username":"raihan.raju@gmail.com","actor_via_sso":false,"log_type":"token"}', '2025-09-12 17:48:56.759638+00', ''),
	('00000000-0000-0000-0000-000000000000', '7af9188c-f4fa-48fc-aba9-8524b2210815', '{"action":"token_refreshed","actor_id":"0772beaf-9ccd-48e7-a178-f5312ab5e7e3","actor_name":"Raihan Sharif","actor_username":"raihan.raju@gmail.com","actor_via_sso":false,"log_type":"token"}', '2025-09-14 09:23:04.638374+00', ''),
	('00000000-0000-0000-0000-000000000000', 'd8ad29f5-b95b-4305-87ea-c2c7aff29b9e', '{"action":"token_revoked","actor_id":"0772beaf-9ccd-48e7-a178-f5312ab5e7e3","actor_name":"Raihan Sharif","actor_username":"raihan.raju@gmail.com","actor_via_sso":false,"log_type":"token"}', '2025-09-14 09:23:04.664467+00', ''),
	('00000000-0000-0000-0000-000000000000', '7903a496-301c-4e1d-b1f5-57730b85831a', '{"action":"token_refreshed","actor_id":"0772beaf-9ccd-48e7-a178-f5312ab5e7e3","actor_name":"Raihan Sharif","actor_username":"raihan.raju@gmail.com","actor_via_sso":false,"log_type":"token"}', '2025-09-14 16:38:26.615379+00', ''),
	('00000000-0000-0000-0000-000000000000', 'ea4dcb09-ea2a-4a9e-8d65-cb12f4343a43', '{"action":"token_revoked","actor_id":"0772beaf-9ccd-48e7-a178-f5312ab5e7e3","actor_name":"Raihan Sharif","actor_username":"raihan.raju@gmail.com","actor_via_sso":false,"log_type":"token"}', '2025-09-14 16:38:26.625678+00', ''),
	('00000000-0000-0000-0000-000000000000', '4d85561e-85cb-4d13-bf35-fd75057655bc', '{"action":"token_refreshed","actor_id":"0772beaf-9ccd-48e7-a178-f5312ab5e7e3","actor_name":"Raihan Sharif","actor_username":"raihan.raju@gmail.com","actor_via_sso":false,"log_type":"token"}', '2025-09-14 16:38:26.673702+00', ''),
	('00000000-0000-0000-0000-000000000000', '7b2f7dd8-685a-44b0-8373-50e60b437407', '{"action":"token_refreshed","actor_id":"0772beaf-9ccd-48e7-a178-f5312ab5e7e3","actor_name":"Raihan Sharif","actor_username":"raihan.raju@gmail.com","actor_via_sso":false,"log_type":"token"}', '2025-09-15 15:54:08.655989+00', ''),
	('00000000-0000-0000-0000-000000000000', 'a76b56c9-38ee-4d36-a710-50273336b21e', '{"action":"token_revoked","actor_id":"0772beaf-9ccd-48e7-a178-f5312ab5e7e3","actor_name":"Raihan Sharif","actor_username":"raihan.raju@gmail.com","actor_via_sso":false,"log_type":"token"}', '2025-09-15 15:54:08.672782+00', ''),
	('00000000-0000-0000-0000-000000000000', 'ba6f4efd-e34a-4ef9-8eef-e9eec729064e', '{"action":"token_refreshed","actor_id":"0772beaf-9ccd-48e7-a178-f5312ab5e7e3","actor_name":"Raihan Sharif","actor_username":"raihan.raju@gmail.com","actor_via_sso":false,"log_type":"token"}', '2025-09-15 16:57:26.620653+00', ''),
	('00000000-0000-0000-0000-000000000000', '9cdcac05-e913-4efc-93a5-f66a87c44ac5', '{"action":"token_revoked","actor_id":"0772beaf-9ccd-48e7-a178-f5312ab5e7e3","actor_name":"Raihan Sharif","actor_username":"raihan.raju@gmail.com","actor_via_sso":false,"log_type":"token"}', '2025-09-15 16:57:26.630392+00', ''),
	('00000000-0000-0000-0000-000000000000', 'df9f5894-45c2-44e4-a330-06af62bb5558', '{"action":"token_refreshed","actor_id":"0772beaf-9ccd-48e7-a178-f5312ab5e7e3","actor_name":"Raihan Sharif","actor_username":"raihan.raju@gmail.com","actor_via_sso":false,"log_type":"token"}', '2025-09-15 16:59:04.892765+00', ''),
	('00000000-0000-0000-0000-000000000000', 'd0119905-b726-4e6f-a8bd-fa5960511a10', '{"action":"token_revoked","actor_id":"0772beaf-9ccd-48e7-a178-f5312ab5e7e3","actor_name":"Raihan Sharif","actor_username":"raihan.raju@gmail.com","actor_via_sso":false,"log_type":"token"}', '2025-09-15 16:59:04.894179+00', ''),
	('00000000-0000-0000-0000-000000000000', '3e02de3f-bf22-4776-a502-a4f972a8fdd7', '{"action":"token_refreshed","actor_id":"0772beaf-9ccd-48e7-a178-f5312ab5e7e3","actor_name":"Raihan Sharif","actor_username":"raihan.raju@gmail.com","actor_via_sso":false,"log_type":"token"}', '2025-09-15 16:59:04.928066+00', ''),
	('00000000-0000-0000-0000-000000000000', '9438ed08-4cb2-44d7-8e7e-db0a9bc9c4d0', '{"action":"token_refreshed","actor_id":"0772beaf-9ccd-48e7-a178-f5312ab5e7e3","actor_name":"Raihan Sharif","actor_username":"raihan.raju@gmail.com","actor_via_sso":false,"log_type":"token"}', '2025-09-15 16:59:05.774629+00', ''),
	('00000000-0000-0000-0000-000000000000', 'a6cc3dd1-c3d1-4c96-a698-7538b81d3e13', '{"action":"token_refreshed","actor_id":"0772beaf-9ccd-48e7-a178-f5312ab5e7e3","actor_name":"Raihan Sharif","actor_username":"raihan.raju@gmail.com","actor_via_sso":false,"log_type":"token"}', '2025-09-15 17:59:39.893628+00', ''),
	('00000000-0000-0000-0000-000000000000', '36437a17-3592-497d-ba58-6ca2b5250f6b', '{"action":"token_revoked","actor_id":"0772beaf-9ccd-48e7-a178-f5312ab5e7e3","actor_name":"Raihan Sharif","actor_username":"raihan.raju@gmail.com","actor_via_sso":false,"log_type":"token"}', '2025-09-15 17:59:39.909987+00', ''),
	('00000000-0000-0000-0000-000000000000', 'ce5bfc77-d603-4383-8b09-88913183157d', '{"action":"token_refreshed","actor_id":"0772beaf-9ccd-48e7-a178-f5312ab5e7e3","actor_name":"Raihan Sharif","actor_username":"raihan.raju@gmail.com","actor_via_sso":false,"log_type":"token"}', '2025-09-15 17:59:39.943089+00', ''),
	('00000000-0000-0000-0000-000000000000', '5302c6bb-f396-4b94-89d7-b5e05c27b5c4', '{"action":"token_refreshed","actor_id":"0772beaf-9ccd-48e7-a178-f5312ab5e7e3","actor_name":"Raihan Sharif","actor_username":"raihan.raju@gmail.com","actor_via_sso":false,"log_type":"token"}', '2025-09-15 17:59:40.916141+00', ''),
	('00000000-0000-0000-0000-000000000000', '8ed3626c-a277-4fe2-bc7f-79019f536e1f', '{"action":"token_refreshed","actor_id":"0772beaf-9ccd-48e7-a178-f5312ab5e7e3","actor_name":"Raihan Sharif","actor_username":"raihan.raju@gmail.com","actor_via_sso":false,"log_type":"token"}', '2025-09-15 18:06:25.872021+00', ''),
	('00000000-0000-0000-0000-000000000000', '529dd39e-eb86-4648-b704-a68cc1550615', '{"action":"token_revoked","actor_id":"0772beaf-9ccd-48e7-a178-f5312ab5e7e3","actor_name":"Raihan Sharif","actor_username":"raihan.raju@gmail.com","actor_via_sso":false,"log_type":"token"}', '2025-09-15 18:06:25.888478+00', ''),
	('00000000-0000-0000-0000-000000000000', '32e2e6fc-9367-4dad-abc4-3ad0d4f1211e', '{"action":"login","actor_id":"0772beaf-9ccd-48e7-a178-f5312ab5e7e3","actor_name":"Raihan Sharif","actor_username":"raihan.raju@gmail.com","actor_via_sso":false,"log_type":"account","traits":{"provider":"email"}}', '2025-09-17 05:39:55.009829+00', ''),
	('00000000-0000-0000-0000-000000000000', '91ae19a3-4ddf-4302-bb39-4383d22b4ac1', '{"action":"token_refreshed","actor_id":"0772beaf-9ccd-48e7-a178-f5312ab5e7e3","actor_name":"Raihan Sharif","actor_username":"raihan.raju@gmail.com","actor_via_sso":false,"log_type":"token"}', '2025-09-17 06:38:44.266425+00', ''),
	('00000000-0000-0000-0000-000000000000', '1f26b40d-fe59-460f-8e2f-f702618d8225', '{"action":"token_revoked","actor_id":"0772beaf-9ccd-48e7-a178-f5312ab5e7e3","actor_name":"Raihan Sharif","actor_username":"raihan.raju@gmail.com","actor_via_sso":false,"log_type":"token"}', '2025-09-17 06:38:44.277733+00', ''),
	('00000000-0000-0000-0000-000000000000', 'd606a847-ae1a-4f58-9359-248616b56186', '{"action":"token_refreshed","actor_id":"0772beaf-9ccd-48e7-a178-f5312ab5e7e3","actor_name":"Raihan Sharif","actor_username":"raihan.raju@gmail.com","actor_via_sso":false,"log_type":"token"}', '2025-09-17 09:02:42.51301+00', ''),
	('00000000-0000-0000-0000-000000000000', '07220ba0-893a-45a4-ba3e-a9c9ad920108', '{"action":"token_revoked","actor_id":"0772beaf-9ccd-48e7-a178-f5312ab5e7e3","actor_name":"Raihan Sharif","actor_username":"raihan.raju@gmail.com","actor_via_sso":false,"log_type":"token"}', '2025-09-17 09:02:42.521321+00', ''),
	('00000000-0000-0000-0000-000000000000', 'e331fdca-b886-4e5b-be97-1647bc324b55', '{"action":"token_refreshed","actor_id":"0772beaf-9ccd-48e7-a178-f5312ab5e7e3","actor_name":"Raihan Sharif","actor_username":"raihan.raju@gmail.com","actor_via_sso":false,"log_type":"token"}', '2025-09-17 09:02:42.567108+00', ''),
	('00000000-0000-0000-0000-000000000000', 'b63f0026-221f-4c51-a2dc-86b0fb687e11', '{"action":"token_refreshed","actor_id":"0772beaf-9ccd-48e7-a178-f5312ab5e7e3","actor_name":"Raihan Sharif","actor_username":"raihan.raju@gmail.com","actor_via_sso":false,"log_type":"token"}', '2025-09-17 09:07:44.023272+00', ''),
	('00000000-0000-0000-0000-000000000000', '4c2969af-89a8-4294-9905-9ac5420bf9c2', '{"action":"token_refreshed","actor_id":"0772beaf-9ccd-48e7-a178-f5312ab5e7e3","actor_name":"Raihan Sharif","actor_username":"raihan.raju@gmail.com","actor_via_sso":false,"log_type":"token"}', '2025-09-17 10:03:01.205524+00', ''),
	('00000000-0000-0000-0000-000000000000', '09598d92-fdd5-434a-bef3-51135f0847aa', '{"action":"token_revoked","actor_id":"0772beaf-9ccd-48e7-a178-f5312ab5e7e3","actor_name":"Raihan Sharif","actor_username":"raihan.raju@gmail.com","actor_via_sso":false,"log_type":"token"}', '2025-09-17 10:03:01.227598+00', ''),
	('00000000-0000-0000-0000-000000000000', '270be9a3-ae0f-48a2-a948-53a70023975e', '{"action":"token_refreshed","actor_id":"0772beaf-9ccd-48e7-a178-f5312ab5e7e3","actor_name":"Raihan Sharif","actor_username":"raihan.raju@gmail.com","actor_via_sso":false,"log_type":"token"}', '2025-09-17 11:01:35.088032+00', ''),
	('00000000-0000-0000-0000-000000000000', '97248d30-bd22-4acd-8e05-6c594e0debc0', '{"action":"token_revoked","actor_id":"0772beaf-9ccd-48e7-a178-f5312ab5e7e3","actor_name":"Raihan Sharif","actor_username":"raihan.raju@gmail.com","actor_via_sso":false,"log_type":"token"}', '2025-09-17 11:01:35.10038+00', ''),
	('00000000-0000-0000-0000-000000000000', 'a357d5a1-78f4-477f-a942-763aad43b83d', '{"action":"token_refreshed","actor_id":"0772beaf-9ccd-48e7-a178-f5312ab5e7e3","actor_name":"Raihan Sharif","actor_username":"raihan.raju@gmail.com","actor_via_sso":false,"log_type":"token"}', '2025-09-18 09:38:54.637092+00', ''),
	('00000000-0000-0000-0000-000000000000', '1df19dd8-39f4-4029-ae0a-0333ce5887b0', '{"action":"token_revoked","actor_id":"0772beaf-9ccd-48e7-a178-f5312ab5e7e3","actor_name":"Raihan Sharif","actor_username":"raihan.raju@gmail.com","actor_via_sso":false,"log_type":"token"}', '2025-09-18 09:38:54.649684+00', ''),
	('00000000-0000-0000-0000-000000000000', '03666984-5ae6-4fad-99a2-3154bf74b554', '{"action":"token_refreshed","actor_id":"0772beaf-9ccd-48e7-a178-f5312ab5e7e3","actor_name":"Raihan Sharif","actor_username":"raihan.raju@gmail.com","actor_via_sso":false,"log_type":"token"}', '2025-09-18 09:38:54.707587+00', ''),
	('00000000-0000-0000-0000-000000000000', '09019692-27df-4f72-b167-30054cdd8267', '{"action":"token_refreshed","actor_id":"0772beaf-9ccd-48e7-a178-f5312ab5e7e3","actor_name":"Raihan Sharif","actor_username":"raihan.raju@gmail.com","actor_via_sso":false,"log_type":"token"}', '2025-09-18 09:38:54.736244+00', ''),
	('00000000-0000-0000-0000-000000000000', '530a7419-2e8f-4200-b39a-f5e1bb7274c0', '{"action":"token_refreshed","actor_id":"0772beaf-9ccd-48e7-a178-f5312ab5e7e3","actor_name":"Raihan Sharif","actor_username":"raihan.raju@gmail.com","actor_via_sso":false,"log_type":"token"}', '2025-09-18 10:37:38.406513+00', ''),
	('00000000-0000-0000-0000-000000000000', 'a57979e0-7dcf-4db7-9fa5-947298b672c8', '{"action":"token_revoked","actor_id":"0772beaf-9ccd-48e7-a178-f5312ab5e7e3","actor_name":"Raihan Sharif","actor_username":"raihan.raju@gmail.com","actor_via_sso":false,"log_type":"token"}', '2025-09-18 10:37:38.421672+00', ''),
	('00000000-0000-0000-0000-000000000000', '5c4a2d00-e072-4565-a679-9b4eb4d9cf86', '{"action":"token_refreshed","actor_id":"0772beaf-9ccd-48e7-a178-f5312ab5e7e3","actor_name":"Raihan Sharif","actor_username":"raihan.raju@gmail.com","actor_via_sso":false,"log_type":"token"}', '2025-09-18 11:36:34.00168+00', ''),
	('00000000-0000-0000-0000-000000000000', 'bd423ade-ae12-4353-857b-bfa5e744baca', '{"action":"token_revoked","actor_id":"0772beaf-9ccd-48e7-a178-f5312ab5e7e3","actor_name":"Raihan Sharif","actor_username":"raihan.raju@gmail.com","actor_via_sso":false,"log_type":"token"}', '2025-09-18 11:36:34.029268+00', ''),
	('00000000-0000-0000-0000-000000000000', 'c812c64e-eee0-4d46-a6a7-acacce9384aa', '{"action":"token_refreshed","actor_id":"0772beaf-9ccd-48e7-a178-f5312ab5e7e3","actor_name":"Raihan Sharif","actor_username":"raihan.raju@gmail.com","actor_via_sso":false,"log_type":"token"}', '2025-09-19 16:09:43.575129+00', ''),
	('00000000-0000-0000-0000-000000000000', 'bbd17eba-9c20-4052-8c43-90c121237dbe', '{"action":"token_revoked","actor_id":"0772beaf-9ccd-48e7-a178-f5312ab5e7e3","actor_name":"Raihan Sharif","actor_username":"raihan.raju@gmail.com","actor_via_sso":false,"log_type":"token"}', '2025-09-19 16:09:43.600684+00', ''),
	('00000000-0000-0000-0000-000000000000', '9626c9d3-9e99-4f52-909d-ad6a0f0ab11f', '{"action":"token_refreshed","actor_id":"0772beaf-9ccd-48e7-a178-f5312ab5e7e3","actor_name":"Raihan Sharif","actor_username":"raihan.raju@gmail.com","actor_via_sso":false,"log_type":"token"}', '2025-09-19 16:09:43.675663+00', ''),
	('00000000-0000-0000-0000-000000000000', '377c2ece-c410-4483-9ce4-e8d527c53a84', '{"action":"token_refreshed","actor_id":"0772beaf-9ccd-48e7-a178-f5312ab5e7e3","actor_name":"Raihan Sharif","actor_username":"raihan.raju@gmail.com","actor_via_sso":false,"log_type":"token"}', '2025-09-19 17:08:18.141132+00', ''),
	('00000000-0000-0000-0000-000000000000', 'a82143d4-c48c-4242-84bd-14ebcc3924df', '{"action":"token_revoked","actor_id":"0772beaf-9ccd-48e7-a178-f5312ab5e7e3","actor_name":"Raihan Sharif","actor_username":"raihan.raju@gmail.com","actor_via_sso":false,"log_type":"token"}', '2025-09-19 17:08:18.15098+00', ''),
	('00000000-0000-0000-0000-000000000000', 'c462a4e7-6576-4f10-a898-0f87f6e394cc', '{"action":"token_refreshed","actor_id":"0772beaf-9ccd-48e7-a178-f5312ab5e7e3","actor_name":"Raihan Sharif","actor_username":"raihan.raju@gmail.com","actor_via_sso":false,"log_type":"token"}', '2025-09-21 04:39:03.894326+00', ''),
	('00000000-0000-0000-0000-000000000000', '17a7d1dd-54bd-4edc-931f-c81cddc26361', '{"action":"token_revoked","actor_id":"0772beaf-9ccd-48e7-a178-f5312ab5e7e3","actor_name":"Raihan Sharif","actor_username":"raihan.raju@gmail.com","actor_via_sso":false,"log_type":"token"}', '2025-09-21 04:39:03.923541+00', ''),
	('00000000-0000-0000-0000-000000000000', '32bc5f01-325b-44b4-b3cc-5e89feb49e37', '{"action":"token_refreshed","actor_id":"0772beaf-9ccd-48e7-a178-f5312ab5e7e3","actor_name":"Raihan Sharif","actor_username":"raihan.raju@gmail.com","actor_via_sso":false,"log_type":"token"}', '2025-09-21 05:37:50.399455+00', ''),
	('00000000-0000-0000-0000-000000000000', 'f326426c-2ba8-45e8-9dcb-29dcdf76ff84', '{"action":"token_revoked","actor_id":"0772beaf-9ccd-48e7-a178-f5312ab5e7e3","actor_name":"Raihan Sharif","actor_username":"raihan.raju@gmail.com","actor_via_sso":false,"log_type":"token"}', '2025-09-21 05:37:50.41519+00', ''),
	('00000000-0000-0000-0000-000000000000', '6d19f489-9855-46b8-99c7-f3ca0ae25648', '{"action":"token_refreshed","actor_id":"0772beaf-9ccd-48e7-a178-f5312ab5e7e3","actor_name":"Raihan Sharif","actor_username":"raihan.raju@gmail.com","actor_via_sso":false,"log_type":"token"}', '2025-09-21 06:36:56.76254+00', ''),
	('00000000-0000-0000-0000-000000000000', 'edc35d1e-8ddc-4fb7-bf51-a8df0b34308e', '{"action":"token_revoked","actor_id":"0772beaf-9ccd-48e7-a178-f5312ab5e7e3","actor_name":"Raihan Sharif","actor_username":"raihan.raju@gmail.com","actor_via_sso":false,"log_type":"token"}', '2025-09-21 06:36:56.785127+00', ''),
	('00000000-0000-0000-0000-000000000000', '59ca07c0-37bc-4462-90a7-a744641b2bd5', '{"action":"token_refreshed","actor_id":"0772beaf-9ccd-48e7-a178-f5312ab5e7e3","actor_name":"Raihan Sharif","actor_username":"raihan.raju@gmail.com","actor_via_sso":false,"log_type":"token"}', '2025-09-21 06:44:32.357654+00', ''),
	('00000000-0000-0000-0000-000000000000', '431c4a39-369c-4682-9ad8-3b0e60f2bb87', '{"action":"token_revoked","actor_id":"0772beaf-9ccd-48e7-a178-f5312ab5e7e3","actor_name":"Raihan Sharif","actor_username":"raihan.raju@gmail.com","actor_via_sso":false,"log_type":"token"}', '2025-09-21 06:44:32.372114+00', ''),
	('00000000-0000-0000-0000-000000000000', 'f7163871-6451-4fe4-ae82-98fbc0c24e24', '{"action":"token_refreshed","actor_id":"0772beaf-9ccd-48e7-a178-f5312ab5e7e3","actor_name":"Raihan Sharif","actor_username":"raihan.raju@gmail.com","actor_via_sso":false,"log_type":"token"}', '2025-09-21 06:44:32.430928+00', ''),
	('00000000-0000-0000-0000-000000000000', '62932033-48d5-4c58-aa9f-80ce56d4a46a', '{"action":"token_refreshed","actor_id":"0772beaf-9ccd-48e7-a178-f5312ab5e7e3","actor_name":"Raihan Sharif","actor_username":"raihan.raju@gmail.com","actor_via_sso":false,"log_type":"token"}', '2025-09-21 07:35:56.680604+00', ''),
	('00000000-0000-0000-0000-000000000000', '31d9c991-6e4b-4b20-8c3f-f0797178b364', '{"action":"token_revoked","actor_id":"0772beaf-9ccd-48e7-a178-f5312ab5e7e3","actor_name":"Raihan Sharif","actor_username":"raihan.raju@gmail.com","actor_via_sso":false,"log_type":"token"}', '2025-09-21 07:35:56.70361+00', ''),
	('00000000-0000-0000-0000-000000000000', '873519df-6761-4b60-b233-69c25071990b', '{"action":"token_refreshed","actor_id":"0772beaf-9ccd-48e7-a178-f5312ab5e7e3","actor_name":"Raihan Sharif","actor_username":"raihan.raju@gmail.com","actor_via_sso":false,"log_type":"token"}', '2025-09-21 08:22:04.497647+00', ''),
	('00000000-0000-0000-0000-000000000000', '220e2107-50ad-4d90-ac3f-e1a7728f0ab0', '{"action":"token_revoked","actor_id":"0772beaf-9ccd-48e7-a178-f5312ab5e7e3","actor_name":"Raihan Sharif","actor_username":"raihan.raju@gmail.com","actor_via_sso":false,"log_type":"token"}', '2025-09-21 08:22:04.520149+00', ''),
	('00000000-0000-0000-0000-000000000000', '891d8629-84a5-402d-b0d0-38c18db1fb47', '{"action":"token_refreshed","actor_id":"0772beaf-9ccd-48e7-a178-f5312ab5e7e3","actor_name":"Raihan Sharif","actor_username":"raihan.raju@gmail.com","actor_via_sso":false,"log_type":"token"}', '2025-09-21 08:22:04.586991+00', ''),
	('00000000-0000-0000-0000-000000000000', 'c61f2006-bc94-4c46-86f4-26dd75859a42', '{"action":"token_refreshed","actor_id":"0772beaf-9ccd-48e7-a178-f5312ab5e7e3","actor_name":"Raihan Sharif","actor_username":"raihan.raju@gmail.com","actor_via_sso":false,"log_type":"token"}', '2025-09-21 08:22:04.626104+00', ''),
	('00000000-0000-0000-0000-000000000000', '710b55c6-6241-445b-a6d7-b3d5f7ca4cec', '{"action":"token_refreshed","actor_id":"0772beaf-9ccd-48e7-a178-f5312ab5e7e3","actor_name":"Raihan Sharif","actor_username":"raihan.raju@gmail.com","actor_via_sso":false,"log_type":"token"}', '2025-09-21 08:34:56.723433+00', ''),
	('00000000-0000-0000-0000-000000000000', '47c18621-26e2-49f6-be59-36b5e30b78c3', '{"action":"token_revoked","actor_id":"0772beaf-9ccd-48e7-a178-f5312ab5e7e3","actor_name":"Raihan Sharif","actor_username":"raihan.raju@gmail.com","actor_via_sso":false,"log_type":"token"}', '2025-09-21 08:34:56.744371+00', ''),
	('00000000-0000-0000-0000-000000000000', 'd3df93e6-ee98-465d-b047-4bc6fa6324d9', '{"action":"token_refreshed","actor_id":"0772beaf-9ccd-48e7-a178-f5312ab5e7e3","actor_name":"Raihan Sharif","actor_username":"raihan.raju@gmail.com","actor_via_sso":false,"log_type":"token"}', '2025-09-21 09:30:34.68482+00', ''),
	('00000000-0000-0000-0000-000000000000', '3fb75ac1-a12f-4cc7-94e9-207aab621a68', '{"action":"token_revoked","actor_id":"0772beaf-9ccd-48e7-a178-f5312ab5e7e3","actor_name":"Raihan Sharif","actor_username":"raihan.raju@gmail.com","actor_via_sso":false,"log_type":"token"}', '2025-09-21 09:30:34.699271+00', ''),
	('00000000-0000-0000-0000-000000000000', '5e9d3686-9522-4687-829c-377c544ee2f0', '{"action":"token_refreshed","actor_id":"0772beaf-9ccd-48e7-a178-f5312ab5e7e3","actor_name":"Raihan Sharif","actor_username":"raihan.raju@gmail.com","actor_via_sso":false,"log_type":"token"}', '2025-09-21 09:30:37.015049+00', ''),
	('00000000-0000-0000-0000-000000000000', '2904d3d6-823e-4c70-bef9-17b196191f01', '{"action":"token_refreshed","actor_id":"0772beaf-9ccd-48e7-a178-f5312ab5e7e3","actor_name":"Raihan Sharif","actor_username":"raihan.raju@gmail.com","actor_via_sso":false,"log_type":"token"}', '2025-09-21 09:30:38.100973+00', ''),
	('00000000-0000-0000-0000-000000000000', '6787eb31-b49e-4eab-a5cb-1bc6ae069ec9', '{"action":"token_refreshed","actor_id":"0772beaf-9ccd-48e7-a178-f5312ab5e7e3","actor_name":"Raihan Sharif","actor_username":"raihan.raju@gmail.com","actor_via_sso":false,"log_type":"token"}', '2025-09-21 10:54:40.25667+00', ''),
	('00000000-0000-0000-0000-000000000000', 'f65695b3-6eaf-41cf-8099-193b71732c2d', '{"action":"token_revoked","actor_id":"0772beaf-9ccd-48e7-a178-f5312ab5e7e3","actor_name":"Raihan Sharif","actor_username":"raihan.raju@gmail.com","actor_via_sso":false,"log_type":"token"}', '2025-09-21 10:54:40.269868+00', ''),
	('00000000-0000-0000-0000-000000000000', '0dcbb5d4-f2bc-40e9-a79e-f655e5567454', '{"action":"token_refreshed","actor_id":"0772beaf-9ccd-48e7-a178-f5312ab5e7e3","actor_name":"Raihan Sharif","actor_username":"raihan.raju@gmail.com","actor_via_sso":false,"log_type":"token"}', '2025-09-21 10:54:40.323486+00', ''),
	('00000000-0000-0000-0000-000000000000', 'c0aff91e-c46e-4151-8a91-91538dc9878a', '{"action":"token_refreshed","actor_id":"0772beaf-9ccd-48e7-a178-f5312ab5e7e3","actor_name":"Raihan Sharif","actor_username":"raihan.raju@gmail.com","actor_via_sso":false,"log_type":"token"}', '2025-09-22 08:45:34.838237+00', ''),
	('00000000-0000-0000-0000-000000000000', 'ecd38e69-4520-4403-aa7d-715476203b46', '{"action":"token_revoked","actor_id":"0772beaf-9ccd-48e7-a178-f5312ab5e7e3","actor_name":"Raihan Sharif","actor_username":"raihan.raju@gmail.com","actor_via_sso":false,"log_type":"token"}', '2025-09-22 08:45:34.868548+00', ''),
	('00000000-0000-0000-0000-000000000000', 'b4cc9b7e-12a5-4ccf-b3dc-c327101246b0', '{"action":"token_refreshed","actor_id":"0772beaf-9ccd-48e7-a178-f5312ab5e7e3","actor_name":"Raihan Sharif","actor_username":"raihan.raju@gmail.com","actor_via_sso":false,"log_type":"token"}', '2025-09-22 08:45:34.947704+00', ''),
	('00000000-0000-0000-0000-000000000000', '6a558a40-23b2-4466-8a98-cc88e03932e5', '{"action":"token_refreshed","actor_id":"0772beaf-9ccd-48e7-a178-f5312ab5e7e3","actor_name":"Raihan Sharif","actor_username":"raihan.raju@gmail.com","actor_via_sso":false,"log_type":"token"}', '2025-09-22 08:45:34.969031+00', ''),
	('00000000-0000-0000-0000-000000000000', '870d3d3c-b18e-4277-b560-cda06a734719', '{"action":"token_refreshed","actor_id":"0772beaf-9ccd-48e7-a178-f5312ab5e7e3","actor_name":"Raihan Sharif","actor_username":"raihan.raju@gmail.com","actor_via_sso":false,"log_type":"token"}', '2025-09-22 08:45:34.990937+00', ''),
	('00000000-0000-0000-0000-000000000000', '81663c97-7a39-4d09-b859-fbe5dabe1ae3', '{"action":"token_refreshed","actor_id":"0772beaf-9ccd-48e7-a178-f5312ab5e7e3","actor_name":"Raihan Sharif","actor_username":"raihan.raju@gmail.com","actor_via_sso":false,"log_type":"token"}', '2025-09-22 09:44:26.311267+00', ''),
	('00000000-0000-0000-0000-000000000000', 'fa20861d-641d-428c-a031-ed76c8ff89eb', '{"action":"token_revoked","actor_id":"0772beaf-9ccd-48e7-a178-f5312ab5e7e3","actor_name":"Raihan Sharif","actor_username":"raihan.raju@gmail.com","actor_via_sso":false,"log_type":"token"}', '2025-09-22 09:44:26.334656+00', ''),
	('00000000-0000-0000-0000-000000000000', 'b802f6bf-c1e1-46cd-8ae5-9458953631cf', '{"action":"token_refreshed","actor_id":"0772beaf-9ccd-48e7-a178-f5312ab5e7e3","actor_name":"Raihan Sharif","actor_username":"raihan.raju@gmail.com","actor_via_sso":false,"log_type":"token"}', '2025-09-22 10:43:12.413796+00', ''),
	('00000000-0000-0000-0000-000000000000', 'faff6778-4add-41ed-9799-2219d87ad1d2', '{"action":"token_revoked","actor_id":"0772beaf-9ccd-48e7-a178-f5312ab5e7e3","actor_name":"Raihan Sharif","actor_username":"raihan.raju@gmail.com","actor_via_sso":false,"log_type":"token"}', '2025-09-22 10:43:12.43013+00', ''),
	('00000000-0000-0000-0000-000000000000', '7c680f68-38f9-494f-bd2c-9008bac9f163', '{"action":"token_refreshed","actor_id":"0772beaf-9ccd-48e7-a178-f5312ab5e7e3","actor_name":"Raihan Sharif","actor_username":"raihan.raju@gmail.com","actor_via_sso":false,"log_type":"token"}', '2025-09-22 11:42:05.391507+00', ''),
	('00000000-0000-0000-0000-000000000000', '71d3a269-3ffc-4127-9414-6b309b92b4f9', '{"action":"token_revoked","actor_id":"0772beaf-9ccd-48e7-a178-f5312ab5e7e3","actor_name":"Raihan Sharif","actor_username":"raihan.raju@gmail.com","actor_via_sso":false,"log_type":"token"}', '2025-09-22 11:42:05.409488+00', ''),
	('00000000-0000-0000-0000-000000000000', 'c43ecbf7-b572-4134-9c7e-fae941f58594', '{"action":"token_refreshed","actor_id":"0772beaf-9ccd-48e7-a178-f5312ab5e7e3","actor_name":"Raihan Sharif","actor_username":"raihan.raju@gmail.com","actor_via_sso":false,"log_type":"token"}', '2025-09-22 15:53:04.790065+00', ''),
	('00000000-0000-0000-0000-000000000000', 'd00462f9-acee-40d5-92d0-50a3b09b8e65', '{"action":"token_revoked","actor_id":"0772beaf-9ccd-48e7-a178-f5312ab5e7e3","actor_name":"Raihan Sharif","actor_username":"raihan.raju@gmail.com","actor_via_sso":false,"log_type":"token"}', '2025-09-22 15:53:04.817575+00', ''),
	('00000000-0000-0000-0000-000000000000', '89f71e6c-e3d7-4853-ab71-2cb9110cc40c', '{"action":"token_refreshed","actor_id":"0772beaf-9ccd-48e7-a178-f5312ab5e7e3","actor_name":"Raihan Sharif","actor_username":"raihan.raju@gmail.com","actor_via_sso":false,"log_type":"token"}', '2025-09-24 08:09:08.402584+00', ''),
	('00000000-0000-0000-0000-000000000000', 'da8eceab-417a-4c43-b589-0f2b0f1cfcd4', '{"action":"token_revoked","actor_id":"0772beaf-9ccd-48e7-a178-f5312ab5e7e3","actor_name":"Raihan Sharif","actor_username":"raihan.raju@gmail.com","actor_via_sso":false,"log_type":"token"}', '2025-09-24 08:09:08.434763+00', ''),
	('00000000-0000-0000-0000-000000000000', '1fa668a0-0263-4fd9-aac7-4c3f05858743', '{"action":"token_refreshed","actor_id":"0772beaf-9ccd-48e7-a178-f5312ab5e7e3","actor_name":"Raihan Sharif","actor_username":"raihan.raju@gmail.com","actor_via_sso":false,"log_type":"token"}', '2025-09-27 16:54:34.540429+00', ''),
	('00000000-0000-0000-0000-000000000000', '7324c9fc-0bf2-4613-b385-30be4a835d66', '{"action":"token_revoked","actor_id":"0772beaf-9ccd-48e7-a178-f5312ab5e7e3","actor_name":"Raihan Sharif","actor_username":"raihan.raju@gmail.com","actor_via_sso":false,"log_type":"token"}', '2025-09-27 16:54:34.571406+00', ''),
	('00000000-0000-0000-0000-000000000000', '944cc8ef-f877-4275-b8f1-d76831cc617a', '{"action":"token_refreshed","actor_id":"0772beaf-9ccd-48e7-a178-f5312ab5e7e3","actor_name":"Raihan Sharif","actor_username":"raihan.raju@gmail.com","actor_via_sso":false,"log_type":"token"}', '2025-09-27 16:54:34.733428+00', ''),
	('00000000-0000-0000-0000-000000000000', '25fc7cb7-07d9-46b8-8d0b-2a4644681775', '{"action":"token_refreshed","actor_id":"0772beaf-9ccd-48e7-a178-f5312ab5e7e3","actor_name":"Raihan Sharif","actor_username":"raihan.raju@gmail.com","actor_via_sso":false,"log_type":"token"}', '2025-09-27 16:54:34.762888+00', ''),
	('00000000-0000-0000-0000-000000000000', '6d51c3a1-e7fb-4211-ac60-728b79a1aeee', '{"action":"token_refreshed","actor_id":"0772beaf-9ccd-48e7-a178-f5312ab5e7e3","actor_name":"Raihan Sharif","actor_username":"raihan.raju@gmail.com","actor_via_sso":false,"log_type":"token"}', '2025-09-28 09:09:25.39354+00', ''),
	('00000000-0000-0000-0000-000000000000', '176e6fd7-4c80-4b8f-9f44-ccf849434247', '{"action":"token_revoked","actor_id":"0772beaf-9ccd-48e7-a178-f5312ab5e7e3","actor_name":"Raihan Sharif","actor_username":"raihan.raju@gmail.com","actor_via_sso":false,"log_type":"token"}', '2025-09-28 09:09:25.404831+00', ''),
	('00000000-0000-0000-0000-000000000000', 'e1361f2a-0e05-4aad-b019-5c629279d844', '{"action":"token_refreshed","actor_id":"0772beaf-9ccd-48e7-a178-f5312ab5e7e3","actor_name":"Raihan Sharif","actor_username":"raihan.raju@gmail.com","actor_via_sso":false,"log_type":"token"}', '2025-09-28 09:09:25.451965+00', ''),
	('00000000-0000-0000-0000-000000000000', 'b1017320-4604-478e-b1bd-d2e28973fe42', '{"action":"token_refreshed","actor_id":"0772beaf-9ccd-48e7-a178-f5312ab5e7e3","actor_name":"Raihan Sharif","actor_username":"raihan.raju@gmail.com","actor_via_sso":false,"log_type":"token"}', '2025-09-28 10:08:19.833048+00', ''),
	('00000000-0000-0000-0000-000000000000', '80ae82d6-4661-4ed1-9318-06f31e090df2', '{"action":"token_revoked","actor_id":"0772beaf-9ccd-48e7-a178-f5312ab5e7e3","actor_name":"Raihan Sharif","actor_username":"raihan.raju@gmail.com","actor_via_sso":false,"log_type":"token"}', '2025-09-28 10:08:19.861373+00', ''),
	('00000000-0000-0000-0000-000000000000', '3036067e-b7d9-4f70-b780-82e88f606c33', '{"action":"token_refreshed","actor_id":"0772beaf-9ccd-48e7-a178-f5312ab5e7e3","actor_name":"Raihan Sharif","actor_username":"raihan.raju@gmail.com","actor_via_sso":false,"log_type":"token"}', '2025-09-28 11:07:13.988232+00', ''),
	('00000000-0000-0000-0000-000000000000', '26cf84a1-acc0-43e3-b459-ec3a1c7158b4', '{"action":"token_revoked","actor_id":"0772beaf-9ccd-48e7-a178-f5312ab5e7e3","actor_name":"Raihan Sharif","actor_username":"raihan.raju@gmail.com","actor_via_sso":false,"log_type":"token"}', '2025-09-28 11:07:14.011324+00', ''),
	('00000000-0000-0000-0000-000000000000', '387c66df-dd88-43fc-8007-7e701bfe8433', '{"action":"token_refreshed","actor_id":"0772beaf-9ccd-48e7-a178-f5312ab5e7e3","actor_name":"Raihan Sharif","actor_username":"raihan.raju@gmail.com","actor_via_sso":false,"log_type":"token"}', '2025-10-06 05:21:09.862519+00', ''),
	('00000000-0000-0000-0000-000000000000', '95c54ce4-dfa8-4d82-9b63-1c4ae6c0d381', '{"action":"token_revoked","actor_id":"0772beaf-9ccd-48e7-a178-f5312ab5e7e3","actor_name":"Raihan Sharif","actor_username":"raihan.raju@gmail.com","actor_via_sso":false,"log_type":"token"}', '2025-10-06 05:21:09.894901+00', ''),
	('00000000-0000-0000-0000-000000000000', '46e7cb3f-7b0f-40a4-844f-95bfede44840', '{"action":"token_refreshed","actor_id":"0772beaf-9ccd-48e7-a178-f5312ab5e7e3","actor_name":"Raihan Sharif","actor_username":"raihan.raju@gmail.com","actor_via_sso":false,"log_type":"token"}', '2025-10-06 06:19:55.580096+00', ''),
	('00000000-0000-0000-0000-000000000000', '314c1799-3a93-4b26-9ea2-b4acc4de8b4a', '{"action":"token_revoked","actor_id":"0772beaf-9ccd-48e7-a178-f5312ab5e7e3","actor_name":"Raihan Sharif","actor_username":"raihan.raju@gmail.com","actor_via_sso":false,"log_type":"token"}', '2025-10-06 06:19:55.602116+00', ''),
	('00000000-0000-0000-0000-000000000000', '702b4f44-5331-454b-ae92-0a6b81bca9c1', '{"action":"token_refreshed","actor_id":"0772beaf-9ccd-48e7-a178-f5312ab5e7e3","actor_name":"Raihan Sharif","actor_username":"raihan.raju@gmail.com","actor_via_sso":false,"log_type":"token"}', '2025-10-06 07:18:55.424164+00', ''),
	('00000000-0000-0000-0000-000000000000', '2c1ed92d-35b0-4d2c-86f7-fd4f357b7fc6', '{"action":"token_revoked","actor_id":"0772beaf-9ccd-48e7-a178-f5312ab5e7e3","actor_name":"Raihan Sharif","actor_username":"raihan.raju@gmail.com","actor_via_sso":false,"log_type":"token"}', '2025-10-06 07:18:55.43965+00', ''),
	('00000000-0000-0000-0000-000000000000', '5c4ceb58-51f5-47dc-92bd-251231a9dbeb', '{"action":"token_refreshed","actor_id":"0772beaf-9ccd-48e7-a178-f5312ab5e7e3","actor_name":"Raihan Sharif","actor_username":"raihan.raju@gmail.com","actor_via_sso":false,"log_type":"token"}', '2025-10-06 08:17:55.543984+00', ''),
	('00000000-0000-0000-0000-000000000000', '25785f13-fc52-4c8a-bebd-9373c676b896', '{"action":"token_revoked","actor_id":"0772beaf-9ccd-48e7-a178-f5312ab5e7e3","actor_name":"Raihan Sharif","actor_username":"raihan.raju@gmail.com","actor_via_sso":false,"log_type":"token"}', '2025-10-06 08:17:55.574554+00', ''),
	('00000000-0000-0000-0000-000000000000', 'fa8c5d80-f41f-4551-a309-28c69ca7ea81', '{"action":"token_refreshed","actor_id":"0772beaf-9ccd-48e7-a178-f5312ab5e7e3","actor_name":"Raihan Sharif","actor_username":"raihan.raju@gmail.com","actor_via_sso":false,"log_type":"token"}', '2025-10-06 09:16:55.530252+00', ''),
	('00000000-0000-0000-0000-000000000000', 'ae13be14-42dc-4da4-91ec-6fadd37391b3', '{"action":"token_revoked","actor_id":"0772beaf-9ccd-48e7-a178-f5312ab5e7e3","actor_name":"Raihan Sharif","actor_username":"raihan.raju@gmail.com","actor_via_sso":false,"log_type":"token"}', '2025-10-06 09:16:55.54794+00', ''),
	('00000000-0000-0000-0000-000000000000', 'ad8e247f-6627-4292-b7f6-8e3b2f2e47e8', '{"action":"token_refreshed","actor_id":"0772beaf-9ccd-48e7-a178-f5312ab5e7e3","actor_name":"Raihan Sharif","actor_username":"raihan.raju@gmail.com","actor_via_sso":false,"log_type":"token"}', '2025-10-08 11:47:19.261446+00', ''),
	('00000000-0000-0000-0000-000000000000', 'e5928efb-31c1-41e6-b378-300653bdfe2d', '{"action":"token_revoked","actor_id":"0772beaf-9ccd-48e7-a178-f5312ab5e7e3","actor_name":"Raihan Sharif","actor_username":"raihan.raju@gmail.com","actor_via_sso":false,"log_type":"token"}', '2025-10-08 11:47:19.28284+00', ''),
	('00000000-0000-0000-0000-000000000000', '718d2ee0-6cab-4d44-96d8-092b782c86b7', '{"action":"token_refreshed","actor_id":"0772beaf-9ccd-48e7-a178-f5312ab5e7e3","actor_name":"Raihan Sharif","actor_username":"raihan.raju@gmail.com","actor_via_sso":false,"log_type":"token"}', '2025-10-08 18:44:44.661914+00', ''),
	('00000000-0000-0000-0000-000000000000', '866e5492-2e60-4d1d-9e07-864ea81b318d', '{"action":"token_revoked","actor_id":"0772beaf-9ccd-48e7-a178-f5312ab5e7e3","actor_name":"Raihan Sharif","actor_username":"raihan.raju@gmail.com","actor_via_sso":false,"log_type":"token"}', '2025-10-08 18:44:44.694849+00', ''),
	('00000000-0000-0000-0000-000000000000', 'a57641d2-b397-415c-bd35-3b14e76773bd', '{"action":"token_refreshed","actor_id":"0772beaf-9ccd-48e7-a178-f5312ab5e7e3","actor_name":"Raihan Sharif","actor_username":"raihan.raju@gmail.com","actor_via_sso":false,"log_type":"token"}', '2025-10-09 11:13:10.061886+00', ''),
	('00000000-0000-0000-0000-000000000000', 'cb3aff1d-0de0-46a8-a255-59cfa479277d', '{"action":"token_revoked","actor_id":"0772beaf-9ccd-48e7-a178-f5312ab5e7e3","actor_name":"Raihan Sharif","actor_username":"raihan.raju@gmail.com","actor_via_sso":false,"log_type":"token"}', '2025-10-09 11:13:10.092022+00', ''),
	('00000000-0000-0000-0000-000000000000', 'a46c5377-3c7c-4734-84af-270c1fbe4ec7', '{"action":"token_refreshed","actor_id":"0772beaf-9ccd-48e7-a178-f5312ab5e7e3","actor_name":"Raihan Sharif","actor_username":"raihan.raju@gmail.com","actor_via_sso":false,"log_type":"token"}', '2025-10-14 11:13:07.554568+00', ''),
	('00000000-0000-0000-0000-000000000000', '2b55147a-bdb0-4b25-97fc-5af7f6010697', '{"action":"token_refreshed","actor_id":"0772beaf-9ccd-48e7-a178-f5312ab5e7e3","actor_name":"Raihan Sharif","actor_username":"raihan.raju@gmail.com","actor_via_sso":false,"log_type":"token"}', '2025-10-16 11:10:07.305663+00', ''),
	('00000000-0000-0000-0000-000000000000', '4330edef-d14a-4e38-9a78-a875cdb7c346', '{"action":"token_revoked","actor_id":"0772beaf-9ccd-48e7-a178-f5312ab5e7e3","actor_name":"Raihan Sharif","actor_username":"raihan.raju@gmail.com","actor_via_sso":false,"log_type":"token"}', '2025-10-16 11:10:07.331484+00', ''),
	('00000000-0000-0000-0000-000000000000', 'c11ed635-5dac-476c-9a3d-5a13c0571c56', '{"action":"token_refreshed","actor_id":"0772beaf-9ccd-48e7-a178-f5312ab5e7e3","actor_name":"Raihan Sharif","actor_username":"raihan.raju@gmail.com","actor_via_sso":false,"log_type":"token"}', '2025-10-16 16:11:59.659302+00', ''),
	('00000000-0000-0000-0000-000000000000', 'a54600dc-66aa-4e7a-9964-193b3d2e9a7e', '{"action":"token_revoked","actor_id":"0772beaf-9ccd-48e7-a178-f5312ab5e7e3","actor_name":"Raihan Sharif","actor_username":"raihan.raju@gmail.com","actor_via_sso":false,"log_type":"token"}', '2025-10-16 16:11:59.680919+00', ''),
	('00000000-0000-0000-0000-000000000000', '48672bf7-db86-4f70-a66b-a9adc349c43e', '{"action":"token_refreshed","actor_id":"0772beaf-9ccd-48e7-a178-f5312ab5e7e3","actor_name":"Raihan Sharif","actor_username":"raihan.raju@gmail.com","actor_via_sso":false,"log_type":"token"}', '2025-10-16 17:10:46.986649+00', ''),
	('00000000-0000-0000-0000-000000000000', '8378f55c-934d-4b6a-8e86-1915156897b4', '{"action":"token_revoked","actor_id":"0772beaf-9ccd-48e7-a178-f5312ab5e7e3","actor_name":"Raihan Sharif","actor_username":"raihan.raju@gmail.com","actor_via_sso":false,"log_type":"token"}', '2025-10-16 17:10:47.012401+00', ''),
	('00000000-0000-0000-0000-000000000000', '7eb991a6-f078-43e1-9413-4eab56ba0186', '{"action":"token_refreshed","actor_id":"0772beaf-9ccd-48e7-a178-f5312ab5e7e3","actor_name":"Raihan Sharif","actor_username":"raihan.raju@gmail.com","actor_via_sso":false,"log_type":"token"}', '2025-10-16 18:11:37.664989+00', ''),
	('00000000-0000-0000-0000-000000000000', '0afb08ab-a0ea-4ba7-9395-38878016cac2', '{"action":"token_revoked","actor_id":"0772beaf-9ccd-48e7-a178-f5312ab5e7e3","actor_name":"Raihan Sharif","actor_username":"raihan.raju@gmail.com","actor_via_sso":false,"log_type":"token"}', '2025-10-16 18:11:37.678245+00', ''),
	('00000000-0000-0000-0000-000000000000', '3932f298-14fc-4a2a-b932-86611eeed936', '{"action":"token_refreshed","actor_id":"0772beaf-9ccd-48e7-a178-f5312ab5e7e3","actor_name":"Raihan Sharif","actor_username":"raihan.raju@gmail.com","actor_via_sso":false,"log_type":"token"}', '2025-10-19 07:10:10.704189+00', ''),
	('00000000-0000-0000-0000-000000000000', 'f2698c2c-08ea-4d92-bace-c097ecf8b09f', '{"action":"token_revoked","actor_id":"0772beaf-9ccd-48e7-a178-f5312ab5e7e3","actor_name":"Raihan Sharif","actor_username":"raihan.raju@gmail.com","actor_via_sso":false,"log_type":"token"}', '2025-10-19 07:10:10.732962+00', ''),
	('00000000-0000-0000-0000-000000000000', '3237fca2-156a-48a0-9bab-977e1d667e90', '{"action":"token_refreshed","actor_id":"0772beaf-9ccd-48e7-a178-f5312ab5e7e3","actor_name":"Raihan Sharif","actor_username":"raihan.raju@gmail.com","actor_via_sso":false,"log_type":"token"}', '2025-10-19 08:08:56.73881+00', ''),
	('00000000-0000-0000-0000-000000000000', '52790c7b-56a4-448b-b02c-6838ee3ee054', '{"action":"token_revoked","actor_id":"0772beaf-9ccd-48e7-a178-f5312ab5e7e3","actor_name":"Raihan Sharif","actor_username":"raihan.raju@gmail.com","actor_via_sso":false,"log_type":"token"}', '2025-10-19 08:08:56.757867+00', ''),
	('00000000-0000-0000-0000-000000000000', '387eda7a-c8b6-481f-9861-7d4db1991d33', '{"action":"token_refreshed","actor_id":"0772beaf-9ccd-48e7-a178-f5312ab5e7e3","actor_name":"Raihan Sharif","actor_username":"raihan.raju@gmail.com","actor_via_sso":false,"log_type":"token"}', '2025-10-19 09:07:56.818753+00', ''),
	('00000000-0000-0000-0000-000000000000', 'e7203c35-b2d4-4795-be5f-ec0807dc00d6', '{"action":"token_revoked","actor_id":"0772beaf-9ccd-48e7-a178-f5312ab5e7e3","actor_name":"Raihan Sharif","actor_username":"raihan.raju@gmail.com","actor_via_sso":false,"log_type":"token"}', '2025-10-19 09:07:56.836348+00', ''),
	('00000000-0000-0000-0000-000000000000', '49c77cb8-ad96-43f8-9629-5ffd93674c6f', '{"action":"token_refreshed","actor_id":"0772beaf-9ccd-48e7-a178-f5312ab5e7e3","actor_name":"Raihan Sharif","actor_username":"raihan.raju@gmail.com","actor_via_sso":false,"log_type":"token"}', '2025-10-19 10:06:56.846132+00', ''),
	('00000000-0000-0000-0000-000000000000', '60f50317-c035-4ef0-8509-e39d64e0699f', '{"action":"token_revoked","actor_id":"0772beaf-9ccd-48e7-a178-f5312ab5e7e3","actor_name":"Raihan Sharif","actor_username":"raihan.raju@gmail.com","actor_via_sso":false,"log_type":"token"}', '2025-10-19 10:06:56.870547+00', ''),
	('00000000-0000-0000-0000-000000000000', 'ec460381-a09e-424a-9f03-46915cc1370a', '{"action":"token_refreshed","actor_id":"0772beaf-9ccd-48e7-a178-f5312ab5e7e3","actor_name":"Raihan Sharif","actor_username":"raihan.raju@gmail.com","actor_via_sso":false,"log_type":"token"}', '2025-10-19 11:05:56.73089+00', ''),
	('00000000-0000-0000-0000-000000000000', 'ae596432-c340-42a8-86f5-b378775f7985', '{"action":"token_revoked","actor_id":"0772beaf-9ccd-48e7-a178-f5312ab5e7e3","actor_name":"Raihan Sharif","actor_username":"raihan.raju@gmail.com","actor_via_sso":false,"log_type":"token"}', '2025-10-19 11:05:56.753026+00', ''),
	('00000000-0000-0000-0000-000000000000', '2d61ab72-9775-4519-916f-bca36e2829cf', '{"action":"token_refreshed","actor_id":"0772beaf-9ccd-48e7-a178-f5312ab5e7e3","actor_name":"Raihan Sharif","actor_username":"raihan.raju@gmail.com","actor_via_sso":false,"log_type":"token"}', '2025-10-26 07:14:28.45709+00', ''),
	('00000000-0000-0000-0000-000000000000', '14b85703-a1d9-4662-a122-91c12c414780', '{"action":"token_revoked","actor_id":"0772beaf-9ccd-48e7-a178-f5312ab5e7e3","actor_name":"Raihan Sharif","actor_username":"raihan.raju@gmail.com","actor_via_sso":false,"log_type":"token"}', '2025-10-26 07:14:28.489842+00', ''),
	('00000000-0000-0000-0000-000000000000', '4b9f6ccd-6968-40e6-8db8-b4d9dbe9ec0d', '{"action":"token_refreshed","actor_id":"0772beaf-9ccd-48e7-a178-f5312ab5e7e3","actor_name":"Raihan Sharif","actor_username":"raihan.raju@gmail.com","actor_via_sso":false,"log_type":"token"}', '2025-10-26 09:09:42.845913+00', ''),
	('00000000-0000-0000-0000-000000000000', '35790af6-ab27-477e-80ba-2967fb70c7b8', '{"action":"token_revoked","actor_id":"0772beaf-9ccd-48e7-a178-f5312ab5e7e3","actor_name":"Raihan Sharif","actor_username":"raihan.raju@gmail.com","actor_via_sso":false,"log_type":"token"}', '2025-10-26 09:09:42.868079+00', ''),
	('00000000-0000-0000-0000-000000000000', '94a6cc0c-ae99-4ca8-89f0-a1817f1e3dbd', '{"action":"token_refreshed","actor_id":"0772beaf-9ccd-48e7-a178-f5312ab5e7e3","actor_name":"Raihan Sharif","actor_username":"raihan.raju@gmail.com","actor_via_sso":false,"log_type":"token"}', '2025-10-28 11:54:53.866513+00', ''),
	('00000000-0000-0000-0000-000000000000', 'e52a3d36-84cb-4792-b40c-cf4f405b21f7', '{"action":"token_revoked","actor_id":"0772beaf-9ccd-48e7-a178-f5312ab5e7e3","actor_name":"Raihan Sharif","actor_username":"raihan.raju@gmail.com","actor_via_sso":false,"log_type":"token"}', '2025-10-28 11:54:53.8992+00', ''),
	('00000000-0000-0000-0000-000000000000', '1e7c29ad-ad8a-4493-bce5-16328ba51bfd', '{"action":"token_refreshed","actor_id":"0772beaf-9ccd-48e7-a178-f5312ab5e7e3","actor_name":"Raihan Sharif","actor_username":"raihan.raju@gmail.com","actor_via_sso":false,"log_type":"token"}', '2025-10-31 16:12:54.839456+00', ''),
	('00000000-0000-0000-0000-000000000000', 'f1442d3f-c4e6-45bf-9671-53382b28e33f', '{"action":"token_revoked","actor_id":"0772beaf-9ccd-48e7-a178-f5312ab5e7e3","actor_name":"Raihan Sharif","actor_username":"raihan.raju@gmail.com","actor_via_sso":false,"log_type":"token"}', '2025-10-31 16:12:54.878395+00', ''),
	('00000000-0000-0000-0000-000000000000', '0c77028d-83be-419d-a2e3-d094fc8c3957', '{"action":"token_refreshed","actor_id":"0772beaf-9ccd-48e7-a178-f5312ab5e7e3","actor_name":"Raihan Sharif","actor_username":"raihan.raju@gmail.com","actor_via_sso":false,"log_type":"token"}', '2025-11-01 08:54:25.809753+00', ''),
	('00000000-0000-0000-0000-000000000000', '5805472e-4ab0-40d2-958b-d11aea8867d1', '{"action":"token_revoked","actor_id":"0772beaf-9ccd-48e7-a178-f5312ab5e7e3","actor_name":"Raihan Sharif","actor_username":"raihan.raju@gmail.com","actor_via_sso":false,"log_type":"token"}', '2025-11-01 08:54:25.844592+00', ''),
	('00000000-0000-0000-0000-000000000000', '8ec2da90-d4bd-4689-9c75-93aa6f37e785', '{"action":"token_refreshed","actor_id":"0772beaf-9ccd-48e7-a178-f5312ab5e7e3","actor_name":"Raihan Sharif","actor_username":"raihan.raju@gmail.com","actor_via_sso":false,"log_type":"token"}', '2025-11-01 09:53:46.454098+00', ''),
	('00000000-0000-0000-0000-000000000000', '609a46de-e592-4abe-9516-f31e511c781d', '{"action":"token_revoked","actor_id":"0772beaf-9ccd-48e7-a178-f5312ab5e7e3","actor_name":"Raihan Sharif","actor_username":"raihan.raju@gmail.com","actor_via_sso":false,"log_type":"token"}', '2025-11-01 09:53:46.482495+00', ''),
	('00000000-0000-0000-0000-000000000000', 'df08b82c-5d44-40ce-a992-39efbcdc20db', '{"action":"token_refreshed","actor_id":"0772beaf-9ccd-48e7-a178-f5312ab5e7e3","actor_name":"Raihan Sharif","actor_username":"raihan.raju@gmail.com","actor_via_sso":false,"log_type":"token"}', '2025-11-01 10:52:46.496501+00', ''),
	('00000000-0000-0000-0000-000000000000', '65a8e347-cca9-4457-8093-c6c5e4b4059e', '{"action":"token_revoked","actor_id":"0772beaf-9ccd-48e7-a178-f5312ab5e7e3","actor_name":"Raihan Sharif","actor_username":"raihan.raju@gmail.com","actor_via_sso":false,"log_type":"token"}', '2025-11-01 10:52:46.516608+00', ''),
	('00000000-0000-0000-0000-000000000000', '3bbaf03b-2e0f-4d61-b5c1-e19ede52d6da', '{"action":"token_refreshed","actor_id":"0772beaf-9ccd-48e7-a178-f5312ab5e7e3","actor_name":"Raihan Sharif","actor_username":"raihan.raju@gmail.com","actor_via_sso":false,"log_type":"token"}', '2025-11-01 11:51:46.571327+00', ''),
	('00000000-0000-0000-0000-000000000000', '3aa2c467-9815-4afc-9432-9079932e2f31', '{"action":"token_revoked","actor_id":"0772beaf-9ccd-48e7-a178-f5312ab5e7e3","actor_name":"Raihan Sharif","actor_username":"raihan.raju@gmail.com","actor_via_sso":false,"log_type":"token"}', '2025-11-01 11:51:46.586946+00', ''),
	('00000000-0000-0000-0000-000000000000', '310f4532-f749-4049-a82f-7ad3139cf820', '{"action":"token_refreshed","actor_id":"0772beaf-9ccd-48e7-a178-f5312ab5e7e3","actor_name":"Raihan Sharif","actor_username":"raihan.raju@gmail.com","actor_via_sso":false,"log_type":"token"}', '2025-11-01 12:50:46.539235+00', ''),
	('00000000-0000-0000-0000-000000000000', '7d0ce248-5b5e-48a1-a247-018928e372eb', '{"action":"token_revoked","actor_id":"0772beaf-9ccd-48e7-a178-f5312ab5e7e3","actor_name":"Raihan Sharif","actor_username":"raihan.raju@gmail.com","actor_via_sso":false,"log_type":"token"}', '2025-11-01 12:50:46.570059+00', ''),
	('00000000-0000-0000-0000-000000000000', '0ca20eea-d860-4141-aa9e-4adfa5b0b172', '{"action":"token_refreshed","actor_id":"0772beaf-9ccd-48e7-a178-f5312ab5e7e3","actor_name":"Raihan Sharif","actor_username":"raihan.raju@gmail.com","actor_via_sso":false,"log_type":"token"}', '2025-11-01 13:49:46.443591+00', ''),
	('00000000-0000-0000-0000-000000000000', 'bdd9964f-5247-45ee-9f89-c5f4dd371e83', '{"action":"token_revoked","actor_id":"0772beaf-9ccd-48e7-a178-f5312ab5e7e3","actor_name":"Raihan Sharif","actor_username":"raihan.raju@gmail.com","actor_via_sso":false,"log_type":"token"}', '2025-11-01 13:49:46.464893+00', ''),
	('00000000-0000-0000-0000-000000000000', 'eceeca67-1ec3-4c31-8200-bc98e0cf5267', '{"action":"token_refreshed","actor_id":"0772beaf-9ccd-48e7-a178-f5312ab5e7e3","actor_name":"Raihan Sharif","actor_username":"raihan.raju@gmail.com","actor_via_sso":false,"log_type":"token"}', '2025-11-01 14:48:46.489108+00', ''),
	('00000000-0000-0000-0000-000000000000', 'e3cbbc80-c3a5-4f73-b6e0-2692ad215f55', '{"action":"token_revoked","actor_id":"0772beaf-9ccd-48e7-a178-f5312ab5e7e3","actor_name":"Raihan Sharif","actor_username":"raihan.raju@gmail.com","actor_via_sso":false,"log_type":"token"}', '2025-11-01 14:48:46.503948+00', ''),
	('00000000-0000-0000-0000-000000000000', '154aa66e-86f6-48ea-99b8-c2bb1720d38f', '{"action":"token_refreshed","actor_id":"0772beaf-9ccd-48e7-a178-f5312ab5e7e3","actor_name":"Raihan Sharif","actor_username":"raihan.raju@gmail.com","actor_via_sso":false,"log_type":"token"}', '2025-11-01 15:47:46.738497+00', ''),
	('00000000-0000-0000-0000-000000000000', 'c8d3ac49-0b7e-4266-93db-742174058503', '{"action":"token_revoked","actor_id":"0772beaf-9ccd-48e7-a178-f5312ab5e7e3","actor_name":"Raihan Sharif","actor_username":"raihan.raju@gmail.com","actor_via_sso":false,"log_type":"token"}', '2025-11-01 15:47:46.760332+00', ''),
	('00000000-0000-0000-0000-000000000000', '52765956-a233-4937-9be0-7496d731bac2', '{"action":"token_refreshed","actor_id":"0772beaf-9ccd-48e7-a178-f5312ab5e7e3","actor_name":"Raihan Sharif","actor_username":"raihan.raju@gmail.com","actor_via_sso":false,"log_type":"token"}', '2025-11-03 10:44:00.160183+00', ''),
	('00000000-0000-0000-0000-000000000000', 'ada487f4-64d8-47de-b788-3790a5311fe4', '{"action":"token_revoked","actor_id":"0772beaf-9ccd-48e7-a178-f5312ab5e7e3","actor_name":"Raihan Sharif","actor_username":"raihan.raju@gmail.com","actor_via_sso":false,"log_type":"token"}', '2025-11-03 10:44:00.191165+00', ''),
	('00000000-0000-0000-0000-000000000000', '021c19bf-8dd7-4219-bd2f-1602d436523a', '{"action":"token_refreshed","actor_id":"0772beaf-9ccd-48e7-a178-f5312ab5e7e3","actor_name":"Raihan Sharif","actor_username":"raihan.raju@gmail.com","actor_via_sso":false,"log_type":"token"}', '2025-11-08 16:45:23.251264+00', ''),
	('00000000-0000-0000-0000-000000000000', '7b206517-002d-4f61-a58a-669710c1172c', '{"action":"token_revoked","actor_id":"0772beaf-9ccd-48e7-a178-f5312ab5e7e3","actor_name":"Raihan Sharif","actor_username":"raihan.raju@gmail.com","actor_via_sso":false,"log_type":"token"}', '2025-11-08 16:45:23.281089+00', ''),
	('00000000-0000-0000-0000-000000000000', 'f0344ed1-70b8-43a1-8f32-4ba0f75ebef6', '{"action":"token_refreshed","actor_id":"0772beaf-9ccd-48e7-a178-f5312ab5e7e3","actor_name":"Raihan Sharif","actor_username":"raihan.raju@gmail.com","actor_via_sso":false,"log_type":"token"}', '2025-11-08 16:45:23.362161+00', ''),
	('00000000-0000-0000-0000-000000000000', 'a3615fd7-7bf0-4dff-acd7-6b2eb911c7c3', '{"action":"token_refreshed","actor_id":"0772beaf-9ccd-48e7-a178-f5312ab5e7e3","actor_name":"Raihan Sharif","actor_username":"raihan.raju@gmail.com","actor_via_sso":false,"log_type":"token"}', '2025-11-11 05:51:56.750767+00', ''),
	('00000000-0000-0000-0000-000000000000', 'fcc10965-42f2-42b5-ad93-bd1f0e7fc72f', '{"action":"token_revoked","actor_id":"0772beaf-9ccd-48e7-a178-f5312ab5e7e3","actor_name":"Raihan Sharif","actor_username":"raihan.raju@gmail.com","actor_via_sso":false,"log_type":"token"}', '2025-11-11 05:51:56.778076+00', ''),
	('00000000-0000-0000-0000-000000000000', '9cc5c42b-6a41-4cf1-8ab5-f504af28f638', '{"action":"token_refreshed","actor_id":"0772beaf-9ccd-48e7-a178-f5312ab5e7e3","actor_name":"Raihan Sharif","actor_username":"raihan.raju@gmail.com","actor_via_sso":false,"log_type":"token"}', '2025-11-11 06:50:32.082989+00', ''),
	('00000000-0000-0000-0000-000000000000', '67cf650b-5c81-4a44-bad8-4941c2f777bb', '{"action":"token_revoked","actor_id":"0772beaf-9ccd-48e7-a178-f5312ab5e7e3","actor_name":"Raihan Sharif","actor_username":"raihan.raju@gmail.com","actor_via_sso":false,"log_type":"token"}', '2025-11-11 06:50:32.110444+00', ''),
	('00000000-0000-0000-0000-000000000000', 'cf87df8d-dc91-4f71-aec9-a85f4560af99', '{"action":"token_refreshed","actor_id":"0772beaf-9ccd-48e7-a178-f5312ab5e7e3","actor_name":"Raihan Sharif","actor_username":"raihan.raju@gmail.com","actor_via_sso":false,"log_type":"token"}', '2025-11-11 07:49:32.148537+00', ''),
	('00000000-0000-0000-0000-000000000000', '83a47e4e-2456-4549-ae8b-3bf11c9ee332', '{"action":"token_revoked","actor_id":"0772beaf-9ccd-48e7-a178-f5312ab5e7e3","actor_name":"Raihan Sharif","actor_username":"raihan.raju@gmail.com","actor_via_sso":false,"log_type":"token"}', '2025-11-11 07:49:32.170809+00', ''),
	('00000000-0000-0000-0000-000000000000', 'b8f5043e-1787-42bf-b0bc-82672d3c6bb3', '{"action":"token_refreshed","actor_id":"0772beaf-9ccd-48e7-a178-f5312ab5e7e3","actor_name":"Raihan Sharif","actor_username":"raihan.raju@gmail.com","actor_via_sso":false,"log_type":"token"}', '2025-11-11 08:48:32.116162+00', ''),
	('00000000-0000-0000-0000-000000000000', '67f70a84-f552-4fce-a6da-aa247040b90e', '{"action":"token_revoked","actor_id":"0772beaf-9ccd-48e7-a178-f5312ab5e7e3","actor_name":"Raihan Sharif","actor_username":"raihan.raju@gmail.com","actor_via_sso":false,"log_type":"token"}', '2025-11-11 08:48:32.140004+00', ''),
	('00000000-0000-0000-0000-000000000000', '4494f505-a3f4-48cf-b57a-960c291e8ccd', '{"action":"token_refreshed","actor_id":"0772beaf-9ccd-48e7-a178-f5312ab5e7e3","actor_name":"Raihan Sharif","actor_username":"raihan.raju@gmail.com","actor_via_sso":false,"log_type":"token"}', '2025-11-11 09:47:32.263298+00', ''),
	('00000000-0000-0000-0000-000000000000', '72336dd1-6f52-4bbd-b8f5-c96abb45f163', '{"action":"token_revoked","actor_id":"0772beaf-9ccd-48e7-a178-f5312ab5e7e3","actor_name":"Raihan Sharif","actor_username":"raihan.raju@gmail.com","actor_via_sso":false,"log_type":"token"}', '2025-11-11 09:47:32.284808+00', ''),
	('00000000-0000-0000-0000-000000000000', '64f95359-45c1-4e0a-a835-beb27b823665', '{"action":"token_refreshed","actor_id":"0772beaf-9ccd-48e7-a178-f5312ab5e7e3","actor_name":"Raihan Sharif","actor_username":"raihan.raju@gmail.com","actor_via_sso":false,"log_type":"token"}', '2025-11-11 10:46:13.277709+00', ''),
	('00000000-0000-0000-0000-000000000000', 'a8e54052-db73-43fc-9b26-1a068da427c4', '{"action":"token_revoked","actor_id":"0772beaf-9ccd-48e7-a178-f5312ab5e7e3","actor_name":"Raihan Sharif","actor_username":"raihan.raju@gmail.com","actor_via_sso":false,"log_type":"token"}', '2025-11-11 10:46:13.293972+00', ''),
	('00000000-0000-0000-0000-000000000000', '6b339bbf-919b-4770-9159-ab6a74d9a0c4', '{"action":"token_refreshed","actor_id":"0772beaf-9ccd-48e7-a178-f5312ab5e7e3","actor_name":"Raihan Sharif","actor_username":"raihan.raju@gmail.com","actor_via_sso":false,"log_type":"token"}', '2025-11-12 11:01:16.006027+00', ''),
	('00000000-0000-0000-0000-000000000000', '74a5e7bb-31fb-471a-8458-3936647d8d3e', '{"action":"token_revoked","actor_id":"0772beaf-9ccd-48e7-a178-f5312ab5e7e3","actor_name":"Raihan Sharif","actor_username":"raihan.raju@gmail.com","actor_via_sso":false,"log_type":"token"}', '2025-11-12 11:01:16.038706+00', ''),
	('00000000-0000-0000-0000-000000000000', '674e3632-1db0-46d4-9cc8-e42a6065b2af', '{"action":"token_refreshed","actor_id":"0772beaf-9ccd-48e7-a178-f5312ab5e7e3","actor_name":"Raihan Sharif","actor_username":"raihan.raju@gmail.com","actor_via_sso":false,"log_type":"token"}', '2025-11-15 05:32:12.396543+00', ''),
	('00000000-0000-0000-0000-000000000000', 'd1966f9c-6180-4f01-bbe4-3c4d25eb3c04', '{"action":"token_revoked","actor_id":"0772beaf-9ccd-48e7-a178-f5312ab5e7e3","actor_name":"Raihan Sharif","actor_username":"raihan.raju@gmail.com","actor_via_sso":false,"log_type":"token"}', '2025-11-15 05:32:12.431173+00', ''),
	('00000000-0000-0000-0000-000000000000', 'ed145af5-bf16-4bc7-914c-a575cac8c30d', '{"action":"token_refreshed","actor_id":"0772beaf-9ccd-48e7-a178-f5312ab5e7e3","actor_name":"Raihan Sharif","actor_username":"raihan.raju@gmail.com","actor_via_sso":false,"log_type":"token"}', '2025-11-15 10:44:42.982385+00', ''),
	('00000000-0000-0000-0000-000000000000', 'bbb60fa5-fc92-439f-9c84-ba1389ab6064', '{"action":"token_revoked","actor_id":"0772beaf-9ccd-48e7-a178-f5312ab5e7e3","actor_name":"Raihan Sharif","actor_username":"raihan.raju@gmail.com","actor_via_sso":false,"log_type":"token"}', '2025-11-15 10:44:43.017033+00', ''),
	('00000000-0000-0000-0000-000000000000', '5ab856fe-c4d0-4e69-b1ff-ab5da7f3fb55', '{"action":"token_refreshed","actor_id":"0772beaf-9ccd-48e7-a178-f5312ab5e7e3","actor_name":"Raihan Sharif","actor_username":"raihan.raju@gmail.com","actor_via_sso":false,"log_type":"token"}', '2025-11-17 03:35:09.046672+00', ''),
	('00000000-0000-0000-0000-000000000000', '74f4bc03-afe7-47bf-b351-d263919f56f3', '{"action":"token_refreshed","actor_id":"0772beaf-9ccd-48e7-a178-f5312ab5e7e3","actor_name":"Raihan Sharif","actor_username":"raihan.raju@gmail.com","actor_via_sso":false,"log_type":"token"}', '2025-11-17 04:34:27.656856+00', ''),
	('00000000-0000-0000-0000-000000000000', '9664f3da-c7f0-49ec-a38b-22381b96631e', '{"action":"token_revoked","actor_id":"0772beaf-9ccd-48e7-a178-f5312ab5e7e3","actor_name":"Raihan Sharif","actor_username":"raihan.raju@gmail.com","actor_via_sso":false,"log_type":"token"}', '2025-11-17 04:34:27.6776+00', ''),
	('00000000-0000-0000-0000-000000000000', '35ff8b7d-89bb-4013-b9e2-1b5162b85488', '{"action":"token_refreshed","actor_id":"0772beaf-9ccd-48e7-a178-f5312ab5e7e3","actor_name":"Raihan Sharif","actor_username":"raihan.raju@gmail.com","actor_via_sso":false,"log_type":"token"}', '2025-11-17 05:33:27.674612+00', ''),
	('00000000-0000-0000-0000-000000000000', '8f1e9f5a-4049-4762-a761-753cfb58ba5d', '{"action":"token_revoked","actor_id":"0772beaf-9ccd-48e7-a178-f5312ab5e7e3","actor_name":"Raihan Sharif","actor_username":"raihan.raju@gmail.com","actor_via_sso":false,"log_type":"token"}', '2025-11-17 05:33:27.694579+00', ''),
	('00000000-0000-0000-0000-000000000000', '3be6e48a-5215-48dc-a568-08b04b089f1e', '{"action":"token_refreshed","actor_id":"0772beaf-9ccd-48e7-a178-f5312ab5e7e3","actor_name":"Raihan Sharif","actor_username":"raihan.raju@gmail.com","actor_via_sso":false,"log_type":"token"}', '2025-11-22 06:17:12.577314+00', ''),
	('00000000-0000-0000-0000-000000000000', 'f7c513aa-958f-4dfb-8c74-66fd8abdcf6c', '{"action":"token_revoked","actor_id":"0772beaf-9ccd-48e7-a178-f5312ab5e7e3","actor_name":"Raihan Sharif","actor_username":"raihan.raju@gmail.com","actor_via_sso":false,"log_type":"token"}', '2025-11-22 06:17:12.601069+00', '');


--
-- Data for Name: flow_state; Type: TABLE DATA; Schema: auth; Owner: supabase_auth_admin
--

INSERT INTO "auth"."flow_state" ("id", "user_id", "auth_code", "code_challenge_method", "code_challenge", "provider_type", "provider_access_token", "provider_refresh_token", "created_at", "updated_at", "authentication_method", "auth_code_issued_at") VALUES
	('a60e3bbe-c5fb-4cf5-8f85-e68e49986b38', 'bd31cc77-a61a-4767-8a29-14a910c1e51d', 'aa445f55-f4ee-4242-83d7-2600b9309b78', 's256', 'qYq4PXPhKkfSTcUPJjdBL27HLADFgPnF4zC_aBn35f4', 'email', '', '', '2025-08-05 16:28:04.906759+00', '2025-08-05 16:29:21.506918+00', 'email/signup', '2025-08-05 16:29:21.50688+00'),
	('d4392dbe-ca5a-4dca-9a88-49319dcaa18a', 'ad17cdb1-0d92-418e-8330-5ef6dfc0322b', '3d46cb99-890e-45bf-9f95-d25cb0571df1', 's256', 'SdUBEvku-VXrQyD6P2TyGjtZTZ-ewBowyXwQPVYRB94', 'email', '', '', '2025-08-05 16:50:44.741588+00', '2025-08-05 16:50:44.741588+00', 'email/signup', NULL),
	('2a73b54a-77ac-44b0-b578-a5c1ea567b29', 'bafc5fa5-255f-4e5e-b427-43f2889efbdc', 'df72fefc-21bf-492e-8e89-0b5989ab3ee3', 's256', '0tqRJ0CjiRcL2kS-FR_RQca8-QdGJ8Cgxl-NSjoj2iQ', 'email', '', '', '2025-08-05 18:27:18.20606+00', '2025-08-05 18:28:37.232384+00', 'email/signup', '2025-08-05 18:28:37.232344+00'),
	('4c6a0da9-a02e-4b0c-bda6-1f147dc6f45d', '915dd255-0d10-40ea-97e4-7c8c094b26ba', '1cf307f2-3d30-4ebf-9dbf-80d03cac4a36', 's256', 'cbEmZKmbnUsteHYjbNxQze2yz1CbRAaOLJKyrAYkzcg', 'email', '', '', '2025-08-06 06:59:25.99591+00', '2025-08-06 06:59:39.369546+00', 'email/signup', '2025-08-06 06:59:39.369507+00'),
	('0503998d-4d37-4ac5-80fa-92a16bf4cdec', '85f2e7ae-9a3d-4780-9093-409ba13689c0', '22fc0e3e-e99e-4cbf-98b4-58b2d8f1fdaa', 's256', 'krARDQlVkr70Asv3ZcpD3NbzL8IPYM8u-nq2KMHpCNc', 'email', '', '', '2025-08-06 07:42:04.474492+00', '2025-08-06 07:42:52.721328+00', 'email/signup', '2025-08-06 07:42:52.721288+00'),
	('60263820-651e-4d8d-b449-0de9cf0161f7', '2ecb3347-0a0e-4b1d-bc1c-2babd7bfc879', 'de78f2b5-51ee-451e-9595-3749448f2a0e', 's256', '9DQpyAhM2Lim4BSid4UNSu5gKNSF8Rz8UyYlecSEyLI', 'email', '', '', '2025-08-06 08:46:13.52036+00', '2025-08-06 08:46:55.791305+00', 'email/signup', '2025-08-06 08:46:55.791267+00'),
	('91d9979a-20a1-4810-bfe4-14b7e639c930', 'a520e403-27dc-424c-a702-4233f33832df', '1b26af36-d516-46fd-9a54-d6b96588b38c', 's256', 'HAOHS3wiND9rouovPXqfnha7i8DJQ2btuH5oQ-_KevE', 'email', '', '', '2025-08-06 16:44:44.927318+00', '2025-08-06 16:45:14.244619+00', 'email/signup', '2025-08-06 16:45:14.244568+00'),
	('821361dd-2e97-4ffa-a708-807571b26dcc', '0772beaf-9ccd-48e7-a178-f5312ab5e7e3', 'f5d13f21-efc9-4bfe-a202-d93c5e5144f7', 's256', 'tymMEs4-tlyxT00RuC6PH-T94kNcuWo5UB_LNlW8Ef4', 'email', '', '', '2025-08-07 16:44:10.83186+00', '2025-08-07 16:54:26.695487+00', 'email/signup', '2025-08-07 16:54:26.69544+00'),
	('5b71b13e-16ee-43f0-acb1-9c7c4cfbbfd0', '9a52cf96-a1d2-4146-9afe-25b0989f783f', '2d1d76de-24bf-4601-a87f-cc4423218d3e', 's256', 'c_O9t5HDkuILhYNlkaxWasJ7i1AF_j1HK5af8Y30n94', 'email', '', '', '2025-08-28 20:36:35.457193+00', '2025-08-28 20:36:58.361787+00', 'email/signup', '2025-08-28 20:36:58.361744+00');


--
-- Data for Name: users; Type: TABLE DATA; Schema: auth; Owner: supabase_auth_admin
--

INSERT INTO "auth"."users" ("instance_id", "id", "aud", "role", "email", "encrypted_password", "email_confirmed_at", "invited_at", "confirmation_token", "confirmation_sent_at", "recovery_token", "recovery_sent_at", "email_change_token_new", "email_change", "email_change_sent_at", "last_sign_in_at", "raw_app_meta_data", "raw_user_meta_data", "is_super_admin", "created_at", "updated_at", "phone", "phone_confirmed_at", "phone_change", "phone_change_token", "phone_change_sent_at", "email_change_token_current", "email_change_confirm_status", "banned_until", "reauthentication_token", "reauthentication_sent_at", "is_sso_user", "deleted_at", "is_anonymous") VALUES
	('00000000-0000-0000-0000-000000000000', '405e344f-269e-4908-b9df-05b267892189', 'authenticated', 'authenticated', 'admin@mail.com', '$2a$10$hFPOqCOQAfHZ0liBaihatuPY2WoH3YGTGiQdwac07d0Oc.aV1z5QK', '2025-08-07 05:50:03.55513+00', NULL, '', NULL, '', NULL, '', '', NULL, NULL, '{"provider": "email", "providers": ["email"]}', '{"email_verified": true}', NULL, '2025-08-07 05:50:03.52074+00', '2025-08-07 05:50:03.559926+00', NULL, NULL, '', '', NULL, '', 0, NULL, '', NULL, false, NULL, false),
	('00000000-0000-0000-0000-000000000000', '9a52cf96-a1d2-4146-9afe-25b0989f783f', 'authenticated', 'authenticated', 'click.tanha@gmail.com', '$2a$10$SiayoEv/CNV5GAgaX5HHFuyI4YbLoDrXigtRDUjRyOGeePT0FqHQm', '2025-08-28 20:36:58.355664+00', NULL, '', '2025-08-28 20:36:35.471104+00', '', NULL, '', '', NULL, '2025-08-28 20:37:12.684417+00', '{"provider": "email", "providers": ["email"]}', '{"sub": "9a52cf96-a1d2-4146-9afe-25b0989f783f", "email": "click.tanha@gmail.com", "full_name": "Tanjina Sultana", "email_verified": true, "phone_verified": false}', NULL, '2025-08-28 20:36:35.325065+00', '2025-08-28 20:37:12.716112+00', NULL, NULL, '', '', NULL, '', 0, NULL, '', NULL, false, NULL, false),
	('00000000-0000-0000-0000-000000000000', '0772beaf-9ccd-48e7-a178-f5312ab5e7e3', 'authenticated', 'authenticated', 'raihan.raju@gmail.com', '$2a$10$A8Dz.eDc7WVIK2WpEGnplOBGHzNhP3hQ0mpmtuxP7wsqc2d77y572', '2025-08-07 16:54:26.670458+00', NULL, '', '2025-08-07 16:44:10.841157+00', '', NULL, '', '', NULL, '2025-09-17 05:39:55.036254+00', '{"provider": "email", "providers": ["email"]}', '{"sub": "0772beaf-9ccd-48e7-a178-f5312ab5e7e3", "email": "raihan.raju@gmail.com", "full_name": "Raihan Sharif", "email_verified": true, "phone_verified": false}', NULL, '2025-08-07 16:44:10.696239+00', '2025-11-22 06:17:12.648551+00', NULL, NULL, '', '', NULL, '', 0, NULL, '', NULL, false, NULL, false);


--
-- Data for Name: identities; Type: TABLE DATA; Schema: auth; Owner: supabase_auth_admin
--

INSERT INTO "auth"."identities" ("provider_id", "user_id", "identity_data", "provider", "last_sign_in_at", "created_at", "updated_at", "id") VALUES
	('0772beaf-9ccd-48e7-a178-f5312ab5e7e3', '0772beaf-9ccd-48e7-a178-f5312ab5e7e3', '{"sub": "0772beaf-9ccd-48e7-a178-f5312ab5e7e3", "email": "raihan.raju@gmail.com", "full_name": "Raihan Sharif", "email_verified": true, "phone_verified": false}', 'email', '2025-08-07 16:44:10.82121+00', '2025-08-07 16:44:10.821267+00', '2025-08-07 16:44:10.821267+00', 'a84a3f26-5248-4306-8a43-2e54e2325d37'),
	('9a52cf96-a1d2-4146-9afe-25b0989f783f', '9a52cf96-a1d2-4146-9afe-25b0989f783f', '{"sub": "9a52cf96-a1d2-4146-9afe-25b0989f783f", "email": "click.tanha@gmail.com", "full_name": "Tanjina Sultana", "email_verified": true, "phone_verified": false}', 'email', '2025-08-28 20:36:35.434462+00', '2025-08-28 20:36:35.434528+00', '2025-08-28 20:36:35.434528+00', '27c9b7b1-4330-4455-8025-ea330b5312a9'),
	('405e344f-269e-4908-b9df-05b267892189', '405e344f-269e-4908-b9df-05b267892189', '{"sub": "405e344f-269e-4908-b9df-05b267892189", "email": "admin@mail.com", "email_verified": false, "phone_verified": false}', 'email', '2025-08-07 05:50:03.541641+00', '2025-08-07 05:50:03.543481+00', '2025-08-07 05:50:03.543481+00', '8d8d9127-796d-4935-9ecb-d55782a2d9b1');


--
-- Data for Name: instances; Type: TABLE DATA; Schema: auth; Owner: supabase_auth_admin
--



--
-- Data for Name: oauth_clients; Type: TABLE DATA; Schema: auth; Owner: supabase_auth_admin
--



--
-- Data for Name: sessions; Type: TABLE DATA; Schema: auth; Owner: supabase_auth_admin
--

INSERT INTO "auth"."sessions" ("id", "user_id", "created_at", "updated_at", "factor_id", "aal", "not_after", "refreshed_at", "user_agent", "ip", "tag", "oauth_client_id", "refresh_token_hmac_key", "refresh_token_counter") VALUES
	('f64a4caf-1201-49dd-88a9-54ad0c7b510b', '0772beaf-9ccd-48e7-a178-f5312ab5e7e3', '2025-09-11 09:26:56.071712+00', '2025-11-17 05:33:27.751107+00', NULL, 'aal1', NULL, '2025-11-17 05:33:27.75041', 'Mozilla/5.0 (Windows NT 10.0; Win64; x64) AppleWebKit/537.36 (KHTML, like Gecko) Chrome/142.0.0.0 Safari/537.36', '103.249.56.102', NULL, NULL, NULL, NULL),
	('b0d43b3b-a860-4435-a9b8-a5b26e514fbe', '0772beaf-9ccd-48e7-a178-f5312ab5e7e3', '2025-09-12 06:30:54.930029+00', '2025-11-22 06:17:12.668677+00', NULL, 'aal1', NULL, '2025-11-22 06:17:12.66854', 'Vercel Edge Functions', '13.205.0.134', NULL, NULL, NULL, NULL),
	('cc8e7f37-107d-4f26-9155-55a24aa8686b', '9a52cf96-a1d2-4146-9afe-25b0989f783f', '2025-08-28 20:37:12.684493+00', '2025-08-28 20:37:12.684493+00', NULL, 'aal1', NULL, NULL, 'Mozilla/5.0 (Linux; Android 10; K) AppleWebKit/537.36 (KHTML, like Gecko) Chrome/139.0.0.0 Mobile Safari/537.36', '103.38.55.163', NULL, NULL, NULL, NULL),
	('02403f21-e2a3-400a-8137-33c4fd255112', '0772beaf-9ccd-48e7-a178-f5312ab5e7e3', '2025-09-11 17:26:31.532786+00', '2025-09-27 16:54:34.7758+00', NULL, 'aal1', NULL, '2025-09-27 16:54:34.775724', 'Next.js Middleware', '103.183.63.62', NULL, NULL, NULL, NULL),
	('0481707a-70d0-4a50-933c-cee0ab3a787a', '0772beaf-9ccd-48e7-a178-f5312ab5e7e3', '2025-09-17 05:39:55.036356+00', '2025-09-28 11:07:14.042711+00', NULL, 'aal1', NULL, '2025-09-28 11:07:14.042636', 'Mozilla/5.0 (Windows NT 10.0; Win64; x64; rv:143.0) Gecko/20100101 Firefox/143.0', '103.249.56.102', NULL, NULL, NULL, NULL),
	('0d774f43-8235-4e63-a558-da711d963935', '0772beaf-9ccd-48e7-a178-f5312ab5e7e3', '2025-09-12 15:17:26.235665+00', '2025-10-08 18:44:44.755831+00', NULL, 'aal1', NULL, '2025-10-08 18:44:44.755753', 'Vercel Edge Functions', '3.109.221.142', NULL, NULL, NULL, NULL);


--
-- Data for Name: mfa_amr_claims; Type: TABLE DATA; Schema: auth; Owner: supabase_auth_admin
--

INSERT INTO "auth"."mfa_amr_claims" ("session_id", "created_at", "updated_at", "authentication_method", "id") VALUES
	('cc8e7f37-107d-4f26-9155-55a24aa8686b', '2025-08-28 20:37:12.716749+00', '2025-08-28 20:37:12.716749+00', 'password', 'e314a5bd-d7c6-45fb-aa8f-8f5c84c319b3'),
	('f64a4caf-1201-49dd-88a9-54ad0c7b510b', '2025-09-11 09:26:56.155354+00', '2025-09-11 09:26:56.155354+00', 'password', '71d1e0c0-dc62-47cb-9559-78749c315848'),
	('02403f21-e2a3-400a-8137-33c4fd255112', '2025-09-11 17:26:31.622729+00', '2025-09-11 17:26:31.622729+00', 'password', '0ee3db5f-7485-46b7-b2d4-8769297975fd'),
	('b0d43b3b-a860-4435-a9b8-a5b26e514fbe', '2025-09-12 06:30:54.993548+00', '2025-09-12 06:30:54.993548+00', 'password', 'ce533bae-c239-4bd5-9dfc-671fb515c337'),
	('0d774f43-8235-4e63-a558-da711d963935', '2025-09-12 15:17:26.280797+00', '2025-09-12 15:17:26.280797+00', 'password', '9cac711d-34db-4d42-8cc3-474b47aa62b5'),
	('0481707a-70d0-4a50-933c-cee0ab3a787a', '2025-09-17 05:39:55.087204+00', '2025-09-17 05:39:55.087204+00', 'password', '690f8712-42d7-442f-b379-8bc6b38f5ad2');


--
-- Data for Name: mfa_factors; Type: TABLE DATA; Schema: auth; Owner: supabase_auth_admin
--



--
-- Data for Name: mfa_challenges; Type: TABLE DATA; Schema: auth; Owner: supabase_auth_admin
--



--
-- Data for Name: oauth_authorizations; Type: TABLE DATA; Schema: auth; Owner: supabase_auth_admin
--



--
-- Data for Name: oauth_consents; Type: TABLE DATA; Schema: auth; Owner: supabase_auth_admin
--



--
-- Data for Name: one_time_tokens; Type: TABLE DATA; Schema: auth; Owner: supabase_auth_admin
--



--
-- Data for Name: refresh_tokens; Type: TABLE DATA; Schema: auth; Owner: supabase_auth_admin
--

INSERT INTO "auth"."refresh_tokens" ("instance_id", "id", "token", "user_id", "revoked", "created_at", "updated_at", "parent", "session_id") VALUES
	('00000000-0000-0000-0000-000000000000', 181, 'uiicikjtvpwh', '9a52cf96-a1d2-4146-9afe-25b0989f783f', false, '2025-08-28 20:37:12.694739+00', '2025-08-28 20:37:12.694739+00', NULL, 'cc8e7f37-107d-4f26-9155-55a24aa8686b'),
	('00000000-0000-0000-0000-000000000000', 262, 'gfz3xu3zafyv', '0772beaf-9ccd-48e7-a178-f5312ab5e7e3', true, '2025-09-12 15:17:26.252009+00', '2025-10-08 11:47:19.284197+00', NULL, '0d774f43-8235-4e63-a558-da711d963935'),
	('00000000-0000-0000-0000-000000000000', 240, 'j6o7lsmjn767', '0772beaf-9ccd-48e7-a178-f5312ab5e7e3', true, '2025-09-11 09:26:56.098737+00', '2025-09-11 10:29:36.66419+00', NULL, 'f64a4caf-1201-49dd-88a9-54ad0c7b510b'),
	('00000000-0000-0000-0000-000000000000', 242, 'pyxeoqtttrzc', '0772beaf-9ccd-48e7-a178-f5312ab5e7e3', true, '2025-09-11 17:26:31.564017+00', '2025-09-11 18:25:15.593959+00', NULL, '02403f21-e2a3-400a-8137-33c4fd255112'),
	('00000000-0000-0000-0000-000000000000', 243, 'fff6ei7zl4z6', '0772beaf-9ccd-48e7-a178-f5312ab5e7e3', true, '2025-09-11 18:25:15.618612+00', '2025-09-12 07:04:04.206899+00', 'pyxeoqtttrzc', '02403f21-e2a3-400a-8137-33c4fd255112'),
	('00000000-0000-0000-0000-000000000000', 244, 'sw327fgsmlt6', '0772beaf-9ccd-48e7-a178-f5312ab5e7e3', true, '2025-09-12 06:30:54.955228+00', '2025-09-12 07:29:51.373147+00', NULL, 'b0d43b3b-a860-4435-a9b8-a5b26e514fbe'),
	('00000000-0000-0000-0000-000000000000', 245, 'hjcyvizrongw', '0772beaf-9ccd-48e7-a178-f5312ab5e7e3', true, '2025-09-12 07:04:04.221919+00', '2025-09-12 08:02:57.221487+00', 'fff6ei7zl4z6', '02403f21-e2a3-400a-8137-33c4fd255112'),
	('00000000-0000-0000-0000-000000000000', 246, 'hf24qpmxuzld', '0772beaf-9ccd-48e7-a178-f5312ab5e7e3', true, '2025-09-12 07:29:51.388229+00', '2025-09-12 08:28:51.024977+00', 'sw327fgsmlt6', 'b0d43b3b-a860-4435-a9b8-a5b26e514fbe'),
	('00000000-0000-0000-0000-000000000000', 247, '4es5vgs6vot6', '0772beaf-9ccd-48e7-a178-f5312ab5e7e3', true, '2025-09-12 08:02:57.239726+00', '2025-09-12 09:01:38.334484+00', 'hjcyvizrongw', '02403f21-e2a3-400a-8137-33c4fd255112'),
	('00000000-0000-0000-0000-000000000000', 248, 'tay7eoykecgi', '0772beaf-9ccd-48e7-a178-f5312ab5e7e3', true, '2025-09-12 08:28:51.037221+00', '2025-09-12 09:27:51.325577+00', 'hf24qpmxuzld', 'b0d43b3b-a860-4435-a9b8-a5b26e514fbe'),
	('00000000-0000-0000-0000-000000000000', 249, '6s4upqzgnvvw', '0772beaf-9ccd-48e7-a178-f5312ab5e7e3', true, '2025-09-12 09:01:38.350117+00', '2025-09-12 10:00:10.581726+00', '4es5vgs6vot6', '02403f21-e2a3-400a-8137-33c4fd255112'),
	('00000000-0000-0000-0000-000000000000', 250, '5qpcinjlkn6i', '0772beaf-9ccd-48e7-a178-f5312ab5e7e3', true, '2025-09-12 09:27:51.335772+00', '2025-09-12 10:26:51.443834+00', 'tay7eoykecgi', 'b0d43b3b-a860-4435-a9b8-a5b26e514fbe'),
	('00000000-0000-0000-0000-000000000000', 251, 'xw2aguk5jhxs', '0772beaf-9ccd-48e7-a178-f5312ab5e7e3', true, '2025-09-12 10:00:10.588552+00', '2025-09-12 10:59:02.656589+00', '6s4upqzgnvvw', '02403f21-e2a3-400a-8137-33c4fd255112'),
	('00000000-0000-0000-0000-000000000000', 252, 'mpgavtpivsuj', '0772beaf-9ccd-48e7-a178-f5312ab5e7e3', true, '2025-09-12 10:26:51.454459+00', '2025-09-12 11:25:51.08107+00', '5qpcinjlkn6i', 'b0d43b3b-a860-4435-a9b8-a5b26e514fbe'),
	('00000000-0000-0000-0000-000000000000', 253, 'bmb4zzicvcnc', '0772beaf-9ccd-48e7-a178-f5312ab5e7e3', true, '2025-09-12 10:59:02.668599+00', '2025-09-12 11:57:42.547919+00', 'xw2aguk5jhxs', '02403f21-e2a3-400a-8137-33c4fd255112'),
	('00000000-0000-0000-0000-000000000000', 254, 'up22322tddwt', '0772beaf-9ccd-48e7-a178-f5312ab5e7e3', true, '2025-09-12 11:25:51.091452+00', '2025-09-12 12:24:51.418961+00', 'mpgavtpivsuj', 'b0d43b3b-a860-4435-a9b8-a5b26e514fbe'),
	('00000000-0000-0000-0000-000000000000', 255, 'a26avwa5ayxi', '0772beaf-9ccd-48e7-a178-f5312ab5e7e3', true, '2025-09-12 11:57:42.557496+00', '2025-09-12 12:56:15.544814+00', 'bmb4zzicvcnc', '02403f21-e2a3-400a-8137-33c4fd255112'),
	('00000000-0000-0000-0000-000000000000', 256, 'j4oiya4pqq2i', '0772beaf-9ccd-48e7-a178-f5312ab5e7e3', true, '2025-09-12 12:24:51.427201+00', '2025-09-12 13:23:51.533382+00', 'up22322tddwt', 'b0d43b3b-a860-4435-a9b8-a5b26e514fbe'),
	('00000000-0000-0000-0000-000000000000', 257, '73j6pbr33w2a', '0772beaf-9ccd-48e7-a178-f5312ab5e7e3', true, '2025-09-12 12:56:15.555531+00', '2025-09-12 13:54:48.650282+00', 'a26avwa5ayxi', '02403f21-e2a3-400a-8137-33c4fd255112'),
	('00000000-0000-0000-0000-000000000000', 258, 'niutoteqtxfe', '0772beaf-9ccd-48e7-a178-f5312ab5e7e3', true, '2025-09-12 13:23:51.541935+00', '2025-09-12 14:22:51.345406+00', 'j4oiya4pqq2i', 'b0d43b3b-a860-4435-a9b8-a5b26e514fbe'),
	('00000000-0000-0000-0000-000000000000', 259, '7v4dydbau2gi', '0772beaf-9ccd-48e7-a178-f5312ab5e7e3', true, '2025-09-12 13:54:48.658613+00', '2025-09-12 14:53:37.555533+00', '73j6pbr33w2a', '02403f21-e2a3-400a-8137-33c4fd255112'),
	('00000000-0000-0000-0000-000000000000', 260, 'pugxxhrfj37l', '0772beaf-9ccd-48e7-a178-f5312ab5e7e3', true, '2025-09-12 14:22:51.353429+00', '2025-09-12 15:21:50.450211+00', 'niutoteqtxfe', 'b0d43b3b-a860-4435-a9b8-a5b26e514fbe'),
	('00000000-0000-0000-0000-000000000000', 261, 'snn3q3qkj7d4', '0772beaf-9ccd-48e7-a178-f5312ab5e7e3', true, '2025-09-12 14:53:37.571125+00', '2025-09-12 15:52:14.891456+00', '7v4dydbau2gi', '02403f21-e2a3-400a-8137-33c4fd255112'),
	('00000000-0000-0000-0000-000000000000', 263, 'ndv2xmpfl6xf', '0772beaf-9ccd-48e7-a178-f5312ab5e7e3', true, '2025-09-12 15:21:50.451597+00', '2025-09-12 16:20:51.629823+00', 'pugxxhrfj37l', 'b0d43b3b-a860-4435-a9b8-a5b26e514fbe'),
	('00000000-0000-0000-0000-000000000000', 264, '4y3mmfibu7oy', '0772beaf-9ccd-48e7-a178-f5312ab5e7e3', true, '2025-09-12 15:52:14.905112+00', '2025-09-12 16:50:48.287981+00', 'snn3q3qkj7d4', '02403f21-e2a3-400a-8137-33c4fd255112'),
	('00000000-0000-0000-0000-000000000000', 265, 'r7onuzxqge3d', '0772beaf-9ccd-48e7-a178-f5312ab5e7e3', true, '2025-09-12 16:20:51.644221+00', '2025-09-12 17:19:50.730059+00', 'ndv2xmpfl6xf', 'b0d43b3b-a860-4435-a9b8-a5b26e514fbe'),
	('00000000-0000-0000-0000-000000000000', 266, '3mjdsunpgxvj', '0772beaf-9ccd-48e7-a178-f5312ab5e7e3', true, '2025-09-12 16:50:48.302716+00', '2025-09-12 17:48:56.761031+00', '4y3mmfibu7oy', '02403f21-e2a3-400a-8137-33c4fd255112'),
	('00000000-0000-0000-0000-000000000000', 241, 'kybimv3x7qrd', '0772beaf-9ccd-48e7-a178-f5312ab5e7e3', true, '2025-09-11 10:29:36.688949+00', '2025-09-14 09:23:04.667752+00', 'j6o7lsmjn767', 'f64a4caf-1201-49dd-88a9-54ad0c7b510b'),
	('00000000-0000-0000-0000-000000000000', 268, 'cslqvj3oymj4', '0772beaf-9ccd-48e7-a178-f5312ab5e7e3', true, '2025-09-12 17:48:56.766868+00', '2025-09-14 16:38:26.62879+00', '3mjdsunpgxvj', '02403f21-e2a3-400a-8137-33c4fd255112'),
	('00000000-0000-0000-0000-000000000000', 267, '4hyvd7wwnqbh', '0772beaf-9ccd-48e7-a178-f5312ab5e7e3', true, '2025-09-12 17:19:50.741543+00', '2025-09-15 15:54:08.674578+00', 'r7onuzxqge3d', 'b0d43b3b-a860-4435-a9b8-a5b26e514fbe'),
	('00000000-0000-0000-0000-000000000000', 271, 'a72tkpdujxza', '0772beaf-9ccd-48e7-a178-f5312ab5e7e3', true, '2025-09-15 15:54:08.68829+00', '2025-09-15 16:57:26.631783+00', '4hyvd7wwnqbh', 'b0d43b3b-a860-4435-a9b8-a5b26e514fbe'),
	('00000000-0000-0000-0000-000000000000', 270, 'mndypbosvp4l', '0772beaf-9ccd-48e7-a178-f5312ab5e7e3', true, '2025-09-14 16:38:26.640937+00', '2025-09-15 16:59:04.894777+00', 'cslqvj3oymj4', '02403f21-e2a3-400a-8137-33c4fd255112'),
	('00000000-0000-0000-0000-000000000000', 273, 'hrkl2agzlxli', '0772beaf-9ccd-48e7-a178-f5312ab5e7e3', true, '2025-09-15 16:59:04.895575+00', '2025-09-15 17:59:39.912029+00', 'mndypbosvp4l', '02403f21-e2a3-400a-8137-33c4fd255112'),
	('00000000-0000-0000-0000-000000000000', 272, 'aobf3d4q47av', '0772beaf-9ccd-48e7-a178-f5312ab5e7e3', true, '2025-09-15 16:57:26.649068+00', '2025-09-15 18:06:25.890595+00', 'a72tkpdujxza', 'b0d43b3b-a860-4435-a9b8-a5b26e514fbe'),
	('00000000-0000-0000-0000-000000000000', 276, 'zhfuqtyq3gbe', '0772beaf-9ccd-48e7-a178-f5312ab5e7e3', true, '2025-09-17 05:39:55.05097+00', '2025-09-17 06:38:44.279168+00', NULL, '0481707a-70d0-4a50-933c-cee0ab3a787a'),
	('00000000-0000-0000-0000-000000000000', 277, 'uokzqqosb4jd', '0772beaf-9ccd-48e7-a178-f5312ab5e7e3', true, '2025-09-17 06:38:44.284355+00', '2025-09-17 09:02:42.523814+00', 'zhfuqtyq3gbe', '0481707a-70d0-4a50-933c-cee0ab3a787a'),
	('00000000-0000-0000-0000-000000000000', 278, '5ez2ilrj7f23', '0772beaf-9ccd-48e7-a178-f5312ab5e7e3', true, '2025-09-17 09:02:42.535079+00', '2025-09-17 10:03:01.233367+00', 'uokzqqosb4jd', '0481707a-70d0-4a50-933c-cee0ab3a787a'),
	('00000000-0000-0000-0000-000000000000', 279, 'fyxdwtayaj4y', '0772beaf-9ccd-48e7-a178-f5312ab5e7e3', true, '2025-09-17 10:03:01.255943+00', '2025-09-17 11:01:35.103067+00', '5ez2ilrj7f23', '0481707a-70d0-4a50-933c-cee0ab3a787a'),
	('00000000-0000-0000-0000-000000000000', 280, 'sezgcdc4babf', '0772beaf-9ccd-48e7-a178-f5312ab5e7e3', true, '2025-09-17 11:01:35.115161+00', '2025-09-18 09:38:54.652039+00', 'fyxdwtayaj4y', '0481707a-70d0-4a50-933c-cee0ab3a787a'),
	('00000000-0000-0000-0000-000000000000', 281, 'v55g5n4gjgcj', '0772beaf-9ccd-48e7-a178-f5312ab5e7e3', true, '2025-09-18 09:38:54.667701+00', '2025-09-18 10:37:38.424087+00', 'sezgcdc4babf', '0481707a-70d0-4a50-933c-cee0ab3a787a'),
	('00000000-0000-0000-0000-000000000000', 282, 'bj7sn2c26z7c', '0772beaf-9ccd-48e7-a178-f5312ab5e7e3', true, '2025-09-18 10:37:38.437424+00', '2025-09-18 11:36:34.03002+00', 'v55g5n4gjgcj', '0481707a-70d0-4a50-933c-cee0ab3a787a'),
	('00000000-0000-0000-0000-000000000000', 274, 'bd3tl6q4p3gn', '0772beaf-9ccd-48e7-a178-f5312ab5e7e3', true, '2025-09-15 17:59:39.920459+00', '2025-09-19 16:09:43.601977+00', 'hrkl2agzlxli', '02403f21-e2a3-400a-8137-33c4fd255112'),
	('00000000-0000-0000-0000-000000000000', 284, '3fh4w3bm6cmg', '0772beaf-9ccd-48e7-a178-f5312ab5e7e3', true, '2025-09-19 16:09:43.629588+00', '2025-09-19 17:08:18.151732+00', 'bd3tl6q4p3gn', '02403f21-e2a3-400a-8137-33c4fd255112'),
	('00000000-0000-0000-0000-000000000000', 269, 'e4bgadcijclq', '0772beaf-9ccd-48e7-a178-f5312ab5e7e3', true, '2025-09-14 09:23:04.690112+00', '2025-09-21 04:39:03.927603+00', 'kybimv3x7qrd', 'f64a4caf-1201-49dd-88a9-54ad0c7b510b'),
	('00000000-0000-0000-0000-000000000000', 286, '6y2yxebpnprm', '0772beaf-9ccd-48e7-a178-f5312ab5e7e3', true, '2025-09-21 04:39:03.954274+00', '2025-09-21 05:37:50.419757+00', 'e4bgadcijclq', 'f64a4caf-1201-49dd-88a9-54ad0c7b510b'),
	('00000000-0000-0000-0000-000000000000', 287, 'okqqa4ahdf7q', '0772beaf-9ccd-48e7-a178-f5312ab5e7e3', true, '2025-09-21 05:37:50.434063+00', '2025-09-21 06:36:56.787108+00', '6y2yxebpnprm', 'f64a4caf-1201-49dd-88a9-54ad0c7b510b'),
	('00000000-0000-0000-0000-000000000000', 283, 'kg22tl6nxka5', '0772beaf-9ccd-48e7-a178-f5312ab5e7e3', true, '2025-09-18 11:36:34.053327+00', '2025-09-21 06:44:32.372994+00', 'bj7sn2c26z7c', '0481707a-70d0-4a50-933c-cee0ab3a787a'),
	('00000000-0000-0000-0000-000000000000', 288, 'jskc736opq5v', '0772beaf-9ccd-48e7-a178-f5312ab5e7e3', true, '2025-09-21 06:36:56.808512+00', '2025-09-21 07:35:56.706256+00', 'okqqa4ahdf7q', 'f64a4caf-1201-49dd-88a9-54ad0c7b510b'),
	('00000000-0000-0000-0000-000000000000', 275, '7usbrji2zv65', '0772beaf-9ccd-48e7-a178-f5312ab5e7e3', true, '2025-09-15 18:06:25.903538+00', '2025-09-22 15:53:04.819452+00', 'aobf3d4q47av', 'b0d43b3b-a860-4435-a9b8-a5b26e514fbe'),
	('00000000-0000-0000-0000-000000000000', 285, 'bclmlomvgt2x', '0772beaf-9ccd-48e7-a178-f5312ab5e7e3', true, '2025-09-19 17:08:18.158346+00', '2025-09-27 16:54:34.573243+00', '3fh4w3bm6cmg', '02403f21-e2a3-400a-8137-33c4fd255112'),
	('00000000-0000-0000-0000-000000000000', 306, 'mhoxl34h432k', '0772beaf-9ccd-48e7-a178-f5312ab5e7e3', true, '2025-10-06 06:19:55.622188+00', '2025-10-06 07:18:55.441385+00', '4rsxl6lfipip', 'f64a4caf-1201-49dd-88a9-54ad0c7b510b'),
	('00000000-0000-0000-0000-000000000000', 307, 'aiydg64wvzpj', '0772beaf-9ccd-48e7-a178-f5312ab5e7e3', true, '2025-10-06 07:18:55.454683+00', '2025-10-06 08:17:55.57834+00', 'mhoxl34h432k', 'f64a4caf-1201-49dd-88a9-54ad0c7b510b'),
	('00000000-0000-0000-0000-000000000000', 289, 'qodolydw3qzf', '0772beaf-9ccd-48e7-a178-f5312ab5e7e3', true, '2025-09-21 06:44:32.381867+00', '2025-09-21 08:22:04.522793+00', 'kg22tl6nxka5', '0481707a-70d0-4a50-933c-cee0ab3a787a'),
	('00000000-0000-0000-0000-000000000000', 290, 'qykxmniaqaxx', '0772beaf-9ccd-48e7-a178-f5312ab5e7e3', true, '2025-09-21 07:35:56.722939+00', '2025-09-21 08:34:56.745053+00', 'jskc736opq5v', 'f64a4caf-1201-49dd-88a9-54ad0c7b510b'),
	('00000000-0000-0000-0000-000000000000', 308, '5gdexne6sozn', '0772beaf-9ccd-48e7-a178-f5312ab5e7e3', true, '2025-10-06 08:17:55.613247+00', '2025-10-06 09:16:55.551514+00', 'aiydg64wvzpj', 'f64a4caf-1201-49dd-88a9-54ad0c7b510b'),
	('00000000-0000-0000-0000-000000000000', 291, 'h4ckmnxn25mv', '0772beaf-9ccd-48e7-a178-f5312ab5e7e3', true, '2025-09-21 08:22:04.543505+00', '2025-09-21 09:30:34.702008+00', 'qodolydw3qzf', '0481707a-70d0-4a50-933c-cee0ab3a787a'),
	('00000000-0000-0000-0000-000000000000', 293, 'lsmdypvayefm', '0772beaf-9ccd-48e7-a178-f5312ab5e7e3', true, '2025-09-21 09:30:34.716399+00', '2025-09-21 10:54:40.272445+00', 'h4ckmnxn25mv', '0481707a-70d0-4a50-933c-cee0ab3a787a'),
	('00000000-0000-0000-0000-000000000000', 294, 'n4nhncpgflvi', '0772beaf-9ccd-48e7-a178-f5312ab5e7e3', true, '2025-09-21 10:54:40.285074+00', '2025-09-22 08:45:34.871556+00', 'lsmdypvayefm', '0481707a-70d0-4a50-933c-cee0ab3a787a'),
	('00000000-0000-0000-0000-000000000000', 310, 'jz6i7efyn4mu', '0772beaf-9ccd-48e7-a178-f5312ab5e7e3', true, '2025-10-08 11:47:19.311906+00', '2025-10-08 18:44:44.696835+00', 'gfz3xu3zafyv', '0d774f43-8235-4e63-a558-da711d963935'),
	('00000000-0000-0000-0000-000000000000', 295, '44t4vlitwwju', '0772beaf-9ccd-48e7-a178-f5312ab5e7e3', true, '2025-09-22 08:45:34.898017+00', '2025-09-22 09:44:26.336045+00', 'n4nhncpgflvi', '0481707a-70d0-4a50-933c-cee0ab3a787a'),
	('00000000-0000-0000-0000-000000000000', 311, '5eh656q4zv3q', '0772beaf-9ccd-48e7-a178-f5312ab5e7e3', false, '2025-10-08 18:44:44.719491+00', '2025-10-08 18:44:44.719491+00', 'jz6i7efyn4mu', '0d774f43-8235-4e63-a558-da711d963935'),
	('00000000-0000-0000-0000-000000000000', 296, 'yr4ilrm3qlje', '0772beaf-9ccd-48e7-a178-f5312ab5e7e3', true, '2025-09-22 09:44:26.35686+00', '2025-09-22 10:43:12.4314+00', '44t4vlitwwju', '0481707a-70d0-4a50-933c-cee0ab3a787a'),
	('00000000-0000-0000-0000-000000000000', 309, 'o2phwcsepdzw', '0772beaf-9ccd-48e7-a178-f5312ab5e7e3', true, '2025-10-06 09:16:55.561757+00', '2025-10-09 11:13:10.092711+00', '5gdexne6sozn', 'f64a4caf-1201-49dd-88a9-54ad0c7b510b'),
	('00000000-0000-0000-0000-000000000000', 297, 'i3zzytv5wet3', '0772beaf-9ccd-48e7-a178-f5312ab5e7e3', true, '2025-09-22 10:43:12.446205+00', '2025-09-22 11:42:05.411417+00', 'yr4ilrm3qlje', '0481707a-70d0-4a50-933c-cee0ab3a787a'),
	('00000000-0000-0000-0000-000000000000', 292, 'btfyeyigk5n3', '0772beaf-9ccd-48e7-a178-f5312ab5e7e3', true, '2025-09-21 08:34:56.758557+00', '2025-09-24 08:09:08.436593+00', 'qykxmniaqaxx', 'f64a4caf-1201-49dd-88a9-54ad0c7b510b'),
	('00000000-0000-0000-0000-000000000000', 312, 'g4tempwxnvyz', '0772beaf-9ccd-48e7-a178-f5312ab5e7e3', true, '2025-10-09 11:13:10.119308+00', '2025-10-16 11:10:07.3345+00', 'o2phwcsepdzw', 'f64a4caf-1201-49dd-88a9-54ad0c7b510b'),
	('00000000-0000-0000-0000-000000000000', 301, 'ec5rskt6td7m', '0772beaf-9ccd-48e7-a178-f5312ab5e7e3', false, '2025-09-27 16:54:34.600517+00', '2025-09-27 16:54:34.600517+00', 'bclmlomvgt2x', '02403f21-e2a3-400a-8137-33c4fd255112'),
	('00000000-0000-0000-0000-000000000000', 298, 'yyt7jynira7t', '0772beaf-9ccd-48e7-a178-f5312ab5e7e3', true, '2025-09-22 11:42:05.436492+00', '2025-09-28 09:09:25.409196+00', 'i3zzytv5wet3', '0481707a-70d0-4a50-933c-cee0ab3a787a'),
	('00000000-0000-0000-0000-000000000000', 302, '4j4abuozabb4', '0772beaf-9ccd-48e7-a178-f5312ab5e7e3', true, '2025-09-28 09:09:25.420914+00', '2025-09-28 10:08:19.862769+00', 'yyt7jynira7t', '0481707a-70d0-4a50-933c-cee0ab3a787a'),
	('00000000-0000-0000-0000-000000000000', 299, 'ligkuv7w3srw', '0772beaf-9ccd-48e7-a178-f5312ab5e7e3', true, '2025-09-22 15:53:04.840641+00', '2025-10-16 16:11:59.681716+00', '7usbrji2zv65', 'b0d43b3b-a860-4435-a9b8-a5b26e514fbe'),
	('00000000-0000-0000-0000-000000000000', 303, 'wi6mkgelyqez', '0772beaf-9ccd-48e7-a178-f5312ab5e7e3', true, '2025-09-28 10:08:19.889344+00', '2025-09-28 11:07:14.012533+00', '4j4abuozabb4', '0481707a-70d0-4a50-933c-cee0ab3a787a'),
	('00000000-0000-0000-0000-000000000000', 304, 'tabo6vvynqtj', '0772beaf-9ccd-48e7-a178-f5312ab5e7e3', false, '2025-09-28 11:07:14.026737+00', '2025-09-28 11:07:14.026737+00', 'wi6mkgelyqez', '0481707a-70d0-4a50-933c-cee0ab3a787a'),
	('00000000-0000-0000-0000-000000000000', 300, '2g5zsgykvbp3', '0772beaf-9ccd-48e7-a178-f5312ab5e7e3', true, '2025-09-24 08:09:08.463+00', '2025-10-06 05:21:09.898146+00', 'btfyeyigk5n3', 'f64a4caf-1201-49dd-88a9-54ad0c7b510b'),
	('00000000-0000-0000-0000-000000000000', 305, '4rsxl6lfipip', '0772beaf-9ccd-48e7-a178-f5312ab5e7e3', true, '2025-10-06 05:21:09.928667+00', '2025-10-06 06:19:55.603411+00', '2g5zsgykvbp3', 'f64a4caf-1201-49dd-88a9-54ad0c7b510b'),
	('00000000-0000-0000-0000-000000000000', 314, 'c4n7ltz7bz4s', '0772beaf-9ccd-48e7-a178-f5312ab5e7e3', true, '2025-10-16 16:11:59.704849+00', '2025-10-16 17:10:47.014371+00', 'ligkuv7w3srw', 'b0d43b3b-a860-4435-a9b8-a5b26e514fbe'),
	('00000000-0000-0000-0000-000000000000', 315, 'he5kog6g43vw', '0772beaf-9ccd-48e7-a178-f5312ab5e7e3', true, '2025-10-16 17:10:47.034722+00', '2025-10-16 18:11:37.67977+00', 'c4n7ltz7bz4s', 'b0d43b3b-a860-4435-a9b8-a5b26e514fbe'),
	('00000000-0000-0000-0000-000000000000', 313, 'eewmmlgdupli', '0772beaf-9ccd-48e7-a178-f5312ab5e7e3', true, '2025-10-16 11:10:07.363571+00', '2025-10-19 07:10:10.738312+00', 'g4tempwxnvyz', 'f64a4caf-1201-49dd-88a9-54ad0c7b510b'),
	('00000000-0000-0000-0000-000000000000', 317, 'z64auplzyh6h', '0772beaf-9ccd-48e7-a178-f5312ab5e7e3', true, '2025-10-19 07:10:10.768927+00', '2025-10-19 08:08:56.761426+00', 'eewmmlgdupli', 'f64a4caf-1201-49dd-88a9-54ad0c7b510b'),
	('00000000-0000-0000-0000-000000000000', 318, 'fsmdtvinseed', '0772beaf-9ccd-48e7-a178-f5312ab5e7e3', true, '2025-10-19 08:08:56.781902+00', '2025-10-19 09:07:56.843064+00', 'z64auplzyh6h', 'f64a4caf-1201-49dd-88a9-54ad0c7b510b'),
	('00000000-0000-0000-0000-000000000000', 319, '7wwrfga4knbd', '0772beaf-9ccd-48e7-a178-f5312ab5e7e3', true, '2025-10-19 09:07:56.866406+00', '2025-10-19 10:06:56.873706+00', 'fsmdtvinseed', 'f64a4caf-1201-49dd-88a9-54ad0c7b510b'),
	('00000000-0000-0000-0000-000000000000', 320, 'l7plsvpc473y', '0772beaf-9ccd-48e7-a178-f5312ab5e7e3', true, '2025-10-19 10:06:56.89091+00', '2025-10-19 11:05:56.754276+00', '7wwrfga4knbd', 'f64a4caf-1201-49dd-88a9-54ad0c7b510b'),
	('00000000-0000-0000-0000-000000000000', 321, 'sv5my6mv5ohr', '0772beaf-9ccd-48e7-a178-f5312ab5e7e3', true, '2025-10-19 11:05:56.771166+00', '2025-10-26 07:14:28.491108+00', 'l7plsvpc473y', 'f64a4caf-1201-49dd-88a9-54ad0c7b510b'),
	('00000000-0000-0000-0000-000000000000', 322, 'moxfkoysaizv', '0772beaf-9ccd-48e7-a178-f5312ab5e7e3', true, '2025-10-26 07:14:28.520774+00', '2025-10-26 09:09:42.871874+00', 'sv5my6mv5ohr', 'f64a4caf-1201-49dd-88a9-54ad0c7b510b'),
	('00000000-0000-0000-0000-000000000000', 323, 'esenxj6yynms', '0772beaf-9ccd-48e7-a178-f5312ab5e7e3', true, '2025-10-26 09:09:42.896016+00', '2025-10-28 11:54:53.901001+00', 'moxfkoysaizv', 'f64a4caf-1201-49dd-88a9-54ad0c7b510b'),
	('00000000-0000-0000-0000-000000000000', 316, '52r3hz2bld6q', '0772beaf-9ccd-48e7-a178-f5312ab5e7e3', true, '2025-10-16 18:11:37.691908+00', '2025-10-31 16:12:54.880378+00', 'he5kog6g43vw', 'b0d43b3b-a860-4435-a9b8-a5b26e514fbe'),
	('00000000-0000-0000-0000-000000000000', 325, '4f246qiv5ro7', '0772beaf-9ccd-48e7-a178-f5312ab5e7e3', true, '2025-10-31 16:12:54.908416+00', '2025-11-01 08:54:25.847528+00', '52r3hz2bld6q', 'b0d43b3b-a860-4435-a9b8-a5b26e514fbe'),
	('00000000-0000-0000-0000-000000000000', 326, 'vd5qrez4oypq', '0772beaf-9ccd-48e7-a178-f5312ab5e7e3', true, '2025-11-01 08:54:25.876924+00', '2025-11-01 09:53:46.486445+00', '4f246qiv5ro7', 'b0d43b3b-a860-4435-a9b8-a5b26e514fbe'),
	('00000000-0000-0000-0000-000000000000', 327, 'f2txtmwetars', '0772beaf-9ccd-48e7-a178-f5312ab5e7e3', true, '2025-11-01 09:53:46.503759+00', '2025-11-01 10:52:46.519335+00', 'vd5qrez4oypq', 'b0d43b3b-a860-4435-a9b8-a5b26e514fbe'),
	('00000000-0000-0000-0000-000000000000', 328, 'ghmlhc4rkyxk', '0772beaf-9ccd-48e7-a178-f5312ab5e7e3', true, '2025-11-01 10:52:46.539491+00', '2025-11-01 11:51:46.588911+00', 'f2txtmwetars', 'b0d43b3b-a860-4435-a9b8-a5b26e514fbe'),
	('00000000-0000-0000-0000-000000000000', 329, 'qfpxomeqhvso', '0772beaf-9ccd-48e7-a178-f5312ab5e7e3', true, '2025-11-01 11:51:46.603818+00', '2025-11-01 12:50:46.572064+00', 'ghmlhc4rkyxk', 'b0d43b3b-a860-4435-a9b8-a5b26e514fbe'),
	('00000000-0000-0000-0000-000000000000', 330, 'j4c4amab6lmu', '0772beaf-9ccd-48e7-a178-f5312ab5e7e3', true, '2025-11-01 12:50:46.595523+00', '2025-11-01 13:49:46.469916+00', 'qfpxomeqhvso', 'b0d43b3b-a860-4435-a9b8-a5b26e514fbe'),
	('00000000-0000-0000-0000-000000000000', 331, 'zsrpkjwpg4lf', '0772beaf-9ccd-48e7-a178-f5312ab5e7e3', true, '2025-11-01 13:49:46.485734+00', '2025-11-01 14:48:46.505881+00', 'j4c4amab6lmu', 'b0d43b3b-a860-4435-a9b8-a5b26e514fbe'),
	('00000000-0000-0000-0000-000000000000', 332, 'bu5h2tmdw3aj', '0772beaf-9ccd-48e7-a178-f5312ab5e7e3', true, '2025-11-01 14:48:46.519495+00', '2025-11-01 15:47:46.763444+00', 'zsrpkjwpg4lf', 'b0d43b3b-a860-4435-a9b8-a5b26e514fbe'),
	('00000000-0000-0000-0000-000000000000', 324, 'dqsb4m65hyvv', '0772beaf-9ccd-48e7-a178-f5312ab5e7e3', true, '2025-10-28 11:54:53.92916+00', '2025-11-03 10:44:00.194229+00', 'esenxj6yynms', 'f64a4caf-1201-49dd-88a9-54ad0c7b510b'),
	('00000000-0000-0000-0000-000000000000', 333, 'vtdkpq2j6z72', '0772beaf-9ccd-48e7-a178-f5312ab5e7e3', true, '2025-11-01 15:47:46.782508+00', '2025-11-08 16:45:23.28309+00', 'bu5h2tmdw3aj', 'b0d43b3b-a860-4435-a9b8-a5b26e514fbe'),
	('00000000-0000-0000-0000-000000000000', 334, 'yn2xcydyrn3b', '0772beaf-9ccd-48e7-a178-f5312ab5e7e3', true, '2025-11-03 10:44:00.222357+00', '2025-11-11 05:51:56.780094+00', 'dqsb4m65hyvv', 'f64a4caf-1201-49dd-88a9-54ad0c7b510b'),
	('00000000-0000-0000-0000-000000000000', 336, 'k4wroids5jy5', '0772beaf-9ccd-48e7-a178-f5312ab5e7e3', true, '2025-11-11 05:51:56.807308+00', '2025-11-11 06:50:32.114447+00', 'yn2xcydyrn3b', 'f64a4caf-1201-49dd-88a9-54ad0c7b510b'),
	('00000000-0000-0000-0000-000000000000', 337, '2g2the2zdlit', '0772beaf-9ccd-48e7-a178-f5312ab5e7e3', true, '2025-11-11 06:50:32.138844+00', '2025-11-11 07:49:32.173616+00', 'k4wroids5jy5', 'f64a4caf-1201-49dd-88a9-54ad0c7b510b'),
	('00000000-0000-0000-0000-000000000000', 338, 'nnomyavmqbx6', '0772beaf-9ccd-48e7-a178-f5312ab5e7e3', true, '2025-11-11 07:49:32.195285+00', '2025-11-11 08:48:32.143233+00', '2g2the2zdlit', 'f64a4caf-1201-49dd-88a9-54ad0c7b510b'),
	('00000000-0000-0000-0000-000000000000', 335, 're5gnjowzq72', '0772beaf-9ccd-48e7-a178-f5312ab5e7e3', true, '2025-11-08 16:45:23.314351+00', '2025-11-15 05:32:12.435286+00', 'vtdkpq2j6z72', 'b0d43b3b-a860-4435-a9b8-a5b26e514fbe'),
	('00000000-0000-0000-0000-000000000000', 339, 'ljzxu6hc5xgf', '0772beaf-9ccd-48e7-a178-f5312ab5e7e3', true, '2025-11-11 08:48:32.170877+00', '2025-11-11 09:47:32.286753+00', 'nnomyavmqbx6', 'f64a4caf-1201-49dd-88a9-54ad0c7b510b'),
	('00000000-0000-0000-0000-000000000000', 340, 'dle4rii4lk6v', '0772beaf-9ccd-48e7-a178-f5312ab5e7e3', true, '2025-11-11 09:47:32.306635+00', '2025-11-11 10:46:13.295409+00', 'ljzxu6hc5xgf', 'f64a4caf-1201-49dd-88a9-54ad0c7b510b'),
	('00000000-0000-0000-0000-000000000000', 341, 'xe3rcd3nkzme', '0772beaf-9ccd-48e7-a178-f5312ab5e7e3', true, '2025-11-11 10:46:13.310412+00', '2025-11-12 11:01:16.041898+00', 'dle4rii4lk6v', 'f64a4caf-1201-49dd-88a9-54ad0c7b510b'),
	('00000000-0000-0000-0000-000000000000', 343, 'r6x6z6glv2uv', '0772beaf-9ccd-48e7-a178-f5312ab5e7e3', true, '2025-11-15 05:32:12.465517+00', '2025-11-15 10:44:43.027445+00', 're5gnjowzq72', 'b0d43b3b-a860-4435-a9b8-a5b26e514fbe'),
	('00000000-0000-0000-0000-000000000000', 342, 'jzarqy2ih3x3', '0772beaf-9ccd-48e7-a178-f5312ab5e7e3', true, '2025-11-12 11:01:16.073508+00', '2025-11-17 04:34:27.68071+00', 'xe3rcd3nkzme', 'f64a4caf-1201-49dd-88a9-54ad0c7b510b'),
	('00000000-0000-0000-0000-000000000000', 345, '6fedlwcy4ojr', '0772beaf-9ccd-48e7-a178-f5312ab5e7e3', true, '2025-11-17 04:34:27.704067+00', '2025-11-17 05:33:27.698837+00', 'jzarqy2ih3x3', 'f64a4caf-1201-49dd-88a9-54ad0c7b510b'),
	('00000000-0000-0000-0000-000000000000', 346, 'fx6ttbd6wnvy', '0772beaf-9ccd-48e7-a178-f5312ab5e7e3', false, '2025-11-17 05:33:27.723054+00', '2025-11-17 05:33:27.723054+00', '6fedlwcy4ojr', 'f64a4caf-1201-49dd-88a9-54ad0c7b510b'),
	('00000000-0000-0000-0000-000000000000', 344, 'u3qw5qapckcv', '0772beaf-9ccd-48e7-a178-f5312ab5e7e3', true, '2025-11-15 10:44:43.054473+00', '2025-11-22 06:17:12.606075+00', 'r6x6z6glv2uv', 'b0d43b3b-a860-4435-a9b8-a5b26e514fbe'),
	('00000000-0000-0000-0000-000000000000', 347, 'mqodjeqdvp3n', '0772beaf-9ccd-48e7-a178-f5312ab5e7e3', false, '2025-11-22 06:17:12.637159+00', '2025-11-22 06:17:12.637159+00', 'u3qw5qapckcv', 'b0d43b3b-a860-4435-a9b8-a5b26e514fbe');


--
-- Data for Name: sso_providers; Type: TABLE DATA; Schema: auth; Owner: supabase_auth_admin
--



--
-- Data for Name: saml_providers; Type: TABLE DATA; Schema: auth; Owner: supabase_auth_admin
--



--
-- Data for Name: saml_relay_states; Type: TABLE DATA; Schema: auth; Owner: supabase_auth_admin
--



--
-- Data for Name: sso_domains; Type: TABLE DATA; Schema: auth; Owner: supabase_auth_admin
--



--
-- Data for Name: accounts; Type: TABLE DATA; Schema: public; Owner: postgres
--

INSERT INTO "public"."accounts" ("id", "user_id", "name", "description", "type", "bank_name", "account_number", "balance", "currency", "is_active", "include_in_total", "color", "icon", "created_at", "updated_at", "is_default", "display_order", "credit_limit", "balance_type", "interest_rate", "minimum_payment", "payment_due_day", "statement_closing_day") VALUES
	('1b69a7a2-b63b-41da-8f16-3677b87d1238', NULL, 'Bank Account', 'General bank account', 'bank', NULL, NULL, 0.00, 'BDT', true, true, '#3B82F6', 'landmark', '2025-08-07 05:49:26.637856+00', '2025-08-07 05:49:26.637856+00', false, 0, 0.00, 'debit', 0.0000, 0.00, 1, 28),
	('19a8347e-69c4-4fc9-96af-9befc7f38b3a', NULL, 'bKash', 'Mobile financial service', 'wallet', NULL, NULL, 0.00, 'BDT', true, true, '#E11D48', 'smartphone', '2025-08-07 05:49:26.637856+00', '2025-08-07 05:49:26.637856+00', false, 0, 0.00, 'debit', 0.0000, 0.00, 1, 28),
	('79db5bf2-3d64-4960-86ee-025c1e200b70', NULL, 'Nagad', 'Mobile financial service', 'wallet', NULL, NULL, 0.00, 'BDT', true, true, '#F97316', 'smartphone', '2025-08-07 05:49:26.637856+00', '2025-08-07 05:49:26.637856+00', false, 0, 0.00, 'debit', 0.0000, 0.00, 1, 28),
	('dfcd9531-ec8d-43c4-b8b3-d6f2aa407ff7', NULL, 'Rocket', 'Mobile financial service', 'wallet', NULL, NULL, 0.00, 'BDT', true, true, '#8B5CF6', 'smartphone', '2025-08-07 05:49:26.637856+00', '2025-08-07 05:49:26.637856+00', false, 0, 0.00, 'debit', 0.0000, 0.00, 1, 28),
	('da91f822-b46b-48eb-99b8-4fd29b292f87', NULL, 'Investment Account', 'Investment portfolio', 'investment', NULL, NULL, 0.00, 'BDT', true, false, '#8B5CF6', 'trending-up', '2025-08-07 05:49:26.637856+00', '2025-08-07 05:49:26.637856+00', false, 0, 0.00, 'debit', 0.0000, 0.00, 1, 28),
	('954fddbc-248a-41c5-83ff-1a093a9711e6', '0772beaf-9ccd-48e7-a178-f5312ab5e7e3', 'Visa Credit Card', NULL, 'credit_card', 'Standard Chartered Bank', '556556565656', 60000.00, 'BDT', true, false, '#8B5CF6', 'credit-card', '2025-09-08 09:12:18.61724+00', '2025-09-09 11:35:12.087571+00', false, 3, 0.00, 'debit', 0.0000, 0.00, 1, 28),
	('98dae8a4-08f3-4131-a473-fbb7e3707cac', NULL, 'Savings Account', 'Savings account', 'savings', NULL, NULL, -45055.50, 'BDT', true, true, '#10B981', 'piggy-bank', '2025-08-07 05:49:26.637856+00', '2025-08-18 07:04:30.959559+00', false, 0, 0.00, 'debit', 0.0000, 0.00, 1, 28),
	('ef889345-766f-48b4-80b0-2e5ffa83ab91', NULL, 'Cash', 'Physical cash wallet', 'other', NULL, NULL, 0.00, 'BDT', true, true, '#6B7280', 'wallet', '2025-08-07 05:49:26.637856+00', '2025-09-06 16:15:44.689422+00', true, 0, 0.00, 'debit', 0.0000, 0.00, 1, 28),
	('afb2d77f-8f0e-475e-bc6e-4df0e2a4627e', NULL, 'Credit Card', 'Credit card account', 'credit_card', NULL, NULL, -8493.94, 'BDT', true, true, '#EF4444', 'credit-card', '2025-08-07 05:49:26.637856+00', '2025-09-08 16:05:49.954959+00', false, 0, 100000.00, 'credit', 0.2400, 1000.00, 20, 25),
	('d528984f-ff6b-43b9-9fed-3ebc99a6fc57', '0772beaf-9ccd-48e7-a178-f5312ab5e7e3', 'Savings Account SCB', 'Standard chartard bank', 'bank', 'SCB', '454566666', -32393.32, 'BDT', true, true, '#3B82F6', 'building-2', '2025-09-07 17:11:08.196292+00', '2025-09-11 10:30:49.886673+00', true, 1, 0.00, 'debit', 0.0000, 0.00, 1, 28),
	('2b754951-ed6f-477a-a6ed-28986fe482eb', '0772beaf-9ccd-48e7-a178-f5312ab5e7e3', 'Cash Account', NULL, 'cash', NULL, NULL, 14640.00, 'BDT', true, true, '#10B981', 'wallet', '2025-09-07 17:55:19.838753+00', '2025-10-16 16:31:26.379237+00', false, 2, 0.00, 'debit', 0.0000, 0.00, 1, 28);


--
-- Data for Name: admin_audit_logs; Type: TABLE DATA; Schema: public; Owner: postgres
--

INSERT INTO "public"."admin_audit_logs" ("id", "admin_user_id", "action", "resource_type", "resource_id", "target_user_id", "old_values", "new_values", "ip_address", "user_agent", "success", "error_message", "created_at") VALUES
	('a1ce7022-b0dc-4176-81cb-6348b31a8cba', '405e344f-269e-4908-b9df-05b267892189', 'create', 'migration', NULL, NULL, NULL, '{"date": "2025-01-09", "features": ["subscription_plans", "account_limits", "default_accounts", "balance_tracking"], "migration": "subscription_and_accounts_system"}', NULL, NULL, true, NULL, '2025-09-06 16:15:44.689422+00');


--
-- Data for Name: ai_insights; Type: TABLE DATA; Schema: public; Owner: postgres
--



--
-- Data for Name: budget_templates; Type: TABLE DATA; Schema: public; Owner: postgres
--

INSERT INTO "public"."budget_templates" ("id", "user_id", "name", "description", "amount", "currency", "period", "category_ids", "alert_percentage", "alert_enabled", "is_active", "is_global", "usage_count", "created_at", "updated_at") VALUES
	('015d5375-075e-437f-8b8c-496f1c40c07a', NULL, 'Essential Bills', 'Monthly bills and utilities', 800.00, 'BDT', 'monthly', NULL, 90.00, true, true, true, 0, '2025-08-08 11:37:48.194041+00', '2025-08-08 11:37:48.194041+00'),
	('3d0e4640-bc9d-42ea-8f65-5f6af842880a', NULL, 'Food & Groceries', 'Monthly food and dining budget', 600.00, 'BDT', 'monthly', NULL, 85.00, true, true, true, 0, '2025-08-08 11:37:48.194041+00', '2025-08-08 11:37:48.194041+00'),
	('4e15479d-7cc6-4d68-b07b-d102f9cd79d4', NULL, 'Transportation', 'Monthly transportation costs', 300.00, 'BDT', 'monthly', NULL, 80.00, true, true, true, 0, '2025-08-08 11:37:48.194041+00', '2025-08-08 11:37:48.194041+00'),
	('1d15ce55-90a0-4584-953b-48c39ca2a9c5', NULL, 'Entertainment & Leisure', 'Monthly entertainment budget', 200.00, 'BDT', 'monthly', NULL, 75.00, true, true, true, 0, '2025-08-08 11:37:48.194041+00', '2025-08-08 11:37:48.194041+00'),
	('60145c8a-332b-45cf-93c7-0e2cd311cde0', NULL, 'Healthcare', 'Monthly healthcare expenses', 150.00, 'BDT', 'monthly', NULL, 85.00, true, true, true, 0, '2025-08-08 11:37:48.194041+00', '2025-08-08 11:37:48.194041+00'),
	('8e389ab6-a82d-445d-9549-e69232afb0b4', NULL, 'Savings & Investment', 'Monthly savings target', 500.00, 'BDT', 'monthly', NULL, 100.00, true, true, true, 0, '2025-08-08 11:37:48.194041+00', '2025-08-08 11:37:48.194041+00'),
	('cfaef407-9cfe-4198-a50b-fe66efb48b19', NULL, 'Emergency Fund', 'Build emergency fund monthly', 1000.00, 'BDT', 'monthly', NULL, 100.00, true, true, true, 1, '2025-08-08 11:37:48.194041+00', '2025-08-08 13:29:15.90055+00'),
	('d46d6e0f-2775-4b38-b716-a31ac7939a7d', NULL, 'Shopping & Personal', 'Monthly shopping and personal care', 250.00, 'BDT', 'monthly', NULL, 80.00, true, true, true, 1, '2025-08-08 11:37:48.194041+00', '2025-08-08 13:30:49.486626+00'),
	('27b951b0-ef27-4197-8a40-2867c6f38525', '405e344f-269e-4908-b9df-05b267892189', 'Monthly Essentials', 'A comprehensive monthly budget covering basic living expenses including groceries, transportation, utilities, and personal care.', 50000.00, 'BDT', 'monthly', '{d114e2b9-348c-4179-8df3-0cd075790d15,a47aa26d-b298-416b-849e-8615c342539a,32a5d395-a4c1-4fcb-abfb-3a6339f95f31,6b1923e4-0937-4a38-a470-d339c27db66a}', 85.00, true, true, true, 0, '2025-08-08 14:22:05.46693+00', '2025-08-08 14:22:05.46693+00'),
	('ed76e4e7-0372-4fb3-b697-1960ca7302a1', '405e344f-269e-4908-b9df-05b267892189', 'Student Budget', 'Budget template designed for students covering education expenses, food, transportation, and basic entertainment.', 25000.00, 'BDT', 'monthly', '{d114e2b9-348c-4179-8df3-0cd075790d15,a47aa26d-b298-416b-849e-8615c342539a,38d959af-046b-4850-91ab-a6f5b953a154,8959bea1-10bb-477f-8598-385bd7edc0ba}', 80.00, true, true, true, 0, '2025-08-08 14:22:05.46693+00', '2025-08-08 14:22:05.46693+00'),
	('d411ce15-32a5-4703-8a0d-6d4599af2fb2', '405e344f-269e-4908-b9df-05b267892189', 'Family Budget', 'Comprehensive family budget including household expenses, children needs, healthcare, education, and family activities.', 100000.00, 'BDT', 'monthly', '{d114e2b9-348c-4179-8df3-0cd075790d15,a47aa26d-b298-416b-849e-8615c342539a,32a5d395-a4c1-4fcb-abfb-3a6339f95f31,6b1923e4-0937-4a38-a470-d339c27db66a,38d959af-046b-4850-91ab-a6f5b953a154,8959bea1-10bb-477f-8598-385bd7edc0ba,9017d2fa-0f10-4f48-a1f8-e9610a4f4207,bc56c96e-9439-4e8d-8a2f-e2de79bb9e3b,1cd1a7ae-c1bc-4091-8ed5-ef25ea456e7b,278e0880-78b1-4b9c-aa5a-d4db87e39c3e}', 90.00, true, true, true, 0, '2025-08-08 14:22:05.46693+00', '2025-08-08 14:22:05.46693+00'),
	('44d1dc91-5e6c-4e62-a51e-a430cfaec55a', '405e344f-269e-4908-b9df-05b267892189', 'Professional Budget', 'Budget for working professionals including work-related expenses, dining, entertainment, savings, and investments.', 75000.00, 'BDT', 'monthly', '{d114e2b9-348c-4179-8df3-0cd075790d15,a47aa26d-b298-416b-849e-8615c342539a,32a5d395-a4c1-4fcb-abfb-3a6339f95f31,6b1923e4-0937-4a38-a470-d339c27db66a,8959bea1-10bb-477f-8598-385bd7edc0ba,bc56c96e-9439-4e8d-8a2f-e2de79bb9e3b}', 85.00, true, true, true, 0, '2025-08-08 14:22:05.46693+00', '2025-08-08 14:22:05.46693+00'),
	('82113b97-518f-4bcf-aeac-5c73759ede39', '405e344f-269e-4908-b9df-05b267892189', 'Emergency Fund Builder', 'Focused budget template to build emergency fund while maintaining essential expenses.', 40000.00, 'BDT', 'monthly', '{d114e2b9-348c-4179-8df3-0cd075790d15,a47aa26d-b298-416b-849e-8615c342539a,32a5d395-a4c1-4fcb-abfb-3a6339f95f31}', 75.00, true, true, true, 0, '2025-08-08 14:22:05.46693+00', '2025-08-08 14:22:05.46693+00'),
	('af1f88a8-a65f-4779-92b1-8a7a2cf69953', '405e344f-269e-4908-b9df-05b267892189', 'Debt Payoff Budget', 'Strategic budget template focused on aggressive debt repayment while maintaining minimal living expenses.', 35000.00, 'BDT', 'monthly', '{d114e2b9-348c-4179-8df3-0cd075790d15,a47aa26d-b298-416b-849e-8615c342539a,32a5d395-a4c1-4fcb-abfb-3a6339f95f31}', 70.00, true, true, true, 0, '2025-08-08 14:22:05.46693+00', '2025-08-08 14:22:05.46693+00'),
	('563324cb-6d13-4ccd-be4b-57b89690565c', '0772beaf-9ccd-48e7-a178-f5312ab5e7e3', 'test budget template', 'test desc', 5000.00, 'BDT', 'monthly', '{8959bea1-10bb-477f-8598-385bd7edc0ba}', 80.00, true, false, false, 0, '2025-08-08 13:12:13.910007+00', '2025-08-08 14:28:49.225419+00'),
	('a009a1c0-f2ea-40ff-9c42-de45189cbbec', '0772beaf-9ccd-48e7-a178-f5312ab5e7e3', 'Debt Payoff Budget (My Custom)', 'Strategic budget template focused on aggressive debt repayment while maintaining minimal living expenses.', 35000.00, 'BDT', 'monthly', '{d114e2b9-348c-4179-8df3-0cd075790d15,a47aa26d-b298-416b-849e-8615c342539a,32a5d395-a4c1-4fcb-abfb-3a6339f95f31}', 70.00, true, false, false, 0, '2025-08-09 07:44:46.014836+00', '2025-08-09 07:47:13.621255+00'),
	('2b92b396-e9c0-4d7b-b6b0-0c2671587166', '0772beaf-9ccd-48e7-a178-f5312ab5e7e3', 'Emergency Fund Builder (My Custom)', 'Focused budget template to build emergency fund while maintaining essential expenses.', 40000.00, 'BDT', 'monthly', '{d114e2b9-348c-4179-8df3-0cd075790d15,a47aa26d-b298-416b-849e-8615c342539a,32a5d395-a4c1-4fcb-abfb-3a6339f95f31}', 75.00, true, false, false, 0, '2025-08-09 07:46:50.439164+00', '2025-08-09 07:47:15.315331+00'),
	('365a71a0-6e50-4118-ae7b-5a6958b3caeb', '0772beaf-9ccd-48e7-a178-f5312ab5e7e3', 'Emergency Fund', 'Build emergency fund monthly for backup', 1000.00, 'BDT', 'monthly', '{}', 100.00, true, true, true, 1, '2025-08-09 07:44:21.567227+00', '2025-08-27 11:41:59.282462+00');


--
-- Data for Name: budgets; Type: TABLE DATA; Schema: public; Owner: postgres
--

INSERT INTO "public"."budgets" ("id", "user_id", "name", "description", "amount", "spent", "currency", "period", "start_date", "end_date", "category_ids", "is_active", "alert_threshold", "created_at", "updated_at", "alert_percentage", "alert_enabled") VALUES
	('d08c5b30-5231-4074-bc88-ec00cc6c254a', '0772beaf-9ccd-48e7-a178-f5312ab5e7e3', 'Monthly Food budget (Copy)', 'this is my every month food budget', 10000.00, 0.00, 'USD', 'monthly', '2025-08-08', '2025-09-08', NULL, false, 80.00, '2025-08-08 10:34:44.967522+00', '2025-08-08 10:36:11.965647+00', 80.00, true),
	('744661d1-297c-4f61-84c3-7ee3d892e313', '0772beaf-9ccd-48e7-a178-f5312ab5e7e3', 'Monthly Utility Bill budget', 'My monthly  Utility Bill budget', 6000.00, 0.00, 'BDT', 'monthly', '2025-08-01', '2025-08-30', '{8967c314-3b53-40fb-9eb3-f3a36740ae97}', true, 80.00, '2025-08-08 11:08:14.858447+00', '2025-08-08 11:08:14.858447+00', 80.00, true),
	('cbee1fc4-8349-4352-85c3-32e6fe0c076a', '0772beaf-9ccd-48e7-a178-f5312ab5e7e3', 'Monlthy Healthcare Budget - August 2025', 'Monlthy Healthcare Budget', 5000.00, 0.00, 'USD', 'monthly', '2025-07-31', '2025-08-30', '{6b1923e4-0937-4a38-a470-d339c27db66a}', true, 80.00, '2025-08-08 11:12:51.917915+00', '2025-08-08 11:12:51.917915+00', 80.00, true),
	('a17d3e92-b2f6-4f0b-84de-9d9b9e00314b', '0772beaf-9ccd-48e7-a178-f5312ab5e7e3', 'Monlthy Healthcare Budget - October 2025', 'Monlthy Healthcare Budget', 5000.00, 0.00, 'USD', 'monthly', '2025-09-30', '2025-10-30', '{6b1923e4-0937-4a38-a470-d339c27db66a}', true, 80.00, '2025-08-08 11:12:52.41302+00', '2025-08-08 11:12:52.41302+00', 80.00, true),
	('ed2693ad-1168-4efa-82be-077400613b39', '0772beaf-9ccd-48e7-a178-f5312ab5e7e3', 'Monlthy Healthcare Budget - November 2025', 'Monlthy Healthcare Budget', 5000.00, 0.00, 'USD', 'monthly', '2025-10-31', '2025-11-29', '{6b1923e4-0937-4a38-a470-d339c27db66a}', true, 80.00, '2025-08-08 11:12:52.599815+00', '2025-08-08 11:12:52.599815+00', 80.00, true),
	('11b5583d-7e19-4fc8-be24-e2246cd815e3', '0772beaf-9ccd-48e7-a178-f5312ab5e7e3', 'Monlthy Healthcare Budget - December 2025', 'Monlthy Healthcare Budget', 5000.00, 0.00, 'USD', 'monthly', '2025-11-30', '2025-12-30', '{6b1923e4-0937-4a38-a470-d339c27db66a}', true, 80.00, '2025-08-08 11:12:52.78421+00', '2025-08-08 11:12:52.78421+00', 80.00, true),
	('1f32f822-71fa-4c2a-961d-ebd251190ca8', '0772beaf-9ccd-48e7-a178-f5312ab5e7e3', 'Monlthy Healthcare Budget - January 2026', 'Monlthy Healthcare Budget', 5000.00, 0.00, 'USD', 'monthly', '2025-12-31', '2026-01-30', '{6b1923e4-0937-4a38-a470-d339c27db66a}', true, 80.00, '2025-08-08 11:12:52.95307+00', '2025-08-08 11:12:52.95307+00', 80.00, true),
	('192208a1-b34b-4510-8dce-d5f084cfb7cf', '0772beaf-9ccd-48e7-a178-f5312ab5e7e3', 'Monlthy Healthcare Budget - February 2026', 'Monlthy Healthcare Budget', 5000.00, 0.00, 'USD', 'monthly', '2026-01-31', '2026-02-27', '{6b1923e4-0937-4a38-a470-d339c27db66a}', true, 80.00, '2025-08-08 11:12:53.117528+00', '2025-08-08 11:12:53.117528+00', 80.00, true),
	('cceaa8c3-f65a-4c8d-8141-ca3e9869a443', '0772beaf-9ccd-48e7-a178-f5312ab5e7e3', 'Monlthy Healthcare Budget - March 2026', 'Monlthy Healthcare Budget', 5000.00, 0.00, 'USD', 'monthly', '2026-02-28', '2026-03-30', '{6b1923e4-0937-4a38-a470-d339c27db66a}', true, 80.00, '2025-08-08 11:12:53.244772+00', '2025-08-08 11:12:53.244772+00', 80.00, true),
	('422c7cb7-b364-496f-81c0-8f65a86f9731', '0772beaf-9ccd-48e7-a178-f5312ab5e7e3', 'Monlthy Healthcare Budget - April 2026', 'Monlthy Healthcare Budget', 5000.00, 0.00, 'USD', 'monthly', '2026-03-31', '2026-04-29', '{6b1923e4-0937-4a38-a470-d339c27db66a}', true, 80.00, '2025-08-08 11:12:53.378786+00', '2025-08-08 11:12:53.378786+00', 80.00, true),
	('7bb8a125-7b64-4ec7-a421-f4101d463b18', '0772beaf-9ccd-48e7-a178-f5312ab5e7e3', 'Monlthy Healthcare Budget - May 2026', 'Monlthy Healthcare Budget', 5000.00, 0.00, 'USD', 'monthly', '2026-04-30', '2026-05-30', '{6b1923e4-0937-4a38-a470-d339c27db66a}', true, 80.00, '2025-08-08 11:12:53.5905+00', '2025-08-08 11:12:53.5905+00', 80.00, true),
	('8b72ced8-0134-4172-84b4-89cdc5b58aaa', '0772beaf-9ccd-48e7-a178-f5312ab5e7e3', 'Monlthy Healthcare Budget - June 2026', 'Monlthy Healthcare Budget', 5000.00, 0.00, 'USD', 'monthly', '2026-05-31', '2026-06-29', '{6b1923e4-0937-4a38-a470-d339c27db66a}', true, 80.00, '2025-08-08 11:12:53.718628+00', '2025-08-08 11:12:53.718628+00', 80.00, true),
	('e2e8f7a9-7628-4f79-8d24-3b22f43a14a4', '0772beaf-9ccd-48e7-a178-f5312ab5e7e3', 'Monlthy Healthcare Budget - July 2026', 'Monlthy Healthcare Budget', 5000.00, 0.00, 'USD', 'monthly', '2026-06-30', '2026-07-30', '{6b1923e4-0937-4a38-a470-d339c27db66a}', true, 80.00, '2025-08-08 11:12:53.843167+00', '2025-08-08 11:12:53.843167+00', 80.00, true),
	('e3f2c3c9-b655-48f7-8ffb-0544f904270a', '0772beaf-9ccd-48e7-a178-f5312ab5e7e3', 'Emergency Fund - October 2025', 'Build emergency fund monthly', 1000.00, 0.00, 'BDT', 'monthly', '2025-09-30', '2025-10-30', NULL, true, 80.00, '2025-08-08 13:29:16.079817+00', '2025-08-08 13:29:16.079817+00', 100.00, true),
	('090c4e7f-0a57-40aa-bd3c-089d7a29a607', '0772beaf-9ccd-48e7-a178-f5312ab5e7e3', 'Emergency Fund - December 2025', 'Build emergency fund monthly', 1000.00, 0.00, 'BDT', 'monthly', '2025-11-30', '2025-12-30', NULL, true, 80.00, '2025-08-08 13:29:16.282909+00', '2025-08-08 13:29:16.282909+00', 100.00, true),
	('b5060b92-38d0-4951-96dd-b52d35e4b0ee', '0772beaf-9ccd-48e7-a178-f5312ab5e7e3', 'Emergency Fund - January 2026', 'Build emergency fund monthly', 1000.00, 0.00, 'BDT', 'monthly', '2025-12-31', '2026-01-30', NULL, true, 80.00, '2025-08-08 13:29:16.385221+00', '2025-08-08 13:29:16.385221+00', 100.00, true),
	('653d88b2-6afc-4546-9781-e98be3ae6507', '0772beaf-9ccd-48e7-a178-f5312ab5e7e3', 'Emergency Fund - February 2026', 'Build emergency fund monthly', 1000.00, 0.00, 'BDT', 'monthly', '2026-01-31', '2026-02-27', NULL, true, 80.00, '2025-08-08 13:29:16.476556+00', '2025-08-08 13:29:16.476556+00', 100.00, true),
	('980ed983-c426-465d-90ef-ee81d9a02856', '0772beaf-9ccd-48e7-a178-f5312ab5e7e3', 'Emergency Fund - March 2026', 'Build emergency fund monthly', 1000.00, 0.00, 'BDT', 'monthly', '2026-02-28', '2026-03-30', NULL, true, 80.00, '2025-08-08 13:29:16.584155+00', '2025-08-08 13:29:16.584155+00', 100.00, true),
	('a9e74ffa-4458-4c0f-9560-d0c3923fa357', '0772beaf-9ccd-48e7-a178-f5312ab5e7e3', 'Emergency Fund - April 2026', 'Build emergency fund monthly', 1000.00, 0.00, 'BDT', 'monthly', '2026-03-31', '2026-04-29', NULL, true, 80.00, '2025-08-08 13:29:16.690333+00', '2025-08-08 13:29:16.690333+00', 100.00, true),
	('4380221f-424b-4f20-ac49-4131fa0436d2', '0772beaf-9ccd-48e7-a178-f5312ab5e7e3', 'Emergency Fund - May 2026', 'Build emergency fund monthly', 1000.00, 0.00, 'BDT', 'monthly', '2026-04-30', '2026-05-30', NULL, true, 80.00, '2025-08-08 13:29:16.783742+00', '2025-08-08 13:29:16.783742+00', 100.00, true),
	('8a8cb21d-05b2-4d29-9d75-802006117ed5', '0772beaf-9ccd-48e7-a178-f5312ab5e7e3', 'Emergency Fund - June 2026', 'Build emergency fund monthly', 1000.00, 0.00, 'BDT', 'monthly', '2026-05-31', '2026-06-29', NULL, true, 80.00, '2025-08-08 13:29:16.890831+00', '2025-08-08 13:29:16.890831+00', 100.00, true),
	('f121acb3-3d97-4f17-a7fa-30e3e7586bbc', '0772beaf-9ccd-48e7-a178-f5312ab5e7e3', 'Emergency Fund - July 2026', 'Build emergency fund monthly', 1000.00, 0.00, 'BDT', 'monthly', '2026-06-30', '2026-07-30', NULL, true, 80.00, '2025-08-08 13:29:17.002815+00', '2025-08-08 13:29:17.002815+00', 100.00, true),
	('925fac67-3690-4b72-b86b-13389bec2c32', '0772beaf-9ccd-48e7-a178-f5312ab5e7e3', 'Shopping & Personal - October 2025', 'Monthly shopping and personal care', 250.00, 0.00, 'BDT', 'monthly', '2025-09-30', '2025-10-30', NULL, true, 80.00, '2025-08-08 13:30:49.667261+00', '2025-08-08 13:30:49.667261+00', 80.00, true),
	('c351547c-dd8d-4feb-be35-d054d9f1ef59', '0772beaf-9ccd-48e7-a178-f5312ab5e7e3', 'Shopping & Personal - December 2025', 'Monthly shopping and personal care', 250.00, 0.00, 'BDT', 'monthly', '2025-11-30', '2025-12-30', NULL, true, 80.00, '2025-08-08 13:30:49.845936+00', '2025-08-08 13:30:49.845936+00', 80.00, true),
	('f347fa32-fcbe-449d-974b-213e3171322d', '0772beaf-9ccd-48e7-a178-f5312ab5e7e3', 'Shopping & Personal - January 2026', 'Monthly shopping and personal care', 250.00, 0.00, 'BDT', 'monthly', '2025-12-31', '2026-01-30', NULL, true, 80.00, '2025-08-08 13:30:49.938698+00', '2025-08-08 13:30:49.938698+00', 80.00, true),
	('9e928dbe-7469-4624-8d57-1d6c8a2619a1', '0772beaf-9ccd-48e7-a178-f5312ab5e7e3', 'Shopping & Personal - February 2026', 'Monthly shopping and personal care', 250.00, 0.00, 'BDT', 'monthly', '2026-01-31', '2026-02-27', NULL, true, 80.00, '2025-08-08 13:30:50.036978+00', '2025-08-08 13:30:50.036978+00', 80.00, true),
	('73097461-4c2f-4ccc-8036-3769224a9dc5', '0772beaf-9ccd-48e7-a178-f5312ab5e7e3', 'Shopping & Personal - March 2026', 'Monthly shopping and personal care', 250.00, 0.00, 'BDT', 'monthly', '2026-02-28', '2026-03-30', NULL, true, 80.00, '2025-08-08 13:30:50.127501+00', '2025-08-08 13:30:50.127501+00', 80.00, true),
	('70628067-ff70-4179-b84f-61d2a3fc39e5', '0772beaf-9ccd-48e7-a178-f5312ab5e7e3', 'Shopping & Personal - April 2026', 'Monthly shopping and personal care', 250.00, 0.00, 'BDT', 'monthly', '2026-03-31', '2026-04-29', NULL, true, 80.00, '2025-08-08 13:30:50.213252+00', '2025-08-08 13:30:50.213252+00', 80.00, true),
	('2f9c83b9-5cef-494a-9b23-3092679da42e', '0772beaf-9ccd-48e7-a178-f5312ab5e7e3', 'Shopping & Personal - August 2025', 'Monthly shopping and personal care', 250.00, 0.00, 'BDT', 'monthly', '2025-07-31', '2025-08-30', '{bc56c96e-9439-4e8d-8a2f-e2de79bb9e3b}', true, 80.00, '2025-08-08 13:30:49.483392+00', '2025-08-08 14:25:50.489676+00', 80.00, true),
	('fa454591-0f55-46b8-bb65-b58f0c40094a', '0772beaf-9ccd-48e7-a178-f5312ab5e7e3', 'Monthly Food budget', 'this is my every month food budget', 10000.00, 7572.00, 'BDT', 'monthly', '2025-08-01', '2025-08-31', '{2c591da6-9f0a-402e-8736-e2b390b6f278}', true, 80.00, '2025-08-08 08:26:17.358784+00', '2025-09-01 09:01:52.509075+00', 80.00, true),
	('d9705834-0dcd-4b42-bd0f-6fe3adb347e2', '0772beaf-9ccd-48e7-a178-f5312ab5e7e3', 'Emergency Fund - August 2025', 'Build emergency fund monthly', 1000.00, 144651.99, 'BDT', 'monthly', '2025-07-31', '2025-08-30', NULL, true, 80.00, '2025-08-08 13:29:15.863597+00', '2025-09-03 05:43:26.413569+00', 100.00, true),
	('dc776a67-1945-46d5-8566-89e72ee8fef1', '0772beaf-9ccd-48e7-a178-f5312ab5e7e3', 'Emergency Fund - November 2025', 'Build emergency fund monthly', 1000.00, 0.00, 'BDT', 'monthly', '2025-10-31', '2025-11-29', NULL, true, 80.00, '2025-08-08 13:29:16.173423+00', '2025-08-28 19:09:48.574702+00', 100.00, true),
	('61317bff-bd67-4c7e-bae4-e79ed0ad3ed0', '0772beaf-9ccd-48e7-a178-f5312ab5e7e3', 'Monthly Accomodation Budget', NULL, 15000.00, 15200.00, 'BDT', 'monthly', '2025-08-01', '2025-08-30', '{7c60db21-9596-4626-97b1-6ca9b0df50ba}', true, 80.00, '2025-08-08 11:10:02.175894+00', '2025-08-27 18:34:00.860783+00', 80.00, true),
	('2d7cec78-a001-4da1-86da-fffefd363510', '0772beaf-9ccd-48e7-a178-f5312ab5e7e3', 'Trasportation budget', 'Monthly trasportation budget Aug 25', 2000.00, 50.00, 'BDT', 'monthly', '2025-08-01', '2025-08-30', '{a47aa26d-b298-416b-849e-8615c342539a}', true, 80.00, '2025-08-08 13:06:50.76872+00', '2025-08-27 18:40:35.255339+00', 80.00, true),
	('49631781-b01d-4cbd-8894-2cd3b431030f', '0772beaf-9ccd-48e7-a178-f5312ab5e7e3', 'Monlthy Healthcare Budget - September 2025', 'Monlthy Healthcare Budget', 5000.00, 1000.00, 'USD', 'monthly', '2025-08-31', '2025-09-29', '{6b1923e4-0937-4a38-a470-d339c27db66a}', true, 80.00, '2025-08-08 11:12:52.243359+00', '2025-09-03 05:47:08.235119+00', 80.00, true),
	('b8970321-d6e7-4d3f-a37e-421e5538894c', '0772beaf-9ccd-48e7-a178-f5312ab5e7e3', 'Shopping & Personal - November 2025', 'Monthly shopping and personal care', 250.00, 0.00, 'BDT', 'monthly', '2025-10-31', '2025-11-29', NULL, true, 80.00, '2025-08-08 13:30:49.754954+00', '2025-08-28 19:09:48.574702+00', 80.00, true),
	('2b0728bc-44c3-4a09-9220-941ccab850ca', '0772beaf-9ccd-48e7-a178-f5312ab5e7e3', 'Emergency Fund - September 2025', 'Build emergency fund monthly', 1000.00, 26251.66, 'BDT', 'monthly', '2025-08-31', '2025-09-29', NULL, true, 80.00, '2025-08-08 13:29:15.985753+00', '2025-09-11 10:30:49.886673+00', 100.00, true),
	('5fb36c15-b373-4bdc-ac79-629bfd81e8ca', '0772beaf-9ccd-48e7-a178-f5312ab5e7e3', 'Shopping & Personal - May 2026', 'Monthly shopping and personal care', 250.00, 0.00, 'BDT', 'monthly', '2026-04-30', '2026-05-30', NULL, true, 80.00, '2025-08-08 13:30:50.317589+00', '2025-08-08 13:30:50.317589+00', 80.00, true),
	('8168067c-2688-4d99-94d8-9bcebbda2241', '0772beaf-9ccd-48e7-a178-f5312ab5e7e3', 'Shopping & Personal - June 2026', 'Monthly shopping and personal care', 250.00, 0.00, 'BDT', 'monthly', '2026-05-31', '2026-06-29', NULL, true, 80.00, '2025-08-08 13:30:50.409629+00', '2025-08-08 13:30:50.409629+00', 80.00, true),
	('852a9d8f-63eb-4fac-a4c6-b72769feca2f', '0772beaf-9ccd-48e7-a178-f5312ab5e7e3', 'Shopping & Personal - July 2026', 'Monthly shopping and personal care', 250.00, 0.00, 'BDT', 'monthly', '2026-06-30', '2026-07-30', NULL, true, 80.00, '2025-08-08 13:30:50.504624+00', '2025-08-08 13:30:50.504624+00', 80.00, true),
	('f96d613f-b77f-4046-a6e5-4c3eba2c77d3', '0772beaf-9ccd-48e7-a178-f5312ab5e7e3', 'Shopping & Personal - September 2025', 'Monthly shopping and personal care', 250.00, 26251.66, 'BDT', 'monthly', '2025-08-31', '2025-09-29', NULL, true, 80.00, '2025-08-08 13:30:49.57533+00', '2025-09-11 10:30:49.886673+00', 80.00, true);


--
-- Data for Name: categories; Type: TABLE DATA; Schema: public; Owner: postgres
--

INSERT INTO "public"."categories" ("id", "name", "description", "icon", "color", "type", "is_active", "sort_order", "created_at", "updated_at", "user_id", "is_default", "parent_id") VALUES
	('f852281a-b478-4193-a9d9-b0836aedf17d', 'Salary', NULL, 'briefcase', '#10B981', 'income', true, 1, '2025-08-07 05:49:26.637856+00', '2025-08-07 05:49:26.637856+00', NULL, false, NULL),
	('becdaa39-b7ca-444e-b432-e6bba1d5e95d', 'Freelance & Business', NULL, 'laptop', '#3B82F6', 'income', true, 2, '2025-08-07 05:49:26.637856+00', '2025-08-07 05:49:26.637856+00', NULL, false, NULL),
	('c2060d01-3bf4-4987-beb7-dd94664ac3bd', 'Investment Returns', NULL, 'trending-up', '#8B5CF6', 'income', true, 3, '2025-08-07 05:49:26.637856+00', '2025-08-07 05:49:26.637856+00', NULL, false, NULL),
	('f50e297b-8f1b-4e70-a0bf-9d0d3f5127cc', 'Rental Income', NULL, 'home', '#84CC16', 'income', true, 4, '2025-08-07 05:49:26.637856+00', '2025-08-07 05:49:26.637856+00', NULL, false, NULL),
	('f12c441a-85e8-4f3f-97b2-a186ac6cc684', 'Gifts & Others', NULL, 'gift', '#F59E0B', 'income', true, 5, '2025-08-07 05:49:26.637856+00', '2025-08-07 05:49:26.637856+00', NULL, false, NULL),
	('7c60db21-9596-4626-97b1-6ca9b0df50ba', 'Accommodation', NULL, 'home', '#EF4444', 'expense', true, 1, '2025-08-07 05:49:26.637856+00', '2025-08-07 05:49:26.637856+00', NULL, false, NULL),
	('8967c314-3b53-40fb-9eb3-f3a36740ae97', 'Utility Bills', NULL, 'zap', '#F97316', 'expense', true, 2, '2025-08-07 05:49:26.637856+00', '2025-08-07 05:49:26.637856+00', NULL, false, NULL),
	('2c591da6-9f0a-402e-8736-e2b390b6f278', 'Food & Dining', NULL, 'utensils', '#10B981', 'expense', true, 3, '2025-08-07 05:49:26.637856+00', '2025-08-07 05:49:26.637856+00', NULL, false, NULL),
	('a47aa26d-b298-416b-849e-8615c342539a', 'Transportation', NULL, 'car', '#3B82F6', 'expense', true, 4, '2025-08-07 05:49:26.637856+00', '2025-08-07 05:49:26.637856+00', NULL, false, NULL),
	('6b1923e4-0937-4a38-a470-d339c27db66a', 'Healthcare', NULL, 'heart', '#EC4899', 'expense', true, 5, '2025-08-07 05:49:26.637856+00', '2025-08-07 05:49:26.637856+00', NULL, false, NULL),
	('38d959af-046b-4850-91ab-a6f5b953a154', 'Education', NULL, 'book-open', '#06B6D4', 'expense', true, 6, '2025-08-07 05:49:26.637856+00', '2025-08-07 05:49:26.637856+00', NULL, false, NULL),
	('cc70c18b-3183-4fef-bf42-f9c1d00c9f63', 'Financial Services', NULL, 'banknote', '#8B5CF6', 'expense', true, 7, '2025-08-07 05:49:26.637856+00', '2025-08-07 05:49:26.637856+00', NULL, false, NULL),
	('278e0880-78b1-4b9c-aa5a-d4db87e39c3e', 'Insurance', NULL, 'shield', '#84CC16', 'expense', true, 8, '2025-08-07 05:49:26.637856+00', '2025-08-07 05:49:26.637856+00', NULL, false, NULL),
	('b6ae909b-53e4-4341-a3eb-8e0c492461ba', 'Family & Childcare', NULL, 'baby', '#F59E0B', 'expense', true, 9, '2025-08-07 05:49:26.637856+00', '2025-08-07 05:49:26.637856+00', NULL, false, NULL),
	('bc56c96e-9439-4e8d-8a2f-e2de79bb9e3b', 'Shopping', NULL, 'shopping-bag', '#A855F7', 'expense', true, 10, '2025-08-07 05:49:26.637856+00', '2025-08-07 05:49:26.637856+00', NULL, false, NULL),
	('8959bea1-10bb-477f-8598-385bd7edc0ba', 'Entertainment', NULL, 'film', '#14B8A6', 'expense', true, 11, '2025-08-07 05:49:26.637856+00', '2025-08-07 05:49:26.637856+00', NULL, false, NULL),
	('1cd1a7ae-c1bc-4091-8ed5-ef25ea456e7b', 'Personal Care', NULL, 'user', '#F472B6', 'expense', true, 12, '2025-08-07 05:49:26.637856+00', '2025-08-07 05:49:26.637856+00', NULL, false, NULL),
	('d94e5d48-1dc1-4f92-8e72-f8fae4efc16e', 'Travel', NULL, 'map-pin', '#06D6A0', 'expense', true, 13, '2025-08-07 05:49:26.637856+00', '2025-08-07 05:49:26.637856+00', NULL, false, NULL),
	('b919b994-2d19-41b5-9f28-b30e51a26593', 'Household Maintenance', NULL, 'wrench', '#8B5A3C', 'expense', true, 14, '2025-08-07 05:49:26.637856+00', '2025-08-07 05:49:26.637856+00', NULL, false, NULL),
	('614631a0-1f7b-476f-ba57-d96458bc1de2', 'Taxes & Fees', NULL, 'receipt', '#6B7280', 'expense', true, 15, '2025-08-07 05:49:26.637856+00', '2025-08-07 05:49:26.637856+00', NULL, false, NULL),
	('d114e2b9-348c-4179-8df3-0cd075790d15', 'Food & Groceries', 'Daily meals and grocery shopping', '', '#10b981', 'expense', true, 1, '2025-08-08 14:22:05.46693+00', '2025-08-08 14:22:05.46693+00', NULL, true, NULL),
	('32a5d395-a4c1-4fcb-abfb-3a6339f95f31', 'Utilities', 'Electricity, water, internet, phone', '', '#f59e0b', 'expense', true, 3, '2025-08-08 14:22:05.46693+00', '2025-08-08 14:22:05.46693+00', NULL, true, NULL),
	('9017d2fa-0f10-4f48-a1f8-e9610a4f4207', 'Housing', 'Rent, maintenance, home improvement', '', '#84cc16', 'expense', true, 8, '2025-08-08 14:22:05.46693+00', '2025-08-08 14:22:05.46693+00', NULL, true, NULL),
	('7a672b94-07d4-451c-a619-286117e3df52', 'Freelance', 'Freelance work and consulting', '', '#3b82f6', 'income', true, 2, '2025-08-08 14:22:05.46693+00', '2025-08-08 14:22:05.46693+00', NULL, true, NULL),
	('a399f936-99d3-42f9-8ba5-57023e69b582', 'Investment', 'Returns from investments', '', '#f59e0b', 'income', true, 3, '2025-08-08 14:22:05.46693+00', '2025-08-08 14:22:05.46693+00', NULL, true, NULL),
	('30a1a0b3-5cbb-4769-a013-2318e3d4816a', 'Business', 'Business income and profits', '', '#8b5cf6', 'income', true, 4, '2025-08-08 14:22:05.46693+00', '2025-08-08 14:22:05.46693+00', NULL, true, NULL),
	('e19e3371-aff7-493a-bede-09a52eb17af7', 'Other Income', 'Gifts, bonuses, miscellaneous income', '', '#06b6d4', 'income', true, 5, '2025-08-08 14:22:05.46693+00', '2025-08-08 14:22:05.46693+00', NULL, true, NULL);


--
-- Data for Name: roles; Type: TABLE DATA; Schema: public; Owner: postgres
--

INSERT INTO "public"."roles" ("id", "name", "display_name", "description", "is_system", "is_active", "created_at", "updated_at") VALUES
	('7e58476a-a422-4d98-9324-5ca2ce4cafef', 'super_admin', 'Super Administrator', 'Full system access with all permissions', true, true, '2025-08-07 05:49:26.637856+00', '2025-08-07 05:49:26.637856+00'),
	('686ceb62-6395-4230-b785-f7ea8079ff5d', 'admin', 'Administrator', 'Administrative access to manage users and system', true, true, '2025-08-07 05:49:26.637856+00', '2025-08-07 05:49:26.637856+00'),
	('5aeb0037-ec51-426d-ba22-1e24882a5f35', 'user', 'User', 'Standard user with personal financial data access', true, true, '2025-08-07 05:49:26.637856+00', '2025-08-07 05:49:26.637856+00'),
	('19ed1b03-acb4-4d8d-b104-18eca0c8d227', 'paid_user', 'Paid User', 'Paid user with premium features including custom templates', true, true, '2025-08-08 14:40:35.754534+00', '2025-08-08 14:40:35.754534+00');


--
-- Data for Name: profiles; Type: TABLE DATA; Schema: public; Owner: postgres
--

INSERT INTO "public"."profiles" ("id", "user_id", "email", "full_name", "avatar_url", "role_id", "currency", "timezone", "theme", "notifications_enabled", "ai_insights_enabled", "monthly_budget_limit", "email_verified", "phone_number", "phone_verified", "two_factor_enabled", "last_login", "is_active", "created_at", "updated_at", "subscription_plan", "subscription_status", "subscription_expires_at", "subscription_started_at", "max_accounts", "family_group_id", "family_role", "invited_by", "joined_family_at") VALUES
	('ac3d5d09-e9c7-403c-8fd4-10206b37aa23', '405e344f-269e-4908-b9df-05b267892189', 'admin@mail.com', 'admin', NULL, '686ceb62-6395-4230-b785-f7ea8079ff5d', 'BDT', 'Asia/Dhaka', 'system', true, true, NULL, false, NULL, false, false, NULL, true, '2025-08-07 05:50:03.519912+00', '2025-08-08 17:19:48.448546+00', 'free', 'active', NULL, '2025-09-06 16:15:44.689422+00', 3, NULL, 'primary', NULL, NULL),
	('db9b4763-fb24-493f-bea3-a359d94c5e64', '0772beaf-9ccd-48e7-a178-f5312ab5e7e3', 'raihan.raju@gmail.com', 'Raihan Sharif', NULL, '7e58476a-a422-4d98-9324-5ca2ce4cafef', 'BDT', 'Asia/Dhaka', 'system', true, true, NULL, false, NULL, false, false, NULL, true, '2025-08-07 16:44:10.695187+00', '2025-08-08 17:19:56.373807+00', 'free', 'active', NULL, '2025-09-06 16:15:44.689422+00', 3, NULL, 'primary', NULL, NULL),
	('0b173875-e2e7-44c9-8c08-1e54b2b9a1a2', '9a52cf96-a1d2-4146-9afe-25b0989f783f', 'click.tanha@gmail.com', 'Tanjina Sultana', NULL, '5aeb0037-ec51-426d-ba22-1e24882a5f35', 'BDT', 'Asia/Dhaka', 'system', true, true, NULL, false, NULL, false, false, NULL, true, '2025-08-28 20:36:35.323841+00', '2025-08-28 20:36:35.323841+00', 'free', 'active', NULL, '2025-09-06 16:15:44.689422+00', 3, NULL, 'primary', NULL, NULL);


--
-- Data for Name: coupon_usage; Type: TABLE DATA; Schema: public; Owner: postgres
--



--
-- Data for Name: coupons; Type: TABLE DATA; Schema: public; Owner: postgres
--

INSERT INTO "public"."coupons" ("id", "code", "description", "value", "minimum_amount", "max_discount_amount", "max_uses", "max_uses_per_user", "used_count", "expires_at", "applicable_plans", "billing_cycle_restriction", "is_active", "created_at", "updated_at", "scope", "allowed_users", "type") VALUES
	('352a26f5-12d5-4ec3-8e35-4e4a5b1d969a', 'WELCOME25', '25% off on your first subscription', 25.00, 0.00, NULL, NULL, 1, 0, '2025-10-09 18:34:14.606843+00', '["pro", "max"]', NULL, true, '2025-09-09 18:34:14.606843+00', '2025-09-09 18:34:14.606843+00', 'public', NULL, 'percentage'),
	('d9681cfe-620b-4323-b0dd-9a1341113491', 'NEWUSER50', '50 Taka off for new users', 50.00, 0.00, NULL, NULL, 1, 0, '2025-11-08 18:34:14.606843+00', '["pro", "max"]', NULL, true, '2025-09-09 18:34:14.606843+00', '2025-09-09 18:34:14.606843+00', 'public', NULL, 'percentage'),
	('6d780bf9-53fe-4f22-993e-f9860d7b966d', 'YEARLY20', '20% off on yearly subscriptions', 20.00, 0.00, NULL, NULL, 1, 0, '2025-12-08 18:34:14.606843+00', '["pro", "max"]', NULL, true, '2025-09-09 18:34:14.606843+00', '2025-09-09 18:34:14.606843+00', 'public', NULL, 'percentage'),
	('eacc092f-27c7-4809-85a8-7baf2a446284', 'FREEPRO', 'Get Pro plan for free (100% discount)', 100.00, 0.00, NULL, 10, 1, 0, '2025-10-10 16:16:37.609431+00', NULL, NULL, true, '2025-09-10 16:16:37.609431+00', '2025-09-10 16:16:37.609431+00', 'public', NULL, 'percentage'),
	('e13ee111-7e68-4305-aa66-cd9f87dbaa39', 'SAVE50', '50 off on any plan', 50.00, 0.00, NULL, 100, 2, 0, '2025-11-09 16:16:37.609431+00', NULL, NULL, true, '2025-09-10 16:16:37.609431+00', '2025-09-10 16:16:37.609431+00', 'public', NULL, 'percentage'),
	('5e53ecc5-c604-4096-a18b-3326e7789f32', 'FINJU', 'fin ju', 30.00, 0.00, NULL, NULL, 1, 0, NULL, NULL, NULL, true, '2025-09-12 17:47:52.196693+00', '2025-09-17 05:50:26.599243+00', 'public', NULL, 'percentage'),
	('f9e408bf-8acd-4ea5-b913-b3f5fc8952bc', 'EARLYBIRD50', 'Early bird special - 500 BDT off any plan', 500.00, 500.00, NULL, 500, 1, 0, '2025-11-27 11:08:21.474+00', NULL, NULL, true, '2025-09-28 11:08:21.580803+00', '2025-09-28 11:08:21.580803+00', 'public', NULL, 'fixed');


--
-- Data for Name: cron_job_logs; Type: TABLE DATA; Schema: public; Owner: postgres
--

INSERT INTO "public"."cron_job_logs" ("id", "job_name", "status", "message", "metadata", "started_at", "completed_at", "duration_seconds", "created_at") VALUES
	('95240422-a2fa-457f-b32f-f99964090bf0', 'health_check', 'critical', 'No successful job execution in last 25 hours', '{"issues": ["No successful job execution in last 25 hours"], "overdue_loans": 5, "failed_jobs_24h": 0, "last_successful_run": null}', '2025-11-09 06:00:00.198977+00', '2025-11-09 06:00:00.198977+00', 0, '2025-11-09 06:00:00.198977+00'),
	('4c7c6a43-c54a-4fec-8908-751b2b5b9887', 'health_check', 'critical', 'No successful job execution in last 25 hours', '{"issues": ["No successful job execution in last 25 hours"], "overdue_loans": 5, "failed_jobs_24h": 0, "last_successful_run": null}', '2025-11-11 06:00:00.170421+00', '2025-11-11 06:00:00.170421+00', 0, '2025-11-11 06:00:00.170421+00'),
	('016fe90b-8810-498b-b0cf-418db93a481b', 'health_check', 'critical', 'No successful job execution in last 25 hours', '{"issues": ["No successful job execution in last 25 hours"], "overdue_loans": 5, "failed_jobs_24h": 0, "last_successful_run": null}', '2025-11-13 06:00:00.198152+00', '2025-11-13 06:00:00.198152+00', 0, '2025-11-13 06:00:00.198152+00'),
	('f8145ee9-6427-4990-ac68-035a5932360b', 'health_check', 'critical', 'No successful job execution in last 25 hours', '{"issues": ["No successful job execution in last 25 hours"], "overdue_loans": 5, "failed_jobs_24h": 0, "last_successful_run": null}', '2025-11-15 06:00:00.167261+00', '2025-11-15 06:00:00.167261+00', 0, '2025-11-15 06:00:00.167261+00'),
	('dd2c5afb-b30b-4363-9e69-a89d335c4311', 'health_check', 'critical', 'No successful job execution in last 25 hours', '{"issues": ["No successful job execution in last 25 hours"], "overdue_loans": 5, "failed_jobs_24h": 0, "last_successful_run": null}', '2025-11-17 00:00:00.18903+00', '2025-11-17 00:00:00.18903+00', 0, '2025-11-17 00:00:00.18903+00'),
	('8b22ca5a-7620-4064-a29f-5201d7bb325f', 'health_check', 'critical', 'No successful job execution in last 25 hours', '{"issues": ["No successful job execution in last 25 hours"], "overdue_loans": 5, "failed_jobs_24h": 0, "last_successful_run": null}', '2025-11-19 00:00:00.155327+00', '2025-11-19 00:00:00.155327+00', 0, '2025-11-19 00:00:00.155327+00'),
	('583c5010-7349-4804-9184-eb8107f799aa', 'health_check', 'critical', 'No successful job execution in last 25 hours', '{"issues": ["No successful job execution in last 25 hours"], "overdue_loans": 5, "failed_jobs_24h": 0, "last_successful_run": null}', '2025-11-21 00:00:00.207033+00', '2025-11-21 00:00:00.207033+00', 0, '2025-11-21 00:00:00.207033+00'),
	('93d907eb-762b-4cda-a84f-0625332af35e', 'health_check', 'critical', 'No successful job execution in last 25 hours', '{"issues": ["No successful job execution in last 25 hours"], "overdue_loans": 5, "failed_jobs_24h": 0, "last_successful_run": null}', '2025-11-23 00:00:00.2067+00', '2025-11-23 00:00:00.2067+00', 0, '2025-11-23 00:00:00.2067+00'),
	('a7461b90-0cb9-488a-b554-03f37af1ef42', 'health_check', 'critical', 'No successful job execution in last 25 hours', '{"issues": ["No successful job execution in last 25 hours"], "overdue_loans": 5, "failed_jobs_24h": 0, "last_successful_run": null}', '2025-11-17 06:00:00.200099+00', '2025-11-17 06:00:00.200099+00', 0, '2025-11-17 06:00:00.200099+00'),
	('d2cb41d1-c006-4191-9ac7-55af01164bd0', 'health_check', 'critical', 'No successful job execution in last 25 hours', '{"issues": ["No successful job execution in last 25 hours"], "overdue_loans": 5, "failed_jobs_24h": 0, "last_successful_run": null}', '2025-11-19 06:00:00.198116+00', '2025-11-19 06:00:00.198116+00', 0, '2025-11-19 06:00:00.198116+00'),
	('40dda629-6424-4c68-91be-d5e102d96ebe', 'health_check', 'critical', 'No successful job execution in last 25 hours', '{"issues": ["No successful job execution in last 25 hours"], "overdue_loans": 5, "failed_jobs_24h": 0, "last_successful_run": null}', '2025-11-21 06:00:00.258188+00', '2025-11-21 06:00:00.258188+00', 0, '2025-11-21 06:00:00.258188+00'),
	('224cf444-9b20-41e7-87a4-109fe52b36aa', 'cleanup_old_logs', 'completed', 'Cleaned up 29 old log entries', NULL, '2025-11-23 02:00:00.204159+00', '2025-11-23 02:00:00.204159+00', 0, '2025-11-23 02:00:00.204159+00'),
	('9c42da3d-0731-4630-985c-34aebedf94c7', 'health_check', 'critical', 'No successful job execution in last 25 hours', '{"issues": ["No successful job execution in last 25 hours"], "overdue_loans": 5, "failed_jobs_24h": 0, "last_successful_run": null}', '2025-10-25 12:00:00.153855+00', '2025-10-25 12:00:00.153855+00', 0, '2025-10-25 12:00:00.153855+00'),
	('47b2d487-2488-4c49-ae79-006b2da4691a', 'health_check', 'critical', 'No successful job execution in last 25 hours', '{"issues": ["No successful job execution in last 25 hours"], "overdue_loans": 5, "failed_jobs_24h": 0, "last_successful_run": null}', '2025-11-09 12:00:00.17393+00', '2025-11-09 12:00:00.17393+00', 0, '2025-11-09 12:00:00.17393+00'),
	('4c230f70-35b8-4e37-8ccc-8f60f6477062', 'health_check', 'critical', 'No successful job execution in last 25 hours', '{"issues": ["No successful job execution in last 25 hours"], "overdue_loans": 5, "failed_jobs_24h": 0, "last_successful_run": null}', '2025-11-11 12:00:00.192179+00', '2025-11-11 12:00:00.192179+00', 0, '2025-11-11 12:00:00.192179+00'),
	('ea60f305-3ca0-472a-a1fa-308131b810a9', 'health_check', 'critical', 'No successful job execution in last 25 hours', '{"issues": ["No successful job execution in last 25 hours"], "overdue_loans": 5, "failed_jobs_24h": 0, "last_successful_run": null}', '2025-11-13 12:00:00.199063+00', '2025-11-13 12:00:00.199063+00', 0, '2025-11-13 12:00:00.199063+00'),
	('cd904374-7468-4c1e-a91a-9fec8a60d768', 'health_check', 'critical', 'No successful job execution in last 25 hours', '{"issues": ["No successful job execution in last 25 hours"], "overdue_loans": 5, "failed_jobs_24h": 0, "last_successful_run": null}', '2025-11-15 12:00:00.185191+00', '2025-11-15 12:00:00.185191+00', 0, '2025-11-15 12:00:00.185191+00'),
	('fecd5497-bdff-4677-a2ed-43625077d179', 'cleanup_old_logs', 'completed', 'Cleaned up 29 old log entries', NULL, '2025-11-09 02:00:00.193758+00', '2025-11-09 02:00:00.193758+00', 0, '2025-11-09 02:00:00.193758+00'),
	('e0a395f1-990a-42e9-bf55-755e366a4b7c', 'health_check', 'critical', 'No successful job execution in last 25 hours', '{"issues": ["No successful job execution in last 25 hours"], "overdue_loans": 5, "failed_jobs_24h": 0, "last_successful_run": null}', '2025-10-24 06:00:00.16878+00', '2025-10-24 06:00:00.16878+00', 0, '2025-10-24 06:00:00.16878+00'),
	('b6d0572a-8cde-48db-bca6-ea18dbb0e134', 'health_check', 'critical', 'No successful job execution in last 25 hours', '{"issues": ["No successful job execution in last 25 hours"], "overdue_loans": 5, "failed_jobs_24h": 0, "last_successful_run": null}', '2025-10-25 18:00:00.162689+00', '2025-10-25 18:00:00.162689+00', 0, '2025-10-25 18:00:00.162689+00'),
	('e304c72f-3f36-48c3-ad29-e0c25829434f', 'health_check', 'critical', 'No successful job execution in last 25 hours', '{"issues": ["No successful job execution in last 25 hours"], "overdue_loans": 5, "failed_jobs_24h": 0, "last_successful_run": null}', '2025-11-09 18:00:00.172755+00', '2025-11-09 18:00:00.172755+00', 0, '2025-11-09 18:00:00.172755+00'),
	('1c56443a-a8d9-4726-b9c9-f0015d130f87', 'health_check', 'critical', 'No successful job execution in last 25 hours', '{"issues": ["No successful job execution in last 25 hours"], "overdue_loans": 5, "failed_jobs_24h": 0, "last_successful_run": null}', '2025-10-26 18:00:00.173714+00', '2025-10-26 18:00:00.173714+00', 0, '2025-10-26 18:00:00.173714+00'),
	('991e1bf6-bb84-4f52-b504-b2e5509c6778', 'health_check', 'critical', 'No successful job execution in last 25 hours', '{"issues": ["No successful job execution in last 25 hours"], "overdue_loans": 5, "failed_jobs_24h": 0, "last_successful_run": null}', '2025-10-28 00:00:00.136292+00', '2025-10-28 00:00:00.136292+00', 0, '2025-10-28 00:00:00.136292+00'),
	('60167b42-0dbb-43af-8f3f-f68767a82688', 'health_check', 'critical', 'No successful job execution in last 25 hours', '{"issues": ["No successful job execution in last 25 hours"], "overdue_loans": 5, "failed_jobs_24h": 0, "last_successful_run": null}', '2025-10-29 06:00:00.168752+00', '2025-10-29 06:00:00.168752+00', 0, '2025-10-29 06:00:00.168752+00'),
	('f4797445-d506-4876-9520-9a9ebde4db54', 'health_check', 'critical', 'No successful job execution in last 25 hours', '{"issues": ["No successful job execution in last 25 hours"], "overdue_loans": 5, "failed_jobs_24h": 0, "last_successful_run": null}', '2025-10-30 12:00:00.155762+00', '2025-10-30 12:00:00.155762+00', 0, '2025-10-30 12:00:00.155762+00'),
	('8b70f206-598b-45fd-b884-1bd91dc1f7bf', 'health_check', 'critical', 'No successful job execution in last 25 hours', '{"issues": ["No successful job execution in last 25 hours"], "overdue_loans": 5, "failed_jobs_24h": 0, "last_successful_run": null}', '2025-10-31 18:00:00.228013+00', '2025-10-31 18:00:00.228013+00', 0, '2025-10-31 18:00:00.228013+00'),
	('821da889-6d2b-4d37-94bd-ca41291e3721', 'health_check', 'critical', 'No successful job execution in last 25 hours', '{"issues": ["No successful job execution in last 25 hours"], "overdue_loans": 5, "failed_jobs_24h": 0, "last_successful_run": null}', '2025-11-02 00:00:00.175256+00', '2025-11-02 00:00:00.175256+00', 0, '2025-11-02 00:00:00.175256+00'),
	('6514c8f5-3f58-4db0-89d2-f9bfcf1a15fa', 'health_check', 'critical', 'No successful job execution in last 25 hours', '{"issues": ["No successful job execution in last 25 hours"], "overdue_loans": 5, "failed_jobs_24h": 0, "last_successful_run": null}', '2025-11-03 00:00:00.203072+00', '2025-11-03 00:00:00.203072+00', 0, '2025-11-03 00:00:00.203072+00'),
	('aa5d42e9-57c3-4d1d-82ad-2adaf583e5e2', 'health_check', 'critical', 'No successful job execution in last 25 hours', '{"issues": ["No successful job execution in last 25 hours"], "overdue_loans": 5, "failed_jobs_24h": 0, "last_successful_run": null}', '2025-11-04 06:00:00.180705+00', '2025-11-04 06:00:00.180705+00', 0, '2025-11-04 06:00:00.180705+00'),
	('6030068f-dde0-4a20-8974-6888b33cae14', 'health_check', 'critical', 'No successful job execution in last 25 hours', '{"issues": ["No successful job execution in last 25 hours"], "overdue_loans": 5, "failed_jobs_24h": 0, "last_successful_run": null}', '2025-11-05 12:00:00.176145+00', '2025-11-05 12:00:00.176145+00', 0, '2025-11-05 12:00:00.176145+00'),
	('57645d4e-95ba-4d16-81ef-7a1d7389ba85', 'health_check', 'critical', 'No successful job execution in last 25 hours', '{"issues": ["No successful job execution in last 25 hours"], "overdue_loans": 5, "failed_jobs_24h": 0, "last_successful_run": null}', '2025-11-11 18:00:00.173024+00', '2025-11-11 18:00:00.173024+00', 0, '2025-11-11 18:00:00.173024+00'),
	('10be1774-d866-4835-927a-259010bd3b4f', 'health_check', 'critical', 'No successful job execution in last 25 hours', '{"issues": ["No successful job execution in last 25 hours"], "overdue_loans": 5, "failed_jobs_24h": 0, "last_successful_run": null}', '2025-11-06 18:00:00.190741+00', '2025-11-06 18:00:00.190741+00', 0, '2025-11-06 18:00:00.190741+00'),
	('4293665e-9f02-4689-bb70-90dc1de2e72c', 'health_check', 'critical', 'No successful job execution in last 25 hours', '{"issues": ["No successful job execution in last 25 hours"], "overdue_loans": 5, "failed_jobs_24h": 0, "last_successful_run": null}', '2025-11-08 00:00:00.20908+00', '2025-11-08 00:00:00.20908+00', 0, '2025-11-08 00:00:00.20908+00'),
	('5acb0bed-ab94-4697-b787-06b5214c428e', 'health_check', 'critical', 'No successful job execution in last 25 hours', '{"issues": ["No successful job execution in last 25 hours"], "overdue_loans": 5, "failed_jobs_24h": 0, "last_successful_run": null}', '2025-11-13 18:00:00.202386+00', '2025-11-13 18:00:00.202386+00', 0, '2025-11-13 18:00:00.202386+00'),
	('2f88365e-6f9b-44de-879d-e8cb48c1bcb4', 'health_check', 'critical', 'No successful job execution in last 25 hours', '{"issues": ["No successful job execution in last 25 hours"], "overdue_loans": 5, "failed_jobs_24h": 0, "last_successful_run": null}', '2025-11-15 18:00:00.165255+00', '2025-11-15 18:00:00.165255+00', 0, '2025-11-15 18:00:00.165255+00'),
	('1ce69cc5-10c4-4850-9198-229972e3fca0', 'health_check', 'critical', 'No successful job execution in last 25 hours', '{"issues": ["No successful job execution in last 25 hours"], "overdue_loans": 5, "failed_jobs_24h": 0, "last_successful_run": null}', '2025-11-17 12:00:00.192579+00', '2025-11-17 12:00:00.192579+00', 0, '2025-11-17 12:00:00.192579+00'),
	('b2f65b00-59d8-47ac-a476-5b1d82724286', 'health_check', 'critical', 'No successful job execution in last 25 hours', '{"issues": ["No successful job execution in last 25 hours"], "overdue_loans": 5, "failed_jobs_24h": 0, "last_successful_run": null}', '2025-11-19 12:00:00.185441+00', '2025-11-19 12:00:00.185441+00', 0, '2025-11-19 12:00:00.185441+00'),
	('effeac8b-64ef-432d-aea9-1190aa780168', 'health_check', 'critical', 'No successful job execution in last 25 hours', '{"issues": ["No successful job execution in last 25 hours"], "overdue_loans": 5, "failed_jobs_24h": 0, "last_successful_run": null}', '2025-11-21 12:00:00.197893+00', '2025-11-21 12:00:00.197893+00', 0, '2025-11-21 12:00:00.197893+00'),
	('5258b4c6-3262-406f-97c1-d3e124235ab6', 'health_check', 'critical', 'No successful job execution in last 25 hours', '{"issues": ["No successful job execution in last 25 hours"], "overdue_loans": 5, "failed_jobs_24h": 0, "last_successful_run": null}', '2025-11-10 00:00:00.188699+00', '2025-11-10 00:00:00.188699+00', 0, '2025-11-10 00:00:00.188699+00'),
	('387663df-9d9a-4072-8d20-f3d3df32df76', 'health_check', 'critical', 'No successful job execution in last 25 hours', '{"issues": ["No successful job execution in last 25 hours"], "overdue_loans": 5, "failed_jobs_24h": 0, "last_successful_run": null}', '2025-11-12 00:00:00.172923+00', '2025-11-12 00:00:00.172923+00', 0, '2025-11-12 00:00:00.172923+00'),
	('36f6d836-0206-4fb4-8fa5-8de091b6827e', 'health_check', 'critical', 'No successful job execution in last 25 hours', '{"issues": ["No successful job execution in last 25 hours"], "overdue_loans": 5, "failed_jobs_24h": 0, "last_successful_run": null}', '2025-10-26 00:00:00.175297+00', '2025-10-26 00:00:00.175297+00', 0, '2025-10-26 00:00:00.175297+00'),
	('f7250b18-4813-417f-b6f5-88ab9e277e60', 'health_check', 'critical', 'No successful job execution in last 25 hours', '{"issues": ["No successful job execution in last 25 hours"], "overdue_loans": 5, "failed_jobs_24h": 0, "last_successful_run": null}', '2025-10-27 00:00:00.16866+00', '2025-10-27 00:00:00.16866+00', 0, '2025-10-27 00:00:00.16866+00'),
	('8f60e524-c323-4ea3-8d06-0e52cd1e4386', 'health_check', 'critical', 'No successful job execution in last 25 hours', '{"issues": ["No successful job execution in last 25 hours"], "overdue_loans": 5, "failed_jobs_24h": 0, "last_successful_run": null}', '2025-10-28 06:00:00.168964+00', '2025-10-28 06:00:00.168964+00', 0, '2025-10-28 06:00:00.168964+00'),
	('5301adc8-f686-41c0-9c3c-8ffc83c68177', 'health_check', 'critical', 'No successful job execution in last 25 hours', '{"issues": ["No successful job execution in last 25 hours"], "overdue_loans": 5, "failed_jobs_24h": 0, "last_successful_run": null}', '2025-11-14 00:00:00.179974+00', '2025-11-14 00:00:00.179974+00', 0, '2025-11-14 00:00:00.179974+00'),
	('87f98e64-c62c-4940-bcae-dcbb97f06c33', 'health_check', 'critical', 'No successful job execution in last 25 hours', '{"issues": ["No successful job execution in last 25 hours"], "overdue_loans": 5, "failed_jobs_24h": 0, "last_successful_run": null}', '2025-11-16 00:00:00.183265+00', '2025-11-16 00:00:00.183265+00', 0, '2025-11-16 00:00:00.183265+00'),
	('a6a0c7a4-d102-4243-aa98-9bab737ca935', 'health_check', 'critical', 'No successful job execution in last 25 hours', '{"issues": ["No successful job execution in last 25 hours"], "overdue_loans": 5, "failed_jobs_24h": 0, "last_successful_run": null}', '2025-10-30 18:00:00.189416+00', '2025-10-30 18:00:00.189416+00', 0, '2025-10-30 18:00:00.189416+00'),
	('090d068d-d8fa-4160-aab7-6a3b86edaee7', 'health_check', 'critical', 'No successful job execution in last 25 hours', '{"issues": ["No successful job execution in last 25 hours"], "overdue_loans": 5, "failed_jobs_24h": 0, "last_successful_run": null}', '2025-11-01 00:00:00.204373+00', '2025-11-01 00:00:00.204373+00', 0, '2025-11-01 00:00:00.204373+00'),
	('68d46757-e3b7-443b-b64d-a4c3c786ef84', 'cleanup_old_logs', 'completed', 'Cleaned up 29 old log entries', NULL, '2025-11-02 02:00:00.174174+00', '2025-11-02 02:00:00.174174+00', 0, '2025-11-02 02:00:00.174174+00'),
	('c06a8e8a-806c-4cfe-9f3f-0559d42a038f', 'health_check', 'critical', 'No successful job execution in last 25 hours', '{"issues": ["No successful job execution in last 25 hours"], "overdue_loans": 5, "failed_jobs_24h": 0, "last_successful_run": null}', '2025-11-17 18:00:00.189667+00', '2025-11-17 18:00:00.189667+00', 0, '2025-11-17 18:00:00.189667+00'),
	('952cd078-37b6-4f73-a273-f0042c015c1d', 'health_check', 'critical', 'No successful job execution in last 25 hours', '{"issues": ["No successful job execution in last 25 hours"], "overdue_loans": 5, "failed_jobs_24h": 0, "last_successful_run": null}', '2025-11-03 06:00:00.186898+00', '2025-11-03 06:00:00.186898+00', 0, '2025-11-03 06:00:00.186898+00'),
	('b1e804d8-e4c9-4265-a3d6-8eb6dad14c5c', 'health_check', 'critical', 'No successful job execution in last 25 hours', '{"issues": ["No successful job execution in last 25 hours"], "overdue_loans": 5, "failed_jobs_24h": 0, "last_successful_run": null}', '2025-11-19 18:00:00.192363+00', '2025-11-19 18:00:00.192363+00', 0, '2025-11-19 18:00:00.192363+00'),
	('14440f54-3517-4a41-86da-49f33d2b9316', 'health_check', 'critical', 'No successful job execution in last 25 hours', '{"issues": ["No successful job execution in last 25 hours"], "overdue_loans": 5, "failed_jobs_24h": 0, "last_successful_run": null}', '2025-11-05 18:00:00.228233+00', '2025-11-05 18:00:00.228233+00', 0, '2025-11-05 18:00:00.228233+00'),
	('66752fe8-3885-46b1-9f9c-f7c27be5cd54', 'health_check', 'critical', 'No successful job execution in last 25 hours', '{"issues": ["No successful job execution in last 25 hours"], "overdue_loans": 5, "failed_jobs_24h": 0, "last_successful_run": null}', '2025-11-07 00:00:00.168554+00', '2025-11-07 00:00:00.168554+00', 0, '2025-11-07 00:00:00.168554+00'),
	('fa42902a-a32f-4852-993f-36cc192bd78a', 'health_check', 'critical', 'No successful job execution in last 25 hours', '{"issues": ["No successful job execution in last 25 hours"], "overdue_loans": 5, "failed_jobs_24h": 0, "last_successful_run": null}', '2025-11-08 06:00:00.170986+00', '2025-11-08 06:00:00.170986+00', 0, '2025-11-08 06:00:00.170986+00'),
	('226369f8-67b3-43af-9a2e-5accc6b4ed6e', 'health_check', 'critical', 'No successful job execution in last 25 hours', '{"issues": ["No successful job execution in last 25 hours"], "overdue_loans": 5, "failed_jobs_24h": 0, "last_successful_run": null}', '2025-11-21 18:00:00.226896+00', '2025-11-21 18:00:00.226896+00', 0, '2025-11-21 18:00:00.226896+00'),
	('17d3200f-e96a-4d97-8ac2-bb57f9932376', 'health_check', 'critical', 'No successful job execution in last 25 hours', '{"issues": ["No successful job execution in last 25 hours"], "overdue_loans": 5, "failed_jobs_24h": 0, "last_successful_run": null}', '2025-10-24 12:00:00.171843+00', '2025-10-24 12:00:00.171843+00', 0, '2025-10-24 12:00:00.171843+00'),
	('c5f43df9-304d-4b00-9904-694e044352de', 'cleanup_old_logs', 'completed', 'Cleaned up 29 old log entries', NULL, '2025-10-26 02:00:00.192749+00', '2025-10-26 02:00:00.192749+00', 0, '2025-10-26 02:00:00.192749+00'),
	('df1f030a-bc2e-4af0-be1e-99f9e9f74847', 'health_check', 'critical', 'No successful job execution in last 25 hours', '{"issues": ["No successful job execution in last 25 hours"], "overdue_loans": 5, "failed_jobs_24h": 0, "last_successful_run": null}', '2025-10-27 06:00:00.170397+00', '2025-10-27 06:00:00.170397+00', 0, '2025-10-27 06:00:00.170397+00'),
	('24031d92-57fe-4c89-8ead-c0ad2726591c', 'health_check', 'critical', 'No successful job execution in last 25 hours', '{"issues": ["No successful job execution in last 25 hours"], "overdue_loans": 5, "failed_jobs_24h": 0, "last_successful_run": null}', '2025-11-10 06:00:00.188081+00', '2025-11-10 06:00:00.188081+00', 0, '2025-11-10 06:00:00.188081+00'),
	('d11441fd-e579-451c-924a-7dae37e28f9d', 'health_check', 'critical', 'No successful job execution in last 25 hours', '{"issues": ["No successful job execution in last 25 hours"], "overdue_loans": 5, "failed_jobs_24h": 0, "last_successful_run": null}', '2025-11-12 06:00:00.176067+00', '2025-11-12 06:00:00.176067+00', 0, '2025-11-12 06:00:00.176067+00'),
	('a773e33e-55ac-4f1d-8d88-182897911b47', 'health_check', 'critical', 'No successful job execution in last 25 hours', '{"issues": ["No successful job execution in last 25 hours"], "overdue_loans": 5, "failed_jobs_24h": 0, "last_successful_run": null}', '2025-10-29 12:00:00.206289+00', '2025-10-29 12:00:00.206289+00', 0, '2025-10-29 12:00:00.206289+00'),
	('ca27e8e5-45b5-4b9b-b5be-5506cf7563fe', 'health_check', 'critical', 'No successful job execution in last 25 hours', '{"issues": ["No successful job execution in last 25 hours"], "overdue_loans": 5, "failed_jobs_24h": 0, "last_successful_run": null}', '2025-10-31 00:00:00.174672+00', '2025-10-31 00:00:00.174672+00', 0, '2025-10-31 00:00:00.174672+00'),
	('15761e34-f5ff-4f57-939f-4f5775395e05', 'health_check', 'critical', 'No successful job execution in last 25 hours', '{"issues": ["No successful job execution in last 25 hours"], "overdue_loans": 5, "failed_jobs_24h": 0, "last_successful_run": null}', '2025-11-01 06:00:00.19846+00', '2025-11-01 06:00:00.19846+00', 0, '2025-11-01 06:00:00.19846+00'),
	('b7099f6c-4951-497c-93ab-47bf37f0bb02', 'health_check', 'critical', 'No successful job execution in last 25 hours', '{"issues": ["No successful job execution in last 25 hours"], "overdue_loans": 5, "failed_jobs_24h": 0, "last_successful_run": null}', '2025-11-02 06:00:00.188472+00', '2025-11-02 06:00:00.188472+00', 0, '2025-11-02 06:00:00.188472+00'),
	('85fcfc4e-9b1f-45ee-aa5d-abb3bdfbdb11', 'health_check', 'critical', 'No successful job execution in last 25 hours', '{"issues": ["No successful job execution in last 25 hours"], "overdue_loans": 5, "failed_jobs_24h": 0, "last_successful_run": null}', '2025-11-14 06:00:00.166713+00', '2025-11-14 06:00:00.166713+00', 0, '2025-11-14 06:00:00.166713+00'),
	('b4d352f1-fef1-42fc-b248-61b1fd0e5e3e', 'cleanup_old_logs', 'completed', 'Cleaned up 29 old log entries', NULL, '2025-11-16 02:00:00.181905+00', '2025-11-16 02:00:00.181905+00', 0, '2025-11-16 02:00:00.181905+00'),
	('d2d21931-68bc-413a-b359-860ae4838aee', 'health_check', 'critical', 'No successful job execution in last 25 hours', '{"issues": ["No successful job execution in last 25 hours"], "overdue_loans": 5, "failed_jobs_24h": 0, "last_successful_run": null}', '2025-11-04 12:00:00.187597+00', '2025-11-04 12:00:00.187597+00', 0, '2025-11-04 12:00:00.187597+00'),
	('b90d19c4-6942-44ea-b916-d44e72ae341f', 'health_check', 'critical', 'No successful job execution in last 25 hours', '{"issues": ["No successful job execution in last 25 hours"], "overdue_loans": 5, "failed_jobs_24h": 0, "last_successful_run": null}', '2025-11-06 00:00:00.194259+00', '2025-11-06 00:00:00.194259+00', 0, '2025-11-06 00:00:00.194259+00'),
	('db9e0636-e25d-4769-88f7-03cfa8c2587f', 'health_check', 'critical', 'No successful job execution in last 25 hours', '{"issues": ["No successful job execution in last 25 hours"], "overdue_loans": 5, "failed_jobs_24h": 0, "last_successful_run": null}', '2025-11-07 06:00:00.176195+00', '2025-11-07 06:00:00.176195+00', 0, '2025-11-07 06:00:00.176195+00'),
	('17d96b2c-14cc-4565-86f4-4c064cd482d7', 'health_check', 'critical', 'No successful job execution in last 25 hours', '{"issues": ["No successful job execution in last 25 hours"], "overdue_loans": 5, "failed_jobs_24h": 0, "last_successful_run": null}', '2025-11-18 00:00:00.194709+00', '2025-11-18 00:00:00.194709+00', 0, '2025-11-18 00:00:00.194709+00'),
	('39f1d60a-a5eb-4f36-bec6-5381ecadf49b', 'health_check', 'critical', 'No successful job execution in last 25 hours', '{"issues": ["No successful job execution in last 25 hours"], "overdue_loans": 5, "failed_jobs_24h": 0, "last_successful_run": null}', '2025-11-20 00:00:00.21622+00', '2025-11-20 00:00:00.21622+00', 0, '2025-11-20 00:00:00.21622+00'),
	('d622bdd1-a95b-4ad7-bbec-eab435f2bb08', 'health_check', 'critical', 'No successful job execution in last 25 hours', '{"issues": ["No successful job execution in last 25 hours"], "overdue_loans": 5, "failed_jobs_24h": 0, "last_successful_run": null}', '2025-11-22 00:00:00.206777+00', '2025-11-22 00:00:00.206777+00', 0, '2025-11-22 00:00:00.206777+00'),
	('a1497962-e436-40e3-8f57-13067b4db465', 'health_check', 'critical', 'No successful job execution in last 25 hours', '{"issues": ["No successful job execution in last 25 hours"], "overdue_loans": 5, "failed_jobs_24h": 0, "last_successful_run": null}', '2025-10-24 18:00:00.166729+00', '2025-10-24 18:00:00.166729+00', 0, '2025-10-24 18:00:00.166729+00'),
	('bb03a850-658f-40d0-b482-55ce3b3035f5', 'health_check', 'critical', 'No successful job execution in last 25 hours', '{"issues": ["No successful job execution in last 25 hours"], "overdue_loans": 5, "failed_jobs_24h": 0, "last_successful_run": null}', '2025-10-26 06:00:00.171137+00', '2025-10-26 06:00:00.171137+00', 0, '2025-10-26 06:00:00.171137+00'),
	('7b546394-a1f6-4924-9f03-cfc4263f1934', 'health_check', 'critical', 'No successful job execution in last 25 hours', '{"issues": ["No successful job execution in last 25 hours"], "overdue_loans": 5, "failed_jobs_24h": 0, "last_successful_run": null}', '2025-10-28 12:00:00.162669+00', '2025-10-28 12:00:00.162669+00', 0, '2025-10-28 12:00:00.162669+00'),
	('d2a37767-cbdd-4743-81e5-62532e59af66', 'health_check', 'critical', 'No successful job execution in last 25 hours', '{"issues": ["No successful job execution in last 25 hours"], "overdue_loans": 5, "failed_jobs_24h": 0, "last_successful_run": null}', '2025-10-29 18:00:00.187529+00', '2025-10-29 18:00:00.187529+00', 0, '2025-10-29 18:00:00.187529+00'),
	('e36b3f6b-f6df-4361-a099-1b72d45d736d', 'health_check', 'critical', 'No successful job execution in last 25 hours', '{"issues": ["No successful job execution in last 25 hours"], "overdue_loans": 5, "failed_jobs_24h": 0, "last_successful_run": null}', '2025-10-31 06:00:00.202093+00', '2025-10-31 06:00:00.202093+00', 0, '2025-10-31 06:00:00.202093+00'),
	('a598d2c1-c3c2-494e-b792-1f4845924f24', 'health_check', 'critical', 'No successful job execution in last 25 hours', '{"issues": ["No successful job execution in last 25 hours"], "overdue_loans": 5, "failed_jobs_24h": 0, "last_successful_run": null}', '2025-11-16 06:00:00.173081+00', '2025-11-16 06:00:00.173081+00', 0, '2025-11-16 06:00:00.173081+00'),
	('3843b689-cf1e-4c3a-8a72-734f7ded486c', 'health_check', 'critical', 'No successful job execution in last 25 hours', '{"issues": ["No successful job execution in last 25 hours"], "overdue_loans": 5, "failed_jobs_24h": 0, "last_successful_run": null}', '2025-11-18 06:00:00.165141+00', '2025-11-18 06:00:00.165141+00', 0, '2025-11-18 06:00:00.165141+00'),
	('894eb7a3-7998-441c-a106-47f39f2a93b6', 'health_check', 'critical', 'No successful job execution in last 25 hours', '{"issues": ["No successful job execution in last 25 hours"], "overdue_loans": 5, "failed_jobs_24h": 0, "last_successful_run": null}', '2025-11-20 06:00:00.221755+00', '2025-11-20 06:00:00.221755+00', 0, '2025-11-20 06:00:00.221755+00'),
	('79e0a6b8-fa0c-4510-9734-5118d731184b', 'health_check', 'critical', 'No successful job execution in last 25 hours', '{"issues": ["No successful job execution in last 25 hours"], "overdue_loans": 5, "failed_jobs_24h": 0, "last_successful_run": null}', '2025-11-22 06:00:00.219693+00', '2025-11-22 06:00:00.219693+00', 0, '2025-11-22 06:00:00.219693+00'),
	('3d9a7b13-1893-49ff-909e-1e4b61b2ed8d', 'health_check', 'critical', 'No successful job execution in last 25 hours', '{"issues": ["No successful job execution in last 25 hours"], "overdue_loans": 5, "failed_jobs_24h": 0, "last_successful_run": null}', '2025-11-03 12:00:00.213559+00', '2025-11-03 12:00:00.213559+00', 0, '2025-11-03 12:00:00.213559+00'),
	('e61eab34-e579-4897-bf70-c2dc44ce92d2', 'health_check', 'critical', 'No successful job execution in last 25 hours', '{"issues": ["No successful job execution in last 25 hours"], "overdue_loans": 5, "failed_jobs_24h": 0, "last_successful_run": null}', '2025-11-04 18:00:00.162148+00', '2025-11-04 18:00:00.162148+00', 0, '2025-11-04 18:00:00.162148+00'),
	('27de0e5d-4072-47cf-8ec1-d7621480e74a', 'health_check', 'critical', 'No successful job execution in last 25 hours', '{"issues": ["No successful job execution in last 25 hours"], "overdue_loans": 5, "failed_jobs_24h": 0, "last_successful_run": null}', '2025-11-06 06:00:00.164809+00', '2025-11-06 06:00:00.164809+00', 0, '2025-11-06 06:00:00.164809+00'),
	('d22b46ce-bc0c-4321-900e-d6e4575f580d', 'health_check', 'critical', 'No successful job execution in last 25 hours', '{"issues": ["No successful job execution in last 25 hours"], "overdue_loans": 5, "failed_jobs_24h": 0, "last_successful_run": null}', '2025-11-08 12:00:00.193936+00', '2025-11-08 12:00:00.193936+00', 0, '2025-11-08 12:00:00.193936+00'),
	('cc02c80f-f8f3-44cc-8b42-bc127d2ffe16', 'health_check', 'critical', 'No successful job execution in last 25 hours', '{"issues": ["No successful job execution in last 25 hours"], "overdue_loans": 5, "failed_jobs_24h": 0, "last_successful_run": null}', '2025-11-10 12:00:00.215348+00', '2025-11-10 12:00:00.215348+00', 0, '2025-11-10 12:00:00.215348+00'),
	('59a6abb7-7bf0-470c-8887-387e3e17b000', 'health_check', 'critical', 'No successful job execution in last 25 hours', '{"issues": ["No successful job execution in last 25 hours"], "overdue_loans": 5, "failed_jobs_24h": 0, "last_successful_run": null}', '2025-11-12 12:00:00.20448+00', '2025-11-12 12:00:00.20448+00', 0, '2025-11-12 12:00:00.20448+00'),
	('a6d8f123-6b67-42d3-8caa-de367cf02be5', 'health_check', 'critical', 'No successful job execution in last 25 hours', '{"issues": ["No successful job execution in last 25 hours"], "overdue_loans": 5, "failed_jobs_24h": 0, "last_successful_run": null}', '2025-11-14 12:00:00.184345+00', '2025-11-14 12:00:00.184345+00', 0, '2025-11-14 12:00:00.184345+00'),
	('8afe9d3d-d379-4ff9-9546-7a90868fd860', 'health_check', 'critical', 'No successful job execution in last 25 hours', '{"issues": ["No successful job execution in last 25 hours"], "overdue_loans": 5, "failed_jobs_24h": 0, "last_successful_run": null}', '2025-11-10 18:00:00.208728+00', '2025-11-10 18:00:00.208728+00', 0, '2025-11-10 18:00:00.208728+00'),
	('ee8d10a0-e272-48ad-928b-87698c4547ea', 'health_check', 'critical', 'No successful job execution in last 25 hours', '{"issues": ["No successful job execution in last 25 hours"], "overdue_loans": 5, "failed_jobs_24h": 0, "last_successful_run": null}', '2025-10-25 00:00:00.191956+00', '2025-10-25 00:00:00.191956+00', 0, '2025-10-25 00:00:00.191956+00'),
	('488320b6-2e93-482d-9ce0-b07d1adfc8c0', 'health_check', 'critical', 'No successful job execution in last 25 hours', '{"issues": ["No successful job execution in last 25 hours"], "overdue_loans": 5, "failed_jobs_24h": 0, "last_successful_run": null}', '2025-11-12 18:00:00.179979+00', '2025-11-12 18:00:00.179979+00', 0, '2025-11-12 18:00:00.179979+00'),
	('061b2c41-3558-412b-9a7c-ebe6026a6b22', 'health_check', 'critical', 'No successful job execution in last 25 hours', '{"issues": ["No successful job execution in last 25 hours"], "overdue_loans": 5, "failed_jobs_24h": 0, "last_successful_run": null}', '2025-10-27 12:00:00.173501+00', '2025-10-27 12:00:00.173501+00', 0, '2025-10-27 12:00:00.173501+00'),
	('adbac908-fb60-40ce-a78a-bebb48a00923', 'health_check', 'critical', 'No successful job execution in last 25 hours', '{"issues": ["No successful job execution in last 25 hours"], "overdue_loans": 5, "failed_jobs_24h": 0, "last_successful_run": null}', '2025-10-28 18:00:00.173174+00', '2025-10-28 18:00:00.173174+00', 0, '2025-10-28 18:00:00.173174+00'),
	('7a24876f-3e62-468b-9ad5-57723ec0e9f7', 'health_check', 'critical', 'No successful job execution in last 25 hours', '{"issues": ["No successful job execution in last 25 hours"], "overdue_loans": 5, "failed_jobs_24h": 0, "last_successful_run": null}', '2025-10-30 00:00:00.174862+00', '2025-10-30 00:00:00.174862+00', 0, '2025-10-30 00:00:00.174862+00'),
	('bdb18b3a-519a-49b9-8a86-cbe36b34bfb6', 'health_check', 'critical', 'No successful job execution in last 25 hours', '{"issues": ["No successful job execution in last 25 hours"], "overdue_loans": 5, "failed_jobs_24h": 0, "last_successful_run": null}', '2025-11-14 18:00:00.166345+00', '2025-11-14 18:00:00.166345+00', 0, '2025-11-14 18:00:00.166345+00'),
	('b25132ed-1403-42d4-873e-850fde97a315', 'health_check', 'critical', 'No successful job execution in last 25 hours', '{"issues": ["No successful job execution in last 25 hours"], "overdue_loans": 5, "failed_jobs_24h": 0, "last_successful_run": null}', '2025-11-01 12:00:00.165702+00', '2025-11-01 12:00:00.165702+00', 0, '2025-11-01 12:00:00.165702+00'),
	('9d4aa30b-c2d7-4bdf-8528-7d40723a1889', 'health_check', 'critical', 'No successful job execution in last 25 hours', '{"issues": ["No successful job execution in last 25 hours"], "overdue_loans": 5, "failed_jobs_24h": 0, "last_successful_run": null}', '2025-11-02 12:00:00.182676+00', '2025-11-02 12:00:00.182676+00', 0, '2025-11-02 12:00:00.182676+00'),
	('07e6445c-99aa-47b0-918e-5cb1f791850b', 'health_check', 'critical', 'No successful job execution in last 25 hours', '{"issues": ["No successful job execution in last 25 hours"], "overdue_loans": 5, "failed_jobs_24h": 0, "last_successful_run": null}', '2025-11-03 18:00:00.204803+00', '2025-11-03 18:00:00.204803+00', 0, '2025-11-03 18:00:00.204803+00'),
	('d50e8fd4-2551-46fa-856f-32b4b7ac179a', 'health_check', 'critical', 'No successful job execution in last 25 hours', '{"issues": ["No successful job execution in last 25 hours"], "overdue_loans": 5, "failed_jobs_24h": 0, "last_successful_run": null}', '2025-11-05 00:00:00.200584+00', '2025-11-05 00:00:00.200584+00', 0, '2025-11-05 00:00:00.200584+00'),
	('f7015bd0-6bd4-4540-9fe4-60a48a66a00d', 'health_check', 'critical', 'No successful job execution in last 25 hours', '{"issues": ["No successful job execution in last 25 hours"], "overdue_loans": 5, "failed_jobs_24h": 0, "last_successful_run": null}', '2025-11-16 12:00:00.184066+00', '2025-11-16 12:00:00.184066+00', 0, '2025-11-16 12:00:00.184066+00'),
	('e2866164-344c-418e-91ea-00bf3d6f4d64', 'health_check', 'critical', 'No successful job execution in last 25 hours', '{"issues": ["No successful job execution in last 25 hours"], "overdue_loans": 5, "failed_jobs_24h": 0, "last_successful_run": null}', '2025-11-07 12:00:00.187473+00', '2025-11-07 12:00:00.187473+00', 0, '2025-11-07 12:00:00.187473+00'),
	('20c8fdd5-0972-4847-9a04-6b863450ae1a', 'health_check', 'critical', 'No successful job execution in last 25 hours', '{"issues": ["No successful job execution in last 25 hours"], "overdue_loans": 5, "failed_jobs_24h": 0, "last_successful_run": null}', '2025-11-08 18:00:00.190882+00', '2025-11-08 18:00:00.190882+00', 0, '2025-11-08 18:00:00.190882+00'),
	('28c25747-f3ab-44ad-abcc-5453f44b68bc', 'health_check', 'critical', 'No successful job execution in last 25 hours', '{"issues": ["No successful job execution in last 25 hours"], "overdue_loans": 5, "failed_jobs_24h": 0, "last_successful_run": null}', '2025-11-18 12:00:00.161909+00', '2025-11-18 12:00:00.161909+00', 0, '2025-11-18 12:00:00.161909+00'),
	('9f1c5ce4-13ca-445e-9d52-4e9ed357796a', 'health_check', 'critical', 'No successful job execution in last 25 hours', '{"issues": ["No successful job execution in last 25 hours"], "overdue_loans": 5, "failed_jobs_24h": 0, "last_successful_run": null}', '2025-11-20 12:00:00.28819+00', '2025-11-20 12:00:00.28819+00', 0, '2025-11-20 12:00:00.28819+00'),
	('b49a15b7-1320-47ef-b661-b7da5be2192d', 'health_check', 'critical', 'No successful job execution in last 25 hours', '{"issues": ["No successful job execution in last 25 hours"], "overdue_loans": 5, "failed_jobs_24h": 0, "last_successful_run": null}', '2025-11-22 12:00:00.216806+00', '2025-11-22 12:00:00.216806+00', 0, '2025-11-22 12:00:00.216806+00'),
	('7ba38725-f57a-473a-98dd-64c1f4f40a07', 'health_check', 'critical', 'No successful job execution in last 25 hours', '{"issues": ["No successful job execution in last 25 hours"], "overdue_loans": 5, "failed_jobs_24h": 0, "last_successful_run": null}', '2025-10-25 06:00:00.190456+00', '2025-10-25 06:00:00.190456+00', 0, '2025-10-25 06:00:00.190456+00'),
	('0182234b-8282-4519-9163-101164ac3f9b', 'health_check', 'critical', 'No successful job execution in last 25 hours', '{"issues": ["No successful job execution in last 25 hours"], "overdue_loans": 5, "failed_jobs_24h": 0, "last_successful_run": null}', '2025-10-26 12:00:00.190135+00', '2025-10-26 12:00:00.190135+00', 0, '2025-10-26 12:00:00.190135+00'),
	('fec87531-cc68-40d7-a41d-d3913480e92d', 'health_check', 'critical', 'No successful job execution in last 25 hours', '{"issues": ["No successful job execution in last 25 hours"], "overdue_loans": 5, "failed_jobs_24h": 0, "last_successful_run": null}', '2025-10-27 18:00:00.171432+00', '2025-10-27 18:00:00.171432+00', 0, '2025-10-27 18:00:00.171432+00'),
	('a9e8a596-69d3-4be0-8679-a8774459b1a8', 'health_check', 'critical', 'No successful job execution in last 25 hours', '{"issues": ["No successful job execution in last 25 hours"], "overdue_loans": 5, "failed_jobs_24h": 0, "last_successful_run": null}', '2025-10-29 00:00:00.195094+00', '2025-10-29 00:00:00.195094+00', 0, '2025-10-29 00:00:00.195094+00'),
	('e41a5eba-3a64-4906-b793-d5e6cf9f4931', 'health_check', 'critical', 'No successful job execution in last 25 hours', '{"issues": ["No successful job execution in last 25 hours"], "overdue_loans": 5, "failed_jobs_24h": 0, "last_successful_run": null}', '2025-10-30 06:00:00.205478+00', '2025-10-30 06:00:00.205478+00', 0, '2025-10-30 06:00:00.205478+00'),
	('e8579300-9150-40e1-93ee-44b22fb4fb61', 'health_check', 'critical', 'No successful job execution in last 25 hours', '{"issues": ["No successful job execution in last 25 hours"], "overdue_loans": 5, "failed_jobs_24h": 0, "last_successful_run": null}', '2025-10-31 12:00:00.17944+00', '2025-10-31 12:00:00.17944+00', 0, '2025-10-31 12:00:00.17944+00'),
	('38ccd4a4-746e-450d-9b40-8d323ab187c3', 'health_check', 'critical', 'No successful job execution in last 25 hours', '{"issues": ["No successful job execution in last 25 hours"], "overdue_loans": 5, "failed_jobs_24h": 0, "last_successful_run": null}', '2025-11-01 18:00:00.171789+00', '2025-11-01 18:00:00.171789+00', 0, '2025-11-01 18:00:00.171789+00'),
	('49a70390-b271-444f-ab1d-47b3bb63f2ee', 'health_check', 'critical', 'No successful job execution in last 25 hours', '{"issues": ["No successful job execution in last 25 hours"], "overdue_loans": 5, "failed_jobs_24h": 0, "last_successful_run": null}', '2025-11-02 18:00:00.190508+00', '2025-11-02 18:00:00.190508+00', 0, '2025-11-02 18:00:00.190508+00'),
	('586ff46a-f34d-4b48-ac18-aba001331014', 'health_check', 'critical', 'No successful job execution in last 25 hours', '{"issues": ["No successful job execution in last 25 hours"], "overdue_loans": 5, "failed_jobs_24h": 0, "last_successful_run": null}', '2025-11-04 00:00:00.184213+00', '2025-11-04 00:00:00.184213+00', 0, '2025-11-04 00:00:00.184213+00'),
	('dee29ab7-834a-47b5-9406-a78f464dc7db', 'health_check', 'critical', 'No successful job execution in last 25 hours', '{"issues": ["No successful job execution in last 25 hours"], "overdue_loans": 5, "failed_jobs_24h": 0, "last_successful_run": null}', '2025-11-05 06:00:00.177723+00', '2025-11-05 06:00:00.177723+00', 0, '2025-11-05 06:00:00.177723+00'),
	('6423f3bd-f3c8-4061-be7c-1a2b66c35852', 'health_check', 'critical', 'No successful job execution in last 25 hours', '{"issues": ["No successful job execution in last 25 hours"], "overdue_loans": 5, "failed_jobs_24h": 0, "last_successful_run": null}', '2025-11-06 12:00:00.179914+00', '2025-11-06 12:00:00.179914+00', 0, '2025-11-06 12:00:00.179914+00'),
	('cdb7e958-d9da-40c9-9ab2-67b3c741932b', 'health_check', 'critical', 'No successful job execution in last 25 hours', '{"issues": ["No successful job execution in last 25 hours"], "overdue_loans": 5, "failed_jobs_24h": 0, "last_successful_run": null}', '2025-11-07 18:00:00.203524+00', '2025-11-07 18:00:00.203524+00', 0, '2025-11-07 18:00:00.203524+00'),
	('081f30cb-3ac0-45cb-93c9-ddb33c778421', 'health_check', 'critical', 'No successful job execution in last 25 hours', '{"issues": ["No successful job execution in last 25 hours"], "overdue_loans": 5, "failed_jobs_24h": 0, "last_successful_run": null}', '2025-11-09 00:00:00.19708+00', '2025-11-09 00:00:00.19708+00', 0, '2025-11-09 00:00:00.19708+00'),
	('179e300c-f1b3-4f49-b3e8-8f375dc353c2', 'health_check', 'critical', 'No successful job execution in last 25 hours', '{"issues": ["No successful job execution in last 25 hours"], "overdue_loans": 5, "failed_jobs_24h": 0, "last_successful_run": null}', '2025-11-11 00:00:00.167837+00', '2025-11-11 00:00:00.167837+00', 0, '2025-11-11 00:00:00.167837+00'),
	('fc414e66-cbb8-4fc7-bf4c-ab4b6ad88114', 'health_check', 'critical', 'No successful job execution in last 25 hours', '{"issues": ["No successful job execution in last 25 hours"], "overdue_loans": 5, "failed_jobs_24h": 0, "last_successful_run": null}', '2025-11-13 00:00:00.200581+00', '2025-11-13 00:00:00.200581+00', 0, '2025-11-13 00:00:00.200581+00'),
	('d86cd8a9-1440-4831-856b-34316e1a0882', 'health_check', 'critical', 'No successful job execution in last 25 hours', '{"issues": ["No successful job execution in last 25 hours"], "overdue_loans": 5, "failed_jobs_24h": 0, "last_successful_run": null}', '2025-11-15 00:00:00.159998+00', '2025-11-15 00:00:00.159998+00', 0, '2025-11-15 00:00:00.159998+00'),
	('e821cf43-c6f5-40ab-9e5e-642dfc723150', 'health_check', 'critical', 'No successful job execution in last 25 hours', '{"issues": ["No successful job execution in last 25 hours"], "overdue_loans": 5, "failed_jobs_24h": 0, "last_successful_run": null}', '2025-11-16 18:00:00.174541+00', '2025-11-16 18:00:00.174541+00', 0, '2025-11-16 18:00:00.174541+00'),
	('6f1c15e5-1c27-47d1-ae7e-b5cf1f0ffdce', 'health_check', 'critical', 'No successful job execution in last 25 hours', '{"issues": ["No successful job execution in last 25 hours"], "overdue_loans": 5, "failed_jobs_24h": 0, "last_successful_run": null}', '2025-11-18 18:00:00.165735+00', '2025-11-18 18:00:00.165735+00', 0, '2025-11-18 18:00:00.165735+00'),
	('e3d618fd-64db-419e-bd16-fef3551f9a16', 'health_check', 'critical', 'No successful job execution in last 25 hours', '{"issues": ["No successful job execution in last 25 hours"], "overdue_loans": 5, "failed_jobs_24h": 0, "last_successful_run": null}', '2025-11-20 18:00:00.235721+00', '2025-11-20 18:00:00.235721+00', 0, '2025-11-20 18:00:00.235721+00'),
	('dc60aaf4-c1a3-4df8-b331-f08adc635ef6', 'health_check', 'critical', 'No successful job execution in last 25 hours', '{"issues": ["No successful job execution in last 25 hours"], "overdue_loans": 5, "failed_jobs_24h": 0, "last_successful_run": null}', '2025-11-22 18:00:00.204297+00', '2025-11-22 18:00:00.204297+00', 0, '2025-11-22 18:00:00.204297+00');


--
-- Data for Name: investment_portfolios; Type: TABLE DATA; Schema: public; Owner: postgres
--

INSERT INTO "public"."investment_portfolios" ("id", "user_id", "name", "description", "target_amount", "target_date", "risk_level", "currency", "is_active", "color", "icon", "created_at", "updated_at") VALUES
	('bc124847-5904-404a-838a-9b3b2bc4667b', '0772beaf-9ccd-48e7-a178-f5312ab5e7e3', 'My growth portfolio', 'my growth portfolio for 1M BDT', 1000000.00, '2026-12-31', 'medium', 'BDT', true, '#10B981', 'chart', '2025-08-09 13:54:07.981465+00', '2025-08-09 13:54:07.981465+00'),
	('759f6f89-5f78-41d8-be67-83a9142a87c9', '0772beaf-9ccd-48e7-a178-f5312ab5e7e3', 'test portfolio 2', 'test', 26000.00, NULL, 'medium', 'BDT', false, '#F59E0B', 'chart', '2025-08-12 17:13:05.922407+00', '2025-08-13 14:59:38.874436+00'),
	('9bb60203-f3b8-4d66-a2a7-fbd3f6a99664', '0772beaf-9ccd-48e7-a178-f5312ab5e7e3', 'Retirement Fund', NULL, 250000.00, '2046-12-31', 'medium', 'BDT', true, '#F59E0B', 'briefcase', '2025-08-10 17:28:02.715878+00', '2025-08-24 15:59:09.576943+00');


--
-- Data for Name: investments; Type: TABLE DATA; Schema: public; Owner: postgres
--

INSERT INTO "public"."investments" ("id", "user_id", "portfolio_id", "name", "symbol", "type", "status", "total_units", "average_cost", "current_price", "total_invested", "current_value", "platform", "account_number", "folio_number", "maturity_date", "interest_rate", "currency", "exchange", "tags", "notes", "documents", "metadata", "gain_loss", "gain_loss_percentage", "dividend_earned", "purchase_date", "created_at", "updated_at") VALUES
	('319e82c5-cf0b-4f83-9a4b-182a8a0b5705', '0772beaf-9ccd-48e7-a178-f5312ab5e7e3', 'bc124847-5904-404a-838a-9b3b2bc4667b', 'Grameen Phone', 'GP', 'stock', 'active', 15.5763, 321.00, 321.00, 4999.99, 4999.99, NULL, NULL, NULL, NULL, NULL, 'BDT', NULL, '{}', '', NULL, '{"target_amount": 5000}', 0.00, 0.0000, 0.00, '2025-08-10', '2025-08-10 04:57:13.945668+00', '2025-08-10 04:57:14.160127+00'),
	('7dab6f61-bb64-44a8-a3d0-122633a63410', '0772beaf-9ccd-48e7-a178-f5312ab5e7e3', 'bc124847-5904-404a-838a-9b3b2bc4667b', 'Intraco Investment', 'INTRACO', 'stock', 'active', 236.9668, 21.10, 20.60, 5000.00, 4881.52, NULL, NULL, NULL, NULL, NULL, 'BDT', NULL, '{Income,Growth}', NULL, NULL, '{"risk_level": "medium", "target_amount": 5900}', -118.48, -2.3696, 0.00, '2025-07-31', '2025-08-17 04:52:27.342666+00', '2025-08-17 04:52:58.385088+00'),
	('1dd109ec-065f-49d9-aa1b-ce689ab4e630', '0772beaf-9ccd-48e7-a178-f5312ab5e7e3', 'bc124847-5904-404a-838a-9b3b2bc4667b', 'Apple', 'Aapl', 'sip', 'active', 0.9842, 569.00, 569.00, 560.01, 560.01, NULL, NULL, NULL, NULL, NULL, 'BDT', NULL, '{Income,Growth,"Emergency Fund"}', NULL, NULL, '{"risk_level": "medium", "target_amount": 666}', 0.00, 0.0000, 0.00, '2025-01-01', '2025-08-24 11:46:47.362604+00', '2025-08-24 17:35:28.821718+00'),
	('2d35a44e-3746-4025-af5a-4b148bb32b74', '0772beaf-9ccd-48e7-a178-f5312ab5e7e3', 'bc124847-5904-404a-838a-9b3b2bc4667b', 'Dragon Swater', 'DSSL', 'stock', 'active', 260.8696, 23.00, 23.00, 6000.00, 6000.00, 'Shanta', NULL, '27576', '2025-12-31', NULL, 'BDT', 'DSE', '{Growth,Income}', '', NULL, '{"target_amount": 8000}', 0.00, 0.0000, 0.00, '2025-08-10', '2025-08-10 07:00:31.033571+00', '2025-08-10 07:17:53.556801+00'),
	('9c1a9a56-53f8-4736-bb52-fe0516c1794d', '0772beaf-9ccd-48e7-a178-f5312ab5e7e3', 'bc124847-5904-404a-838a-9b3b2bc4667b', 'IFIC bank', 'IFIC', 'stock', 'active', 1428.5714, 7.00, 7.00, 10000.00, 10000.00, NULL, NULL, '27576', NULL, NULL, 'BDT', NULL, '{}', '', NULL, '{"target_amount": 10000}', 0.00, 0.0000, 0.00, '2025-08-09', '2025-08-09 18:56:51.34398+00', '2025-08-10 08:37:57.449455+00'),
	('1573bbac-2a1b-438f-893c-b8c00408cebb', '0772beaf-9ccd-48e7-a178-f5312ab5e7e3', 'bc124847-5904-404a-838a-9b3b2bc4667b', 'HR Textile', 'HRTEX', 'stock', 'active', 769.2308, 26.00, 27.00, 20000.00, 20769.23, NULL, NULL, '27576', NULL, NULL, 'BDT', NULL, '{Income,Growth}', 'update', NULL, '{"target_amount": 20000}', 769.23, 3.8462, 0.00, '2025-08-10', '2025-08-10 06:09:56.556101+00', '2025-08-10 16:42:20.564871+00'),
	('5cfa84b1-1bb8-4b2e-8018-d61e63dedf37', '0772beaf-9ccd-48e7-a178-f5312ab5e7e3', 'bc124847-5904-404a-838a-9b3b2bc4667b', 'Paramount textile', 'PTL', 'stock', 'active', 200.0000, 50.00, 45.00, 10000.00, 9000.00, NULL, NULL, NULL, '2025-12-03', NULL, 'BDT', NULL, '{Income,Growth}', '', NULL, '{"target_amount": 11000}', -1000.00, -10.0000, 0.00, '2025-08-10', '2025-08-10 17:26:34.081712+00', '2025-08-10 17:38:17.244012+00'),
	('960dc0a6-e350-4fa7-b6e3-36f1ca6c4d97', '0772beaf-9ccd-48e7-a178-f5312ab5e7e3', 'bc124847-5904-404a-838a-9b3b2bc4667b', 'squarepharma investment', 'squarepharma', 'stock', 'active', 21.4953, 321.00, 328.00, 6899.99, 7050.46, 'Shanta securities', NULL, '27576', NULL, NULL, 'BDT', 'dse', '{Income,Growth}', NULL, NULL, '{"risk_level": "low", "target_amount": 8000}', 150.47, 2.1807, 0.00, '2025-01-08', '2025-08-12 17:08:31.222343+00', '2025-08-12 17:09:52.909399+00');


--
-- Data for Name: subcategories; Type: TABLE DATA; Schema: public; Owner: postgres
--

INSERT INTO "public"."subcategories" ("id", "category_id", "name", "description", "icon", "color", "is_active", "sort_order", "created_at", "updated_at") VALUES
	('5af71421-8088-4d2e-bb2b-a3091446c02f', 'f852281a-b478-4193-a9d9-b0836aedf17d', 'Monthly Salary', NULL, 'calendar', '#10B981', true, 1, '2025-08-07 05:49:26.637856+00', '2025-08-07 05:49:26.637856+00'),
	('7f18ef5f-b342-4474-81ac-806b52b7cd8c', 'f852281a-b478-4193-a9d9-b0836aedf17d', 'Bonus', NULL, 'star', '#10B981', true, 2, '2025-08-07 05:49:26.637856+00', '2025-08-07 05:49:26.637856+00'),
	('0eb9d382-f73b-4720-985f-6de8ab55746a', 'f852281a-b478-4193-a9d9-b0836aedf17d', 'Overtime', NULL, 'clock', '#10B981', true, 3, '2025-08-07 05:49:26.637856+00', '2025-08-07 05:49:26.637856+00'),
	('7281349b-5509-46e3-a9a9-f8594014855e', 'f852281a-b478-4193-a9d9-b0836aedf17d', 'Festival Bonus', NULL, 'gift', '#10B981', true, 4, '2025-08-07 05:49:26.637856+00', '2025-08-07 05:49:26.637856+00'),
	('9168293c-823b-48ee-8fae-61afa3638288', 'f852281a-b478-4193-a9d9-b0836aedf17d', 'Commission', NULL, 'percent', '#10B981', true, 5, '2025-08-07 05:49:26.637856+00', '2025-08-07 05:49:26.637856+00'),
	('fa55ec75-0a84-4475-8672-37188c2a42e0', 'becdaa39-b7ca-444e-b432-e6bba1d5e95d', 'Client Projects', NULL, 'briefcase', '#3B82F6', true, 1, '2025-08-07 05:49:26.637856+00', '2025-08-07 05:49:26.637856+00'),
	('878b2952-2549-4951-9120-28abf3eca1ab', 'becdaa39-b7ca-444e-b432-e6bba1d5e95d', 'Consulting', NULL, 'users', '#3B82F6', true, 2, '2025-08-07 05:49:26.637856+00', '2025-08-07 05:49:26.637856+00'),
	('3a2292b4-31cf-454c-b2a5-95b6e141feef', 'becdaa39-b7ca-444e-b432-e6bba1d5e95d', 'Online Sales', NULL, 'shopping-cart', '#3B82F6', true, 3, '2025-08-07 05:49:26.637856+00', '2025-08-07 05:49:26.637856+00'),
	('100b6869-0087-442b-8d53-abdbe266910c', 'becdaa39-b7ca-444e-b432-e6bba1d5e95d', 'Business Profit', NULL, 'trending-up', '#3B82F6', true, 4, '2025-08-07 05:49:26.637856+00', '2025-08-07 05:49:26.637856+00'),
	('ddec03b2-146e-4045-9f62-2ad3dc5c3fbb', 'becdaa39-b7ca-444e-b432-e6bba1d5e95d', 'Partnership Income', NULL, 'handshake', '#3B82F6', true, 5, '2025-08-07 05:49:26.637856+00', '2025-08-07 05:49:26.637856+00'),
	('a62b14d4-8840-438f-b535-5d364da21d32', 'c2060d01-3bf4-4987-beb7-dd94664ac3bd', 'Bank Interest', NULL, 'banknote', '#8B5CF6', true, 1, '2025-08-07 05:49:26.637856+00', '2025-08-07 05:49:26.637856+00'),
	('d57eb2b6-984a-4166-9416-195daf4ed68f', 'c2060d01-3bf4-4987-beb7-dd94664ac3bd', 'Stock Dividends', NULL, 'trending-up', '#8B5CF6', true, 2, '2025-08-07 05:49:26.637856+00', '2025-08-07 05:49:26.637856+00'),
	('cffa63e2-64e9-47cb-a878-af8ea37624c6', 'c2060d01-3bf4-4987-beb7-dd94664ac3bd', 'Capital Gains', NULL, 'bar-chart', '#8B5CF6', true, 3, '2025-08-07 05:49:26.637856+00', '2025-08-07 05:49:26.637856+00'),
	('ba2a0dda-16c7-463e-a7ef-326a2742bf3c', 'c2060d01-3bf4-4987-beb7-dd94664ac3bd', 'DPS (Deposit Pension Scheme)', NULL, 'piggy-bank', '#8B5CF6', true, 4, '2025-08-07 05:49:26.637856+00', '2025-08-07 05:49:26.637856+00'),
	('e7bf0e41-f9b6-4a10-afce-5aa745ca8333', 'c2060d01-3bf4-4987-beb7-dd94664ac3bd', 'Shanchay Potro (Savings Certificate)', NULL, 'certificate', '#8B5CF6', true, 5, '2025-08-07 05:49:26.637856+00', '2025-08-07 05:49:26.637856+00'),
	('30dcb205-0198-4ee1-9658-db7d5d3e6a41', 'c2060d01-3bf4-4987-beb7-dd94664ac3bd', 'Mutual Fund Returns', NULL, 'pie-chart', '#8B5CF6', true, 6, '2025-08-07 05:49:26.637856+00', '2025-08-07 05:49:26.637856+00'),
	('cc06e69a-a6ea-4208-aa58-33174a9c4070', 'c2060d01-3bf4-4987-beb7-dd94664ac3bd', 'Bond Interest', NULL, 'scroll', '#8B5CF6', true, 7, '2025-08-07 05:49:26.637856+00', '2025-08-07 05:49:26.637856+00'),
	('5b6ecd74-78da-4d6b-8864-9602b387fe70', 'c2060d01-3bf4-4987-beb7-dd94664ac3bd', 'Fixed Deposit (FDR)', NULL, 'lock', '#8B5CF6', true, 8, '2025-08-07 05:49:26.637856+00', '2025-08-07 05:49:26.637856+00'),
	('cf505ba0-3563-4789-b988-0493abc2d7a8', 'f50e297b-8f1b-4e70-a0bf-9d0d3f5127cc', 'House Rent', NULL, 'home', '#84CC16', true, 1, '2025-08-07 05:49:26.637856+00', '2025-08-07 05:49:26.637856+00'),
	('50c3aa30-5233-48ee-9ab9-9cc5284a5b60', 'f50e297b-8f1b-4e70-a0bf-9d0d3f5127cc', 'Shop Rent', NULL, 'store', '#84CC16', true, 2, '2025-08-07 05:49:26.637856+00', '2025-08-07 05:49:26.637856+00'),
	('f795eca3-accb-4c92-af27-b4c1a6a666c3', 'f50e297b-8f1b-4e70-a0bf-9d0d3f5127cc', 'Land Rent', NULL, 'map', '#84CC16', true, 3, '2025-08-07 05:49:26.637856+00', '2025-08-07 05:49:26.637856+00'),
	('60aca7fb-92d3-4ca6-af44-39f57e1ffb56', 'f50e297b-8f1b-4e70-a0bf-9d0d3f5127cc', 'Vehicle Rent', NULL, 'car', '#84CC16', true, 4, '2025-08-07 05:49:26.637856+00', '2025-08-07 05:49:26.637856+00'),
	('e07bef12-f9da-47c7-a0af-c6680c495305', 'f12c441a-85e8-4f3f-97b2-a186ac6cc684', 'Cash Gifts', NULL, 'gift', '#F59E0B', true, 1, '2025-08-07 05:49:26.637856+00', '2025-08-07 05:49:26.637856+00'),
	('62a77cb5-9f8a-4b2f-b1df-f435b469bbf0', 'f12c441a-85e8-4f3f-97b2-a186ac6cc684', 'Refunds', NULL, 'rotate-ccw', '#F59E0B', true, 2, '2025-08-07 05:49:26.637856+00', '2025-08-07 05:49:26.637856+00'),
	('ebe7aa49-ae04-48d4-bc2f-99f923d91d92', 'f12c441a-85e8-4f3f-97b2-a186ac6cc684', 'Prize Money', NULL, 'award', '#F59E0B', true, 3, '2025-08-07 05:49:26.637856+00', '2025-08-07 05:49:26.637856+00'),
	('1901b92b-59de-4b4f-9767-161f74db0d38', 'f12c441a-85e8-4f3f-97b2-a186ac6cc684', 'Insurance Claims', NULL, 'shield-check', '#F59E0B', true, 4, '2025-08-07 05:49:26.637856+00', '2025-08-07 05:49:26.637856+00'),
	('36f49a85-6c18-495a-ae85-7d0a79c485e1', 'f12c441a-85e8-4f3f-97b2-a186ac6cc684', 'Tax Refund', NULL, 'receipt', '#F59E0B', true, 5, '2025-08-07 05:49:26.637856+00', '2025-08-07 05:49:26.637856+00'),
	('6269ad10-a3e9-4e9d-8406-df778198be37', '7c60db21-9596-4626-97b1-6ca9b0df50ba', 'House Rent', NULL, 'home', '#EF4444', true, 1, '2025-08-07 05:49:26.637856+00', '2025-08-07 05:49:26.637856+00'),
	('df4013e8-e791-4f90-b8c6-2acf285e052d', '7c60db21-9596-4626-97b1-6ca9b0df50ba', 'Flat Rent', NULL, 'building', '#EF4444', true, 2, '2025-08-07 05:49:26.637856+00', '2025-08-07 05:49:26.637856+00'),
	('4a5824f3-6702-4085-8f25-41507001eb8f', '7c60db21-9596-4626-97b1-6ca9b0df50ba', 'Mortgage Payment', NULL, 'key', '#EF4444', true, 3, '2025-08-07 05:49:26.637856+00', '2025-08-07 05:49:26.637856+00'),
	('ec05a841-2c77-4877-859f-8d226bb3424d', '7c60db21-9596-4626-97b1-6ca9b0df50ba', 'Service Charge', NULL, 'settings', '#EF4444', true, 4, '2025-08-07 05:49:26.637856+00', '2025-08-07 05:49:26.637856+00'),
	('6f0f3946-7b30-4c10-9820-fd227fae9bcb', '7c60db21-9596-4626-97b1-6ca9b0df50ba', 'Security Guard', NULL, 'shield', '#EF4444', true, 5, '2025-08-07 05:49:26.637856+00', '2025-08-07 05:49:26.637856+00'),
	('2c8dc858-efc4-4025-b1fa-21c9662a6da3', '7c60db21-9596-4626-97b1-6ca9b0df50ba', 'Maid/Housekeeper', NULL, 'user', '#EF4444', true, 6, '2025-08-07 05:49:26.637856+00', '2025-08-07 05:49:26.637856+00'),
	('7cbde7fc-af09-43ae-822b-5d6929e9fcd8', '7c60db21-9596-4626-97b1-6ca9b0df50ba', 'Cleaner', NULL, 'brush', '#EF4444', true, 7, '2025-08-07 05:49:26.637856+00', '2025-08-07 05:49:26.637856+00'),
	('f3265e9e-ff54-4bd6-9c45-62b92b70efab', '7c60db21-9596-4626-97b1-6ca9b0df50ba', 'Property Tax', NULL, 'receipt', '#EF4444', true, 8, '2025-08-07 05:49:26.637856+00', '2025-08-07 05:49:26.637856+00'),
	('b906ea5a-ee71-4c53-81e5-2f1d282fdae3', '7c60db21-9596-4626-97b1-6ca9b0df50ba', 'Home Insurance', NULL, 'shield-check', '#EF4444', true, 9, '2025-08-07 05:49:26.637856+00', '2025-08-07 05:49:26.637856+00'),
	('c2eb0ea9-db29-4b3a-b5ac-16a89fef0172', '7c60db21-9596-4626-97b1-6ca9b0df50ba', 'Generator Bill', NULL, 'battery', '#EF4444', true, 10, '2025-08-07 05:49:26.637856+00', '2025-08-07 05:49:26.637856+00'),
	('2a28cf26-0de2-460e-88bc-68b4db0feb51', '8967c314-3b53-40fb-9eb3-f3a36740ae97', 'Electricity Bill', NULL, 'zap', '#F97316', true, 1, '2025-08-07 05:49:26.637856+00', '2025-08-07 05:49:26.637856+00'),
	('cdbee715-e923-4f0d-8b00-f2a3ab3d98ab', '8967c314-3b53-40fb-9eb3-f3a36740ae97', 'Gas Bill', NULL, 'flame', '#F97316', true, 2, '2025-08-07 05:49:26.637856+00', '2025-08-07 05:49:26.637856+00'),
	('ac4349a0-a240-4735-ad38-430f3e47c4b9', '8967c314-3b53-40fb-9eb3-f3a36740ae97', 'Water Bill', NULL, 'droplets', '#F97316', true, 3, '2025-08-07 05:49:26.637856+00', '2025-08-07 05:49:26.637856+00'),
	('b1fbe3db-7910-4fea-b6f9-7036de0ad41e', '8967c314-3b53-40fb-9eb3-f3a36740ae97', 'Internet Bill', NULL, 'wifi', '#F97316', true, 4, '2025-08-07 05:49:26.637856+00', '2025-08-07 05:49:26.637856+00'),
	('3e422df1-dbff-44dd-a5b5-e1de62e45684', '8967c314-3b53-40fb-9eb3-f3a36740ae97', 'Phone Bill', NULL, 'phone', '#F97316', true, 5, '2025-08-07 05:49:26.637856+00', '2025-08-07 05:49:26.637856+00'),
	('101895ae-5681-4053-a79d-691377e27165', '8967c314-3b53-40fb-9eb3-f3a36740ae97', 'Cable/TV Bill', NULL, 'tv', '#F97316', true, 6, '2025-08-07 05:49:26.637856+00', '2025-08-07 05:49:26.637856+00'),
	('6a0e1f29-9a3d-4ae8-a412-b75e375ef5c1', '8967c314-3b53-40fb-9eb3-f3a36740ae97', 'Dish/Satellite TV', NULL, 'radio', '#F97316', true, 7, '2025-08-07 05:49:26.637856+00', '2025-08-07 05:49:26.637856+00'),
	('11ed6f20-1993-441a-bec2-f0c3944b93b5', '2c591da6-9f0a-402e-8736-e2b390b6f278', 'Groceries', NULL, 'shopping-cart', '#10B981', true, 1, '2025-08-07 05:49:26.637856+00', '2025-08-07 05:49:26.637856+00'),
	('cc6b04bf-32c6-4142-beb9-2d9f5e9a3c78', '2c591da6-9f0a-402e-8736-e2b390b6f278', 'Restaurant', NULL, 'utensils', '#10B981', true, 2, '2025-08-07 05:49:26.637856+00', '2025-08-07 05:49:26.637856+00'),
	('fd34831c-490d-4e08-b49e-480a037bc2d4', '2c591da6-9f0a-402e-8736-e2b390b6f278', 'Fast Food', NULL, 'truck', '#10B981', true, 3, '2025-08-07 05:49:26.637856+00', '2025-08-07 05:49:26.637856+00'),
	('57f907f4-7d3c-4b3a-875f-94d807c3fd42', '2c591da6-9f0a-402e-8736-e2b390b6f278', 'Coffee & Tea', NULL, 'coffee', '#10B981', true, 4, '2025-08-07 05:49:26.637856+00', '2025-08-07 05:49:26.637856+00'),
	('314c0903-1b9f-4947-9aac-00d3ea3e46e6', '2c591da6-9f0a-402e-8736-e2b390b6f278', 'Food Delivery', NULL, 'bike', '#10B981', true, 5, '2025-08-07 05:49:26.637856+00', '2025-08-07 05:49:26.637856+00'),
	('f64c29dc-d53d-4944-8e14-a94049c8d8c7', '2c591da6-9f0a-402e-8736-e2b390b6f278', 'Snacks & Beverages', NULL, 'cookie', '#10B981', true, 6, '2025-08-07 05:49:26.637856+00', '2025-08-07 05:49:26.637856+00'),
	('c29fc20f-f7d6-443d-a23e-9a52f2241322', '2c591da6-9f0a-402e-8736-e2b390b6f278', 'Meat & Fish', NULL, 'fish', '#10B981', true, 7, '2025-08-07 05:49:26.637856+00', '2025-08-07 05:49:26.637856+00'),
	('8e3383dd-254e-4d85-b852-01bca6574b21', '2c591da6-9f0a-402e-8736-e2b390b6f278', 'Fruits & Vegetables', NULL, 'apple', '#10B981', true, 8, '2025-08-07 05:49:26.637856+00', '2025-08-07 05:49:26.637856+00'),
	('0996b5eb-bcd2-4ea1-80e1-5f01afd49e22', 'a47aa26d-b298-416b-849e-8615c342539a', 'Fuel/Petrol/CNG', NULL, 'fuel', '#3B82F6', true, 1, '2025-08-07 05:49:26.637856+00', '2025-08-07 05:49:26.637856+00'),
	('4cf37aad-371f-4441-afe8-b4a61cef4268', 'a47aa26d-b298-416b-849e-8615c342539a', 'Public Transport', NULL, 'bus', '#3B82F6', true, 2, '2025-08-07 05:49:26.637856+00', '2025-08-07 05:49:26.637856+00'),
	('9392d53e-da3f-4bd6-a187-6aad34ccd31c', 'a47aa26d-b298-416b-849e-8615c342539a', 'Taxi/Uber/Pathao', NULL, 'car', '#3B82F6', true, 3, '2025-08-07 05:49:26.637856+00', '2025-08-07 05:49:26.637856+00'),
	('712c74c2-17d5-4911-8343-38c98e5e23e9', 'a47aa26d-b298-416b-849e-8615c342539a', 'Rickshaw/Auto', NULL, 'bike', '#3B82F6', true, 4, '2025-08-07 05:49:26.637856+00', '2025-08-07 05:49:26.637856+00'),
	('fe27dab0-711f-4d49-a5e4-25b56bff9b83', 'a47aa26d-b298-416b-849e-8615c342539a', 'Vehicle Maintenance', NULL, 'settings', '#3B82F6', true, 5, '2025-08-07 05:49:26.637856+00', '2025-08-07 05:49:26.637856+00'),
	('770fcac1-d75b-40c3-9e1b-9b6b1aaf0661', 'a47aa26d-b298-416b-849e-8615c342539a', 'Parking', NULL, 'square', '#3B82F6', true, 6, '2025-08-07 05:49:26.637856+00', '2025-08-07 05:49:26.637856+00'),
	('ddfb78ec-cad2-4bd5-8629-71bfbc455869', 'a47aa26d-b298-416b-849e-8615c342539a', 'Tolls', NULL, 'road', '#3B82F6', true, 7, '2025-08-07 05:49:26.637856+00', '2025-08-07 05:49:26.637856+00'),
	('c74320b7-5b7b-4cd7-9c6b-2e93069a17f4', 'a47aa26d-b298-416b-849e-8615c342539a', 'Vehicle Insurance', NULL, 'shield-check', '#3B82F6', true, 8, '2025-08-07 05:49:26.637856+00', '2025-08-07 05:49:26.637856+00'),
	('3f08aa74-8b57-451b-9056-b8346328618a', 'a47aa26d-b298-416b-849e-8615c342539a', 'Registration/License', NULL, 'id-card', '#3B82F6', true, 9, '2025-08-07 05:49:26.637856+00', '2025-08-07 05:49:26.637856+00'),
	('066c3103-2c7e-4b59-b6ba-e8b48e94c994', 'bc56c96e-9439-4e8d-8a2f-e2de79bb9e3b', 'Clothing & Fashion', NULL, 'shirt', '#A855F7', true, 1, '2025-08-07 05:49:26.637856+00', '2025-08-07 05:49:26.637856+00'),
	('c1e8fcc6-5d58-4a0c-8143-da25c250f4be', 'bc56c96e-9439-4e8d-8a2f-e2de79bb9e3b', 'Electronics & Gadgets', NULL, 'smartphone', '#A855F7', true, 2, '2025-08-07 05:49:26.637856+00', '2025-08-07 05:49:26.637856+00'),
	('c8835afc-d7b6-4567-87a3-1e7bd61d7963', 'bc56c96e-9439-4e8d-8a2f-e2de79bb9e3b', 'Home & Garden', NULL, 'home', '#A855F7', true, 3, '2025-08-07 05:49:26.637856+00', '2025-08-07 05:49:26.637856+00'),
	('848c6563-9131-4f30-ba6c-2711902d11e3', 'bc56c96e-9439-4e8d-8a2f-e2de79bb9e3b', 'Books & Stationery', NULL, 'book', '#A855F7', true, 4, '2025-08-07 05:49:26.637856+00', '2025-08-07 05:49:26.637856+00'),
	('7626df29-d953-41fd-88b2-1d82495e7f70', 'bc56c96e-9439-4e8d-8a2f-e2de79bb9e3b', 'Gifts & Occasions', NULL, 'gift', '#A855F7', true, 5, '2025-08-07 05:49:26.637856+00', '2025-08-07 05:49:26.637856+00'),
	('7689b1a0-d784-42d7-8a68-b6bee988db48', 'bc56c96e-9439-4e8d-8a2f-e2de79bb9e3b', 'Online Shopping', NULL, 'shopping-bag', '#A855F7', true, 6, '2025-08-07 05:49:26.637856+00', '2025-08-07 05:49:26.637856+00'),
	('eda89b09-2179-4214-8450-89629e2dae65', 'bc56c96e-9439-4e8d-8a2f-e2de79bb9e3b', 'Furniture', NULL, 'sofa', '#A855F7', true, 7, '2025-08-07 05:49:26.637856+00', '2025-08-07 05:49:26.637856+00'),
	('985bdf01-ccc4-443b-a2d0-dda9cae798d8', 'bc56c96e-9439-4e8d-8a2f-e2de79bb9e3b', 'Sports Equipment', NULL, 'dumbbell', '#A855F7', true, 8, '2025-08-07 05:49:26.637856+00', '2025-08-07 05:49:26.637856+00'),
	('2ae524c6-314a-4d7f-9462-7e0b878ac349', '8959bea1-10bb-477f-8598-385bd7edc0ba', 'Movies & Cinema', NULL, 'film', '#14B8A6', true, 1, '2025-08-07 05:49:26.637856+00', '2025-08-07 05:49:26.637856+00'),
	('8c8eeb7b-1bba-49c4-b1bb-497779016adc', '8959bea1-10bb-477f-8598-385bd7edc0ba', 'Games & Gaming', NULL, 'gamepad-2', '#14B8A6', true, 2, '2025-08-07 05:49:26.637856+00', '2025-08-07 05:49:26.637856+00'),
	('b9c84666-1d01-42a3-b3de-b4ce68b1ada0', '8959bea1-10bb-477f-8598-385bd7edc0ba', 'Sports Events', NULL, 'trophy', '#14B8A6', true, 3, '2025-08-07 05:49:26.637856+00', '2025-08-07 05:49:26.637856+00'),
	('1a5ca2c8-2d9b-480b-b617-0586b670a242', '8959bea1-10bb-477f-8598-385bd7edc0ba', 'Music & Streaming', NULL, 'music', '#14B8A6', true, 4, '2025-08-07 05:49:26.637856+00', '2025-08-07 05:49:26.637856+00'),
	('18fda112-ede8-4c3c-9197-3534b6271673', '8959bea1-10bb-477f-8598-385bd7edc0ba', 'Concerts & Events', NULL, 'calendar', '#14B8A6', true, 5, '2025-08-07 05:49:26.637856+00', '2025-08-07 05:49:26.637856+00'),
	('10f61b80-d903-432a-b986-53fa1ba37ffa', '8959bea1-10bb-477f-8598-385bd7edc0ba', 'Hobbies & Crafts', NULL, 'palette', '#14B8A6', true, 6, '2025-08-07 05:49:26.637856+00', '2025-08-07 05:49:26.637856+00'),
	('87dc6135-a28a-4c63-bfab-ac43dab035db', '8959bea1-10bb-477f-8598-385bd7edc0ba', 'Books & Magazines', NULL, 'book-open', '#14B8A6', true, 7, '2025-08-07 05:49:26.637856+00', '2025-08-07 05:49:26.637856+00'),
	('59882099-8ac9-4ca2-abbf-b4b96492cc2c', '8959bea1-10bb-477f-8598-385bd7edc0ba', 'Subscription Services', NULL, 'monitor', '#14B8A6', true, 8, '2025-08-07 05:49:26.637856+00', '2025-08-07 05:49:26.637856+00'),
	('6e8ff9e8-7556-4d34-a9c1-cc97ca3c87a3', '6b1923e4-0937-4a38-a470-d339c27db66a', 'Doctor Visits', NULL, 'stethoscope', '#EC4899', true, 1, '2025-08-07 05:49:26.637856+00', '2025-08-07 05:49:26.637856+00'),
	('ca28642a-85fc-4a98-b8c7-336be2f1ec93', '6b1923e4-0937-4a38-a470-d339c27db66a', 'Pharmacy/Medicine', NULL, 'pill', '#EC4899', true, 2, '2025-08-07 05:49:26.637856+00', '2025-08-07 05:49:26.637856+00'),
	('d161905c-9222-4f21-a499-e51386e79e3b', '6b1923e4-0937-4a38-a470-d339c27db66a', 'Hospital Bills', NULL, 'building-2', '#EC4899', true, 3, '2025-08-07 05:49:26.637856+00', '2025-08-07 05:49:26.637856+00'),
	('5498f3d9-dc3f-4b66-854e-cbb365bdbb91', '6b1923e4-0937-4a38-a470-d339c27db66a', 'Dental Care', NULL, 'smile', '#EC4899', true, 4, '2025-08-07 05:49:26.637856+00', '2025-08-07 05:49:26.637856+00'),
	('864b79fe-03b1-441b-ae69-418226046d06', '6b1923e4-0937-4a38-a470-d339c27db66a', 'Eye Care', NULL, 'eye', '#EC4899', true, 5, '2025-08-07 05:49:26.637856+00', '2025-08-07 05:49:26.637856+00'),
	('83156715-7554-4e1e-83ab-4539c4af9f5c', '6b1923e4-0937-4a38-a470-d339c27db66a', 'Lab Tests & X-ray', NULL, 'test-tube', '#EC4899', true, 6, '2025-08-07 05:49:26.637856+00', '2025-08-07 05:49:26.637856+00'),
	('e410adec-133b-4f22-9a47-4490984973d1', '6b1923e4-0937-4a38-a470-d339c27db66a', 'Vaccination', NULL, 'syringe', '#EC4899', true, 7, '2025-08-07 05:49:26.637856+00', '2025-08-07 05:49:26.637856+00'),
	('7b2663db-0d37-437a-84fe-3a2cc353698e', '6b1923e4-0937-4a38-a470-d339c27db66a', 'Mental Health', NULL, 'brain', '#EC4899', true, 8, '2025-08-07 05:49:26.637856+00', '2025-08-07 05:49:26.637856+00'),
	('7108a173-0d2d-44f5-bc81-bd0896531b13', '6b1923e4-0937-4a38-a470-d339c27db66a', 'Physiotherapy', NULL, 'activity', '#EC4899', true, 9, '2025-08-07 05:49:26.637856+00', '2025-08-07 05:49:26.637856+00'),
	('3f56b75d-9814-436b-ab83-1fcc21a0a1b0', '38d959af-046b-4850-91ab-a6f5b953a154', 'Tuition Fees', NULL, 'graduation-cap', '#06B6D4', true, 1, '2025-08-07 05:49:26.637856+00', '2025-08-07 05:49:26.637856+00'),
	('78f5b6c6-64c7-48e9-81b3-e427000254c3', '38d959af-046b-4850-91ab-a6f5b953a154', 'Books & Materials', NULL, 'book-open', '#06B6D4', true, 2, '2025-08-07 05:49:26.637856+00', '2025-08-07 05:49:26.637856+00'),
	('5ffb6b0a-22b0-4b4c-a564-b3bc1ac4caf7', '38d959af-046b-4850-91ab-a6f5b953a154', 'School/College Fees', NULL, 'school', '#06B6D4', true, 3, '2025-08-07 05:49:26.637856+00', '2025-08-07 05:49:26.637856+00'),
	('b817a2c6-4939-417e-92c5-9eeefa7175ca', '38d959af-046b-4850-91ab-a6f5b953a154', 'Private Tutoring', NULL, 'user-check', '#06B6D4', true, 4, '2025-08-07 05:49:26.637856+00', '2025-08-07 05:49:26.637856+00'),
	('c31f630e-24b1-41d6-8db1-7d4945b2fc5f', '38d959af-046b-4850-91ab-a6f5b953a154', 'Online Courses', NULL, 'monitor', '#06B6D4', true, 5, '2025-08-07 05:49:26.637856+00', '2025-08-07 05:49:26.637856+00'),
	('f2d3801a-e87b-4e90-887e-9c30cc05e6d7', '38d959af-046b-4850-91ab-a6f5b953a154', 'Training & Workshops', NULL, 'users', '#06B6D4', true, 6, '2025-08-07 05:49:26.637856+00', '2025-08-07 05:49:26.637856+00'),
	('e1948009-cd27-415a-a4b4-e79f65d8c804', '38d959af-046b-4850-91ab-a6f5b953a154', 'Certification & Exams', NULL, 'award', '#06B6D4', true, 7, '2025-08-07 05:49:26.637856+00', '2025-08-07 05:49:26.637856+00'),
	('c4e4eaa3-8bc3-4f16-97b2-91b829482450', '38d959af-046b-4850-91ab-a6f5b953a154', 'Educational Supplies', NULL, 'pen-tool', '#06B6D4', true, 8, '2025-08-07 05:49:26.637856+00', '2025-08-07 05:49:26.637856+00'),
	('52b7a529-b2a3-4f53-8f61-0428df4a5fcb', 'cc70c18b-3183-4fef-bf42-f9c1d00c9f63', 'Bank Charges & Fees', NULL, 'banknote', '#8B5CF6', true, 1, '2025-08-07 05:49:26.637856+00', '2025-08-07 05:49:26.637856+00'),
	('0a303a5e-48a3-4eac-90bc-e6cb87a88c4b', 'cc70c18b-3183-4fef-bf42-f9c1d00c9f63', 'ATM Fees', NULL, 'credit-card', '#8B5CF6', true, 2, '2025-08-07 05:49:26.637856+00', '2025-08-07 05:49:26.637856+00'),
	('f097abdf-d8fa-4189-8f60-19bb2ea130d4', 'cc70c18b-3183-4fef-bf42-f9c1d00c9f63', 'Investment in DPS', NULL, 'piggy-bank', '#8B5CF6', true, 3, '2025-08-07 05:49:26.637856+00', '2025-08-07 05:49:26.637856+00'),
	('c8080ead-0b31-4186-8417-a8ce84c48b7f', 'cc70c18b-3183-4fef-bf42-f9c1d00c9f63', 'Investment in Shanchay Potro', NULL, 'certificate', '#8B5CF6', true, 4, '2025-08-07 05:49:26.637856+00', '2025-08-07 05:49:26.637856+00'),
	('42be4f71-77fa-45be-8ca2-12efb7ac6bb2', 'cc70c18b-3183-4fef-bf42-f9c1d00c9f63', 'Stock Market Investment', NULL, 'trending-up', '#8B5CF6', true, 5, '2025-08-07 05:49:26.637856+00', '2025-08-07 05:49:26.637856+00'),
	('396d0409-6f5e-4f3f-9330-c79c01482c1b', 'cc70c18b-3183-4fef-bf42-f9c1d00c9f63', 'Mutual Fund Investment', NULL, 'pie-chart', '#8B5CF6', true, 6, '2025-08-07 05:49:26.637856+00', '2025-08-07 05:49:26.637856+00'),
	('58e4c6de-0947-4a03-955a-f9602eb15ef4', 'cc70c18b-3183-4fef-bf42-f9c1d00c9f63', 'Fixed Deposit (FDR)', NULL, 'lock', '#8B5CF6', true, 7, '2025-08-07 05:49:26.637856+00', '2025-08-07 05:49:26.637856+00'),
	('f3da0bdb-8738-4a7f-9d4d-08b8fb96504d', 'cc70c18b-3183-4fef-bf42-f9c1d00c9f63', 'Loan Payments', NULL, 'credit-card', '#8B5CF6', true, 8, '2025-08-07 05:49:26.637856+00', '2025-08-07 05:49:26.637856+00'),
	('ca095d5b-ca53-4a88-9d6e-5d12bcb25c20', 'cc70c18b-3183-4fef-bf42-f9c1d00c9f63', 'Credit Card Payments', NULL, 'card', '#8B5CF6', true, 9, '2025-08-07 05:49:26.637856+00', '2025-08-07 05:49:26.637856+00'),
	('a15b2dae-0d59-4ed0-89c1-188f39d138d2', 'cc70c18b-3183-4fef-bf42-f9c1d00c9f63', 'Money Transfer Fees', NULL, 'send', '#8B5CF6', true, 10, '2025-08-07 05:49:26.637856+00', '2025-08-07 05:49:26.637856+00'),
	('bc8ff85b-5f3b-4aa9-8b7b-9ff86f606f3b', 'cc70c18b-3183-4fef-bf42-f9c1d00c9f63', 'Financial Advisor', NULL, 'user-check', '#8B5CF6', true, 11, '2025-08-07 05:49:26.637856+00', '2025-08-07 05:49:26.637856+00'),
	('d80a3ecd-dd8b-46b1-8648-d73223443974', '278e0880-78b1-4b9c-aa5a-d4db87e39c3e', 'Health Insurance', NULL, 'heart', '#84CC16', true, 1, '2025-08-07 05:49:26.637856+00', '2025-08-07 05:49:26.637856+00'),
	('05e83872-c34f-4377-b72a-c398908b9c64', '278e0880-78b1-4b9c-aa5a-d4db87e39c3e', 'Life Insurance', NULL, 'shield', '#84CC16', true, 2, '2025-08-07 05:49:26.637856+00', '2025-08-07 05:49:26.637856+00'),
	('2cb2a0d5-1014-499b-96eb-3fc0be60ff32', '278e0880-78b1-4b9c-aa5a-d4db87e39c3e', 'Vehicle Insurance', NULL, 'car', '#84CC16', true, 3, '2025-08-07 05:49:26.637856+00', '2025-08-07 05:49:26.637856+00'),
	('5bb81c89-2f7b-4952-9f17-df4819d4449d', '278e0880-78b1-4b9c-aa5a-d4db87e39c3e', 'Home Insurance', NULL, 'home', '#84CC16', true, 4, '2025-08-07 05:49:26.637856+00', '2025-08-07 05:49:26.637856+00'),
	('467a1fc3-0ab8-4d13-a533-4c77e7614a05', '278e0880-78b1-4b9c-aa5a-d4db87e39c3e', 'Travel Insurance', NULL, 'plane', '#84CC16', true, 5, '2025-08-07 05:49:26.637856+00', '2025-08-07 05:49:26.637856+00'),
	('a892e7a9-a402-4b07-b78f-0e8c1209f021', '278e0880-78b1-4b9c-aa5a-d4db87e39c3e', 'Business Insurance', NULL, 'briefcase', '#84CC16', true, 6, '2025-08-07 05:49:26.637856+00', '2025-08-07 05:49:26.637856+00'),
	('a0da7089-e7f5-4739-b589-47714cdb9a14', 'b6ae909b-53e4-4341-a3eb-8e0c492461ba', 'Childcare/Daycare', NULL, 'baby', '#F59E0B', true, 1, '2025-08-07 05:49:26.637856+00', '2025-08-07 05:49:26.637856+00'),
	('7c3e90a6-bbb1-4b30-95fd-c144837a9844', 'b6ae909b-53e4-4341-a3eb-8e0c492461ba', 'School Fees', NULL, 'graduation-cap', '#F59E0B', true, 2, '2025-08-07 05:49:26.637856+00', '2025-08-07 05:49:26.637856+00'),
	('57321f04-8703-4c5a-985b-24b0878e1ec4', 'b6ae909b-53e4-4341-a3eb-8e0c492461ba', 'Baby Products', NULL, 'baby', '#F59E0B', true, 3, '2025-08-07 05:49:26.637856+00', '2025-08-07 05:49:26.637856+00'),
	('3e7e2172-9a9e-4f24-9fd1-41ef976d8e49', 'b6ae909b-53e4-4341-a3eb-8e0c492461ba', 'Toys & Games', NULL, 'toy-brick', '#F59E0B', true, 4, '2025-08-07 05:49:26.637856+00', '2025-08-07 05:49:26.637856+00'),
	('05085297-d455-4cbd-b611-b862636e05b6', 'b6ae909b-53e4-4341-a3eb-8e0c492461ba', 'Family Events', NULL, 'calendar', '#F59E0B', true, 5, '2025-08-07 05:49:26.637856+00', '2025-08-07 05:49:26.637856+00'),
	('f79d4ba6-bf3e-496d-8f86-c1b08633297c', 'b6ae909b-53e4-4341-a3eb-8e0c492461ba', 'Elderly Care', NULL, 'user', '#F59E0B', true, 6, '2025-08-07 05:49:26.637856+00', '2025-08-07 05:49:26.637856+00'),
	('e0880564-6b9f-4735-b6c1-e6e4f0dae4ae', 'b6ae909b-53e4-4341-a3eb-8e0c492461ba', 'Medical Expenses', NULL, 'heart', '#F59E0B', true, 7, '2025-08-07 05:49:26.637856+00', '2025-08-07 05:49:26.637856+00'),
	('bbb08344-0b41-482e-9e74-1fbd2236508c', '1cd1a7ae-c1bc-4091-8ed5-ef25ea456e7b', 'Salon & Barber', NULL, 'scissors', '#F472B6', true, 1, '2025-08-07 05:49:26.637856+00', '2025-08-07 05:49:26.637856+00'),
	('c6a88478-b220-4316-b62e-7d3914d0fcd6', '1cd1a7ae-c1bc-4091-8ed5-ef25ea456e7b', 'Spa & Wellness', NULL, 'heart', '#F472B6', true, 2, '2025-08-07 05:49:26.637856+00', '2025-08-07 05:49:26.637856+00'),
	('3cfac12c-b320-4fd9-ae10-80ec2a8d4850', '1cd1a7ae-c1bc-4091-8ed5-ef25ea456e7b', 'Gym & Fitness', NULL, 'dumbbell', '#F472B6', true, 3, '2025-08-07 05:49:26.637856+00', '2025-08-07 05:49:26.637856+00'),
	('a78fef52-9fc8-4b99-8361-ce3af7f9844c', '1cd1a7ae-c1bc-4091-8ed5-ef25ea456e7b', 'Cosmetics & Beauty', NULL, 'sparkles', '#F472B6', true, 4, '2025-08-07 05:49:26.637856+00', '2025-08-07 05:49:26.637856+00'),
	('c41f6515-5371-4c1f-bb9f-e3a59c96f259', '1cd1a7ae-c1bc-4091-8ed5-ef25ea456e7b', 'Personal Hygiene', NULL, 'droplets', '#F472B6', true, 5, '2025-08-07 05:49:26.637856+00', '2025-08-07 05:49:26.637856+00'),
	('ac83b05f-971f-46ee-8e83-54fb244a2d61', '1cd1a7ae-c1bc-4091-8ed5-ef25ea456e7b', 'Clothing Care', NULL, 'shirt', '#F472B6', true, 6, '2025-08-07 05:49:26.637856+00', '2025-08-07 05:49:26.637856+00'),
	('b2a81a79-9ce2-4b87-a569-e9dc4650c4c1', 'd94e5d48-1dc1-4f92-8e72-f8fae4efc16e', 'Flights & Airlines', NULL, 'plane', '#06D6A0', true, 1, '2025-08-07 05:49:26.637856+00', '2025-08-07 05:49:26.637856+00'),
	('ceae1014-725c-4596-8bb7-be5f7b473947', 'd94e5d48-1dc1-4f92-8e72-f8fae4efc16e', 'Hotels & Accommodation', NULL, 'bed', '#06D6A0', true, 2, '2025-08-07 05:49:26.637856+00', '2025-08-07 05:49:26.637856+00'),
	('13664235-66d7-4e22-b234-ca698ac1b421', 'd94e5d48-1dc1-4f92-8e72-f8fae4efc16e', 'Transportation', NULL, 'car', '#06D6A0', true, 3, '2025-08-07 05:49:26.637856+00', '2025-08-07 05:49:26.637856+00'),
	('f0b51778-3004-42f8-b3a5-89a95d8df8ee', 'd94e5d48-1dc1-4f92-8e72-f8fae4efc16e', 'Food & Dining', NULL, 'utensils', '#06D6A0', true, 4, '2025-08-07 05:49:26.637856+00', '2025-08-07 05:49:26.637856+00'),
	('394291ef-d09f-4de0-92e0-b448bd9b102d', 'd94e5d48-1dc1-4f92-8e72-f8fae4efc16e', 'Tours & Activities', NULL, 'camera', '#06D6A0', true, 5, '2025-08-07 05:49:26.637856+00', '2025-08-07 05:49:26.637856+00'),
	('2fa91f34-afe2-43ce-82a3-ea4ca31dcdfe', 'd94e5d48-1dc1-4f92-8e72-f8fae4efc16e', 'Travel Insurance', NULL, 'shield-check', '#06D6A0', true, 6, '2025-08-07 05:49:26.637856+00', '2025-08-07 05:49:26.637856+00'),
	('e2dc6d3e-3658-40a4-848b-cb274a6f6b74', 'd94e5d48-1dc1-4f92-8e72-f8fae4efc16e', 'Visa & Documents', NULL, 'file-text', '#06D6A0', true, 7, '2025-08-07 05:49:26.637856+00', '2025-08-07 05:49:26.637856+00'),
	('06eebdb6-36ec-4375-937d-09ff3ee02635', 'd94e5d48-1dc1-4f92-8e72-f8fae4efc16e', 'Shopping & Souvenirs', NULL, 'shopping-bag', '#06D6A0', true, 8, '2025-08-07 05:49:26.637856+00', '2025-08-07 05:49:26.637856+00'),
	('b2425a3c-41a4-45d1-9416-7f5905d9ac56', 'b919b994-2d19-41b5-9f28-b30e51a26593', 'Home Repairs', NULL, 'wrench', '#8B5A3C', true, 1, '2025-08-07 05:49:26.637856+00', '2025-08-07 05:49:26.637856+00'),
	('c9807b10-cfbc-4c25-ba4d-6f14a3d88859', 'b919b994-2d19-41b5-9f28-b30e51a26593', 'Plumbing', NULL, 'droplets', '#8B5A3C', true, 2, '2025-08-07 05:49:26.637856+00', '2025-08-07 05:49:26.637856+00'),
	('a6a25ca5-100d-4f27-bab2-6a8c23c2dca8', 'b919b994-2d19-41b5-9f28-b30e51a26593', 'Electrical Work', NULL, 'zap', '#8B5A3C', true, 3, '2025-08-07 05:49:26.637856+00', '2025-08-07 05:49:26.637856+00'),
	('87c6f7b0-2b3d-4f4d-9324-b272275b0522', 'b919b994-2d19-41b5-9f28-b30e51a26593', 'Painting & Decoration', NULL, 'brush', '#8B5A3C', true, 4, '2025-08-07 05:49:26.637856+00', '2025-08-07 05:49:26.637856+00'),
	('1acd95ad-41dd-4576-9cba-9bc77163926c', 'b919b994-2d19-41b5-9f28-b30e51a26593', 'Cleaning Supplies', NULL, 'spray-can', '#8B5A3C', true, 5, '2025-08-07 05:49:26.637856+00', '2025-08-07 05:49:26.637856+00'),
	('8aa8791c-93ef-459e-864f-9f017840a9a4', 'b919b994-2d19-41b5-9f28-b30e51a26593', 'Gardening', NULL, 'flower', '#8B5A3C', true, 6, '2025-08-07 05:49:26.637856+00', '2025-08-07 05:49:26.637856+00'),
	('1031f2e4-2301-40ed-8a08-3859ea865bb7', 'b919b994-2d19-41b5-9f28-b30e51a26593', 'Pest Control', NULL, 'bug', '#8B5A3C', true, 7, '2025-08-07 05:49:26.637856+00', '2025-08-07 05:49:26.637856+00'),
	('3ded34d8-36c5-4edb-a7b5-7f8adaa8d5ee', 'b919b994-2d19-41b5-9f28-b30e51a26593', 'Appliance Repair', NULL, 'settings', '#8B5A3C', true, 8, '2025-08-07 05:49:26.637856+00', '2025-08-07 05:49:26.637856+00'),
	('2ef02170-e977-4440-bff5-28594d7faea4', '614631a0-1f7b-476f-ba57-d96458bc1de2', 'Income Tax', NULL, 'receipt', '#6B7280', true, 1, '2025-08-07 05:49:26.637856+00', '2025-08-07 05:49:26.637856+00'),
	('1486d83a-b391-480e-8a99-7390acf4c86c', '614631a0-1f7b-476f-ba57-d96458bc1de2', 'VAT/Sales Tax', NULL, 'percent', '#6B7280', true, 2, '2025-08-07 05:49:26.637856+00', '2025-08-07 05:49:26.637856+00'),
	('bfb03c6c-9607-4f78-9dae-c0d09bda9323', '614631a0-1f7b-476f-ba57-d96458bc1de2', 'Property Tax', NULL, 'home', '#6B7280', true, 3, '2025-08-07 05:49:26.637856+00', '2025-08-07 05:49:26.637856+00'),
	('238b1f07-3e36-450c-b0d0-3f5de39aff0a', '614631a0-1f7b-476f-ba57-d96458bc1de2', 'Vehicle Tax', NULL, 'car', '#6B7280', true, 4, '2025-08-07 05:49:26.637856+00', '2025-08-07 05:49:26.637856+00'),
	('7060ab88-fb4a-4775-9c0d-ac115da75705', '614631a0-1f7b-476f-ba57-d96458bc1de2', 'Government Fees', NULL, 'landmark', '#6B7280', true, 5, '2025-08-07 05:49:26.637856+00', '2025-08-07 05:49:26.637856+00'),
	('d69ca622-674c-4bda-8689-b6bb4d157d9d', '614631a0-1f7b-476f-ba57-d96458bc1de2', 'Legal Fees', NULL, 'scale', '#6B7280', true, 6, '2025-08-07 05:49:26.637856+00', '2025-08-07 05:49:26.637856+00'),
	('3d5d7c68-8245-43a2-8b1a-d57eaf682b2a', '614631a0-1f7b-476f-ba57-d96458bc1de2', 'Professional Fees', NULL, 'user-check', '#6B7280', true, 7, '2025-08-07 05:49:26.637856+00', '2025-08-07 05:49:26.637856+00'),
	('5df29cef-4b58-42b1-9bef-54105340b6f5', '614631a0-1f7b-476f-ba57-d96458bc1de2', 'Penalties & Fines', NULL, 'alert-triangle', '#6B7280', true, 8, '2025-08-07 05:49:26.637856+00', '2025-08-07 05:49:26.637856+00');


--
-- Data for Name: loans; Type: TABLE DATA; Schema: public; Owner: postgres
--

INSERT INTO "public"."loans" ("id", "user_id", "lender", "principal_amount", "outstanding_amount", "interest_rate", "emi_amount", "tenure_months", "start_date", "next_due_date", "currency", "type", "status", "metadata", "created_at", "updated_at", "account_id", "category_id", "auto_debit", "reminder_days", "prepayment_amount", "last_payment_date", "payment_day", "notes", "subcategory_id") VALUES
	('724a8028-2255-41f3-8da7-9b9635660b92', '0772beaf-9ccd-48e7-a178-f5312ab5e7e3', 'Islami Bank', 500000.00, 500000.00, 12.50, 11248.97, 60, '2025-08-01', '2025-08-01', 'BDT', 'business', 'active', NULL, '2025-08-17 07:35:28.254856+00', '2025-08-17 07:35:28.254856+00', NULL, NULL, false, 7, 0.00, NULL, 6, NULL, NULL),
	('cbe61a49-1fb2-45ac-9ee6-789ec72fdad6', '0772beaf-9ccd-48e7-a178-f5312ab5e7e3', 'Standard Chartered Bank', 500000.00, 481554.68, 12.50, 23653.65, 24, '2025-08-04', '2025-09-17', 'BDT', 'personal', 'active', NULL, '2025-08-17 08:19:15.86521+00', '2025-08-17 10:16:06.497212+00', NULL, NULL, true, 3, 0.00, '2025-08-17', 17, NULL, NULL),
	('8067c888-6875-49ab-9d80-f09a893eaf03', '0772beaf-9ccd-48e7-a178-f5312ab5e7e3', 'Islami Bank Bangladesh Limited', 1200000.00, 1186078.10, 14.00, 27921.90, 60, '2025-08-23', '2025-09-17', 'BDT', 'car', 'active', NULL, '2025-08-17 08:43:12.695463+00', '2025-08-17 10:18:03.556+00', NULL, NULL, true, 3, 0.00, '2025-08-17', 1, NULL, NULL),
	('ded5bdb3-5c56-4ac7-a9b1-0f4d443d353a', '0772beaf-9ccd-48e7-a178-f5312ab5e7e3', 'Daraz', 56990.00, 37993.34, 0.00, 9498.33, 6, '2025-04-11', '2025-10-11', 'BDT', 'purchase_emi', 'active', NULL, '2025-09-11 09:34:14.037488+00', '2025-09-11 10:30:49.886673+00', 'd528984f-ff6b-43b9-9fed-3ebc99a6fc57', NULL, false, 3, 0.00, '2025-09-11', 5, 'Item: Haier 1.6 Ton Inverter', 'ca095d5b-ca53-4a88-9d6e-5d12bcb25c20'),
	('0d7e7596-3bea-4772-8f57-de2447b9f978', '0772beaf-9ccd-48e7-a178-f5312ab5e7e3', 'Palli Karma-Sahayak Foundation', 50000.00, 5000.00, 12.00, 4442.44, 12, '2025-09-01', '2025-09-01', 'BDT', 'personal', 'active', NULL, '2025-08-26 16:13:11.316008+00', '2025-08-26 16:14:59.990165+00', NULL, NULL, true, 3, 0.00, NULL, 6, NULL, NULL);


--
-- Data for Name: recurring_transactions; Type: TABLE DATA; Schema: public; Owner: postgres
--

INSERT INTO "public"."recurring_transactions" ("id", "user_id", "transaction_template", "frequency", "interval_value", "start_date", "end_date", "last_executed", "next_execution", "is_active", "created_at", "updated_at") VALUES
	('6b39a326-0adb-46a0-a102-f3aef2b5fb1f', '0772beaf-9ccd-48e7-a178-f5312ab5e7e3', '{"tags": ["salary", "lbs"], "type": "income", "notes": "my monthly salary", "amount": 65750, "vendor": "LBS", "currency": "BDT", "location": "Dhaka, Bangladesh", "account_id": "98dae8a4-08f3-4131-a473-fbb7e3707cac", "category_id": "f852281a-b478-4193-a9d9-b0836aedf17d", "description": "Salay from my office", "subcategory_id": "5af71421-8088-4d2e-bb2b-a3091446c02f"}', 'monthly', 1, '2025-08-01', NULL, NULL, '2025-09-01', true, '2025-08-07 19:25:35.76101+00', '2025-08-07 19:25:35.76101+00'),
	('8f1629a7-7ffc-4d6a-a336-8f6fd2e4f43f', '0772beaf-9ccd-48e7-a178-f5312ab5e7e3', '{"tags": ["flat rent", "rent", "tofazzal"], "type": "expense", "notes": "my monthly flat rent", "amount": 11000, "vendor": "Tofazzal", "currency": "BDT", "location": "Dhaka, Bangladesh", "account_id": "98dae8a4-08f3-4131-a473-fbb7e3707cac", "category_id": "7c60db21-9596-4626-97b1-6ca9b0df50ba", "description": "My monthly  Flat Rent", "subcategory_id": "df4013e8-e791-4f90-b8c6-2acf285e052d"}', 'monthly', 1, '2025-08-05', NULL, NULL, '2025-09-05', true, '2025-08-07 19:28:43.184057+00', '2025-08-07 19:28:43.184057+00'),
	('292e4760-7415-4406-9202-fdd21aa61406', '0772beaf-9ccd-48e7-a178-f5312ab5e7e3', '{"tags": ["maid", "housekeeping"], "type": "expense", "notes": null, "amount": 2000, "vendor": "Lucky", "currency": "BDT", "location": "Dhaka, Bangladesh", "account_id": "98dae8a4-08f3-4131-a473-fbb7e3707cac", "category_id": "7c60db21-9596-4626-97b1-6ca9b0df50ba", "description": "monthly housekeeping service charge", "subcategory_id": "2c8dc858-efc4-4025-b1fa-21c9662a6da3"}', 'monthly', 1, '2025-08-01', NULL, NULL, '2025-09-01', true, '2025-08-08 06:51:10.425339+00', '2025-08-08 06:51:10.425339+00');


--
-- Data for Name: transactions; Type: TABLE DATA; Schema: public; Owner: postgres
--

INSERT INTO "public"."transactions" ("id", "user_id", "type", "amount", "currency", "description", "notes", "category_id", "subcategory_id", "account_id", "transfer_to_account_id", "date", "tags", "receipt_url", "location", "vendor", "is_recurring", "recurring_pattern", "metadata", "created_at", "updated_at", "recurring_template_id", "investment_id", "investment_transaction_id", "is_investment_related", "investment_action") VALUES
	('6b6cecf8-0642-46c9-bef4-b9c15fb71f65', '0772beaf-9ccd-48e7-a178-f5312ab5e7e3', 'expense', 20000.00, 'BDT', 'Repayment made to Hasin Jamal', 'Auto-generated transaction for repayment made', NULL, NULL, '98dae8a4-08f3-4131-a473-fbb7e3707cac', NULL, '2025-08-18', '{lending,repayment_made,personal_finance}', NULL, NULL, NULL, false, NULL, '{"lending_id": "0d39a0a2-f1aa-4f3c-86ea-538f8a4a0d0a", "action_type": "repayment_made", "person_name": "Hasin Jamal", "lending_type": "borrowed", "auto_generated": true}', '2025-08-18 07:00:44.984245+00', '2025-08-18 07:00:44.984245+00', NULL, NULL, NULL, false, NULL),
	('c770fc5e-50a9-4a1f-87ec-5e164f9cd2bc', '0772beaf-9ccd-48e7-a178-f5312ab5e7e3', 'expense', 8493.94, 'BDT', 'iStock - PURCHASE EMI Loan EMI', 'Auto-generated EMI payment. Principal: 7537.94, Interest: 956.00', NULL, NULL, 'afb2d77f-8f0e-475e-bc6e-4df0e2a4627e', NULL, '2025-08-18', '{loan,emi,auto_debit,purchase_emi}', NULL, NULL, NULL, false, NULL, '{"loan_id": "d80f07b5-0555-426a-a14a-f06d6b8a1266", "loan_type": "purchase_emi", "auto_generated": true, "interest_portion": 956.00, "remaining_tenure": 13, "principal_portion": 7537.94}', '2025-08-18 07:02:40.540503+00', '2025-08-18 07:02:40.540503+00', NULL, NULL, NULL, false, NULL),
	('9636d11a-984c-4ccf-927b-3bd0698ee46c', '0772beaf-9ccd-48e7-a178-f5312ab5e7e3', 'income', 65750.00, 'BDT', 'Salay from my office', 'my monthly salary', 'f852281a-b478-4193-a9d9-b0836aedf17d', '5af71421-8088-4d2e-bb2b-a3091446c02f', '98dae8a4-08f3-4131-a473-fbb7e3707cac', NULL, '2025-08-01', '{salary,lbs}', NULL, 'Dhaka, Bangladesh', 'LBS', true, NULL, NULL, '2025-08-07 19:25:36.095881+00', '2025-08-07 19:25:36.095881+00', '6b39a326-0adb-46a0-a102-f3aef2b5fb1f', NULL, NULL, false, NULL),
	('a1c31ae7-4316-4c50-870f-5e5ad0785c1b', '0772beaf-9ccd-48e7-a178-f5312ab5e7e3', 'expense', 11000.00, 'BDT', 'My monthly  Flat Rent', 'my monthly flat rent', '7c60db21-9596-4626-97b1-6ca9b0df50ba', 'df4013e8-e791-4f90-b8c6-2acf285e052d', '98dae8a4-08f3-4131-a473-fbb7e3707cac', NULL, '2025-08-05', '{"flat rent",rent,tofazzal}', NULL, 'Dhaka, Bangladesh', 'Tofazzal', true, NULL, NULL, '2025-08-07 19:27:15.313009+00', '2025-08-07 19:28:43.287288+00', '8f1629a7-7ffc-4d6a-a336-8f6fd2e4f43f', NULL, NULL, false, NULL),
	('23bf182f-6abe-451d-85bc-c6d3e29185f3', '0772beaf-9ccd-48e7-a178-f5312ab5e7e3', 'expense', 2000.00, 'BDT', 'monthly housekeeping service charge', NULL, '7c60db21-9596-4626-97b1-6ca9b0df50ba', '2c8dc858-efc4-4025-b1fa-21c9662a6da3', '98dae8a4-08f3-4131-a473-fbb7e3707cac', NULL, '2025-08-01', '{maid,housekeeping}', NULL, 'Dhaka, Bangladesh', 'Lucky', true, NULL, NULL, '2025-08-08 06:49:18.048494+00', '2025-08-08 06:51:10.755616+00', '292e4760-7415-4406-9202-fdd21aa61406', NULL, NULL, false, NULL),
	('bce52532-8d1a-435f-8661-48f45974b560', '0772beaf-9ccd-48e7-a178-f5312ab5e7e3', 'expense', 23653.65, 'BDT', 'Standard Chartered Bank - PERSONAL Loan EMI', 'Auto-generated EMI payment. Principal: 18445.32, Interest: 5208.33', NULL, NULL, NULL, NULL, '2025-08-17', '{loan,emi,auto_debit,personal}', NULL, NULL, NULL, false, NULL, '{"loan_id": "cbe61a49-1fb2-45ac-9ee6-789ec72fdad6", "loan_type": "personal", "auto_generated": true, "interest_portion": 5208.33, "remaining_tenure": 28, "principal_portion": 18445.32}', '2025-08-17 10:16:06.497212+00', '2025-08-17 10:16:06.497212+00', NULL, NULL, NULL, false, NULL),
	('e94c2d38-da0c-404d-958a-b574776f5825', '0772beaf-9ccd-48e7-a178-f5312ab5e7e3', 'expense', 27921.90, 'BDT', 'Islami Bank Bangladesh Limited - CAR Loan EMI', 'Auto-generated EMI payment. Principal: 13921.90, Interest: 14000.00', NULL, NULL, NULL, NULL, '2025-08-17', '{loan,emi,auto_debit,car}', NULL, NULL, NULL, false, NULL, '{"loan_id": "8067c888-6875-49ab-9d80-f09a893eaf03", "loan_type": "car", "auto_generated": true, "interest_portion": 14000.00, "remaining_tenure": 87, "principal_portion": 13921.90}', '2025-08-17 10:18:03.556+00', '2025-08-17 10:18:03.556+00', NULL, NULL, NULL, false, NULL),
	('045ad5ae-408e-40ae-81c1-2ace11f64c59', '0772beaf-9ccd-48e7-a178-f5312ab5e7e3', 'expense', 20000.00, 'BDT', 'Repayment made to Hasin Jamal', 'Auto-generated transaction for repayment made', NULL, NULL, '98dae8a4-08f3-4131-a473-fbb7e3707cac', NULL, '2025-08-18', '{lending,repayment_made,personal_finance}', NULL, NULL, NULL, false, NULL, '{"lending_id": "0d39a0a2-f1aa-4f3c-86ea-538f8a4a0d0a", "action_type": "repayment_made", "person_name": "Hasin Jamal", "lending_type": "borrowed", "auto_generated": true}', '2025-08-18 07:00:44.540036+00', '2025-08-18 07:00:44.540036+00', NULL, NULL, NULL, false, NULL),
	('1e367f39-13a7-4a77-a758-d029a7e59f96', '0772beaf-9ccd-48e7-a178-f5312ab5e7e3', 'expense', 5055.50, 'BDT', 'Apple - PURCHASE EMI Loan EMI', 'Auto-generated EMI payment. Principal: 4486.50, Interest: 569.00', NULL, NULL, '98dae8a4-08f3-4131-a473-fbb7e3707cac', NULL, '2025-08-18', '{loan,emi,auto_debit,purchase_emi}', NULL, NULL, NULL, false, NULL, '{"loan_id": "f8db62f8-7617-4c02-a4a1-f292bef35faa", "loan_type": "purchase_emi", "auto_generated": true, "interest_portion": 569.00, "remaining_tenure": 13, "principal_portion": 4486.50}', '2025-08-18 07:04:30.959559+00', '2025-08-18 07:04:30.959559+00', NULL, NULL, NULL, false, NULL),
	('31259e27-3c1a-4cc6-bdc7-3e4b259236fe', '0772beaf-9ccd-48e7-a178-f5312ab5e7e3', 'expense', 2500.00, 'BDT', 'Repayment made to Mike Wilson', 'Auto-generated transaction for repayment made', NULL, NULL, NULL, NULL, '2025-08-18', '{lending,repayment_made,personal_finance}', NULL, NULL, NULL, false, NULL, '{"lending_id": "2ebcced3-5645-4eee-88ec-7cdd49e52b9f", "action_type": "repayment_made", "person_name": "Mike Wilson", "lending_type": "borrowed", "auto_generated": true}', '2025-08-18 07:14:44.087084+00', '2025-08-18 07:14:44.087084+00', NULL, NULL, NULL, false, NULL),
	('c5fbb99c-da46-4570-a7b1-84e71e426227', '0772beaf-9ccd-48e7-a178-f5312ab5e7e3', 'income', 6250.00, 'BDT', 'Repayment received from Sarah Ahmed', NULL, NULL, NULL, 'ef889345-766f-48b4-80b0-2e5ffa83ab91', NULL, '2025-08-18', '{lending,repayment_received,personal_finance}', NULL, NULL, NULL, false, NULL, '{"lending_id": "987954f8-f60a-4817-8781-cd8675d2bafb", "action_type": "repayment_received", "person_name": "Sarah Ahmed", "lending_type": "lent", "auto_generated": true}', '2025-08-18 08:10:34.430072+00', '2025-08-18 08:10:34.614478+00', NULL, NULL, NULL, false, NULL),
	('672ab539-f5ed-4220-95db-481ff1a0aa6f', '0772beaf-9ccd-48e7-a178-f5312ab5e7e3', 'expense', 2500.00, 'BDT', 'Rice and Lentil', NULL, '2c591da6-9f0a-402e-8736-e2b390b6f278', '11ed6f20-1993-441a-bec2-f0c3944b93b5', 'ef889345-766f-48b4-80b0-2e5ffa83ab91', NULL, '2025-08-20', '{food,groceries}', NULL, NULL, NULL, false, NULL, NULL, '2025-08-20 05:45:47.011497+00', '2025-08-20 05:45:47.011497+00', NULL, NULL, NULL, false, NULL),
	('f2f3afde-942f-4323-b00a-5a7b7a6e4526', '0772beaf-9ccd-48e7-a178-f5312ab5e7e3', 'income', 65675.00, 'BDT', 'Salary for Agust 25', NULL, 'f852281a-b478-4193-a9d9-b0836aedf17d', '5af71421-8088-4d2e-bb2b-a3091446c02f', '98dae8a4-08f3-4131-a473-fbb7e3707cac', NULL, '2025-08-25', '{Salary}', NULL, NULL, 'LBS', false, NULL, NULL, '2025-08-27 18:19:13.551896+00', '2025-08-27 18:19:13.551896+00', NULL, NULL, NULL, false, NULL),
	('bffa6be8-6e21-468c-b09a-687eb12548c9', '0772beaf-9ccd-48e7-a178-f5312ab5e7e3', 'expense', 185.00, 'BDT', 'Milk 2kg', NULL, 'd114e2b9-348c-4179-8df3-0cd075790d15', NULL, '98dae8a4-08f3-4131-a473-fbb7e3707cac', NULL, '2025-08-25', '{}', NULL, NULL, NULL, false, NULL, NULL, '2025-08-27 18:21:24.15272+00', '2025-08-27 18:21:24.15272+00', NULL, NULL, NULL, false, NULL),
	('2c452325-0d0d-4e23-991f-678ffafb2571', '0772beaf-9ccd-48e7-a178-f5312ab5e7e3', 'expense', 550.00, 'BDT', 'Vegetables', NULL, '2c591da6-9f0a-402e-8736-e2b390b6f278', '8e3383dd-254e-4d85-b852-01bca6574b21', '98dae8a4-08f3-4131-a473-fbb7e3707cac', NULL, '2025-08-25', '{}', NULL, NULL, NULL, false, NULL, NULL, '2025-08-27 18:24:53.667862+00', '2025-08-27 18:24:53.667862+00', NULL, NULL, NULL, false, NULL),
	('8a7fc331-d605-4968-882c-10fa522a678a', '0772beaf-9ccd-48e7-a178-f5312ab5e7e3', 'expense', 150.00, 'BDT', 'Banana', NULL, '2c591da6-9f0a-402e-8736-e2b390b6f278', '8e3383dd-254e-4d85-b852-01bca6574b21', '98dae8a4-08f3-4131-a473-fbb7e3707cac', NULL, '2025-08-25', '{}', NULL, NULL, NULL, false, NULL, NULL, '2025-08-27 18:25:43.908676+00', '2025-08-27 18:25:43.908676+00', NULL, NULL, NULL, false, NULL),
	('579c258f-a916-4633-b3f5-ab4992a9dd99', '0772beaf-9ccd-48e7-a178-f5312ab5e7e3', 'expense', 10.00, 'BDT', 'Donate', NULL, '614631a0-1f7b-476f-ba57-d96458bc1de2', 'd69ca622-674c-4bda-8689-b6bb4d157d9d', '98dae8a4-08f3-4131-a473-fbb7e3707cac', NULL, '2025-08-25', '{}', NULL, NULL, NULL, false, NULL, NULL, '2025-08-27 18:31:18.727498+00', '2025-08-27 18:31:18.727498+00', NULL, NULL, NULL, false, NULL),
	('bb40cee0-b218-4372-afea-a08079d7fc5e', '0772beaf-9ccd-48e7-a178-f5312ab5e7e3', 'expense', 2200.00, 'BDT', 'Helping hand salary August 25', NULL, '7c60db21-9596-4626-97b1-6ca9b0df50ba', '2c8dc858-efc4-4025-b1fa-21c9662a6da3', '98dae8a4-08f3-4131-a473-fbb7e3707cac', NULL, '2025-08-26', '{}', NULL, NULL, NULL, false, NULL, NULL, '2025-08-27 18:34:00.860783+00', '2025-08-27 18:34:00.860783+00', NULL, NULL, NULL, false, NULL),
	('9442b1fb-cb2f-4d41-9b0c-3dd6aca5e5c1', '0772beaf-9ccd-48e7-a178-f5312ab5e7e3', 'expense', 407.00, 'BDT', 'Biscuits', NULL, '2c591da6-9f0a-402e-8736-e2b390b6f278', 'f64c29dc-d53d-4944-8e14-a94049c8d8c7', '98dae8a4-08f3-4131-a473-fbb7e3707cac', NULL, '2025-08-26', '{}', NULL, NULL, NULL, false, NULL, NULL, '2025-08-27 18:36:14.371721+00', '2025-08-27 18:36:14.371721+00', NULL, NULL, NULL, false, NULL),
	('dfa008eb-e13d-4419-acd9-38a6c4add25a', '0772beaf-9ccd-48e7-a178-f5312ab5e7e3', 'expense', 375.00, 'BDT', 'Chinigura rice 3kg', NULL, '2c591da6-9f0a-402e-8736-e2b390b6f278', '11ed6f20-1993-441a-bec2-f0c3944b93b5', '98dae8a4-08f3-4131-a473-fbb7e3707cac', NULL, '2025-08-26', '{}', NULL, NULL, NULL, false, NULL, NULL, '2025-08-27 18:37:00.279724+00', '2025-08-27 18:37:00.279724+00', NULL, NULL, NULL, false, NULL),
	('f0a19713-6dde-400f-8feb-8bab64b044e8', '0772beaf-9ccd-48e7-a178-f5312ab5e7e3', 'expense', 2700.00, 'BDT', 'Chicken 9pcs', NULL, '2c591da6-9f0a-402e-8736-e2b390b6f278', 'c29fc20f-f7d6-443d-a23e-9a52f2241322', '98dae8a4-08f3-4131-a473-fbb7e3707cac', NULL, '2025-08-26', '{}', NULL, NULL, NULL, false, NULL, NULL, '2025-08-27 18:37:46.617775+00', '2025-08-27 18:37:46.617775+00', NULL, NULL, NULL, false, NULL),
	('a626000f-2b7b-47ea-b255-e437668c7f76', '0772beaf-9ccd-48e7-a178-f5312ab5e7e3', 'expense', 230.00, 'BDT', 'Vegetables', NULL, '2c591da6-9f0a-402e-8736-e2b390b6f278', '8e3383dd-254e-4d85-b852-01bca6574b21', '98dae8a4-08f3-4131-a473-fbb7e3707cac', NULL, '2025-08-26', '{}', NULL, NULL, NULL, false, NULL, NULL, '2025-08-27 18:38:45.273435+00', '2025-08-27 18:38:45.273435+00', NULL, NULL, NULL, false, NULL),
	('66cbabe1-0e55-4734-a0fa-b4d046dc22be', '0772beaf-9ccd-48e7-a178-f5312ab5e7e3', 'expense', 10.00, 'BDT', 'Donate', NULL, '614631a0-1f7b-476f-ba57-d96458bc1de2', 'd69ca622-674c-4bda-8689-b6bb4d157d9d', '98dae8a4-08f3-4131-a473-fbb7e3707cac', NULL, '2025-08-26', '{}', NULL, NULL, NULL, false, NULL, NULL, '2025-08-27 18:39:35.60849+00', '2025-08-27 18:39:35.60849+00', NULL, NULL, NULL, false, NULL),
	('781b27fc-6994-4d54-b829-54e2fad297ce', '0772beaf-9ccd-48e7-a178-f5312ab5e7e3', 'expense', 50.00, 'BDT', 'Transportation', NULL, 'a47aa26d-b298-416b-849e-8615c342539a', '712c74c2-17d5-4911-8343-38c98e5e23e9', '98dae8a4-08f3-4131-a473-fbb7e3707cac', NULL, '2025-08-26', '{}', NULL, NULL, NULL, false, NULL, NULL, '2025-08-27 18:40:35.255339+00', '2025-08-27 18:40:35.255339+00', NULL, NULL, NULL, false, NULL),
	('d5b1f81c-2ee6-44f6-b705-2e73b376450a', '0772beaf-9ccd-48e7-a178-f5312ab5e7e3', 'expense', 220.00, 'BDT', 'Dragon Fruits 1.9kg', NULL, '2c591da6-9f0a-402e-8736-e2b390b6f278', '8e3383dd-254e-4d85-b852-01bca6574b21', '98dae8a4-08f3-4131-a473-fbb7e3707cac', NULL, '2025-08-26', '{}', NULL, NULL, NULL, false, NULL, NULL, '2025-08-27 18:41:21.983447+00', '2025-08-27 18:41:21.983447+00', NULL, NULL, NULL, false, NULL),
	('394ed571-3cd1-4ca7-9d7b-f60fda6e80e3', '0772beaf-9ccd-48e7-a178-f5312ab5e7e3', 'expense', 10000.00, 'BDT', 'Parents Pay August 25', NULL, 'b6ae909b-53e4-4341-a3eb-8e0c492461ba', 'f79d4ba6-bf3e-496d-8f86-c1b08633297c', '98dae8a4-08f3-4131-a473-fbb7e3707cac', NULL, '2025-08-28', '{}', NULL, NULL, NULL, false, NULL, NULL, '2025-08-28 13:39:15.658231+00', '2025-08-28 13:39:15.658231+00', NULL, NULL, NULL, false, NULL),
	('c83675c7-8fe1-43f3-84c9-2ffc9e7246b4', '0772beaf-9ccd-48e7-a178-f5312ab5e7e3', 'expense', 280.00, 'BDT', 'Egg 2 Dozen', NULL, '2c591da6-9f0a-402e-8736-e2b390b6f278', '11ed6f20-1993-441a-bec2-f0c3944b93b5', '98dae8a4-08f3-4131-a473-fbb7e3707cac', NULL, '2025-08-25', '{}', NULL, NULL, NULL, false, NULL, NULL, '2025-08-27 18:29:51.818881+00', '2025-08-28 13:39:57.079454+00', NULL, NULL, NULL, false, NULL),
	('83c93b90-a889-4daa-befc-ebb771125ee9', '0772beaf-9ccd-48e7-a178-f5312ab5e7e3', 'expense', 500.00, 'BDT', 'Amma', NULL, 'b6ae909b-53e4-4341-a3eb-8e0c492461ba', 'f79d4ba6-bf3e-496d-8f86-c1b08633297c', '98dae8a4-08f3-4131-a473-fbb7e3707cac', NULL, '2025-08-28', '{}', NULL, NULL, NULL, false, NULL, NULL, '2025-08-28 13:41:08.84566+00', '2025-08-28 13:41:08.84566+00', NULL, NULL, NULL, false, NULL),
	('bb7cb5b9-1959-4d61-a7fb-983acdd086ae', '0772beaf-9ccd-48e7-a178-f5312ab5e7e3', 'expense', 500.00, 'BDT', 'Rana', NULL, 'b6ae909b-53e4-4341-a3eb-8e0c492461ba', NULL, '98dae8a4-08f3-4131-a473-fbb7e3707cac', NULL, '2025-08-28', '{}', NULL, NULL, NULL, false, NULL, NULL, '2025-08-28 13:41:45.191961+00', '2025-08-28 13:41:45.191961+00', NULL, NULL, NULL, false, NULL),
	('a850fcbd-136f-4db0-a9ee-dff65af57026', '0772beaf-9ccd-48e7-a178-f5312ab5e7e3', 'expense', 60.00, 'BDT', 'Snacks', NULL, '2c591da6-9f0a-402e-8736-e2b390b6f278', 'f64c29dc-d53d-4944-8e14-a94049c8d8c7', '98dae8a4-08f3-4131-a473-fbb7e3707cac', NULL, '2025-08-29', '{}', NULL, NULL, NULL, false, NULL, NULL, '2025-09-01 08:57:26.804373+00', '2025-09-01 08:57:26.804373+00', NULL, NULL, NULL, false, NULL),
	('3529e2da-c096-4dfb-89db-e7e6476a532d', '0772beaf-9ccd-48e7-a178-f5312ab5e7e3', 'expense', 100.00, 'BDT', 'Ehan''s School Transportation', NULL, 'b6ae909b-53e4-4341-a3eb-8e0c492461ba', 'a0da7089-e7f5-4739-b589-47714cdb9a14', '98dae8a4-08f3-4131-a473-fbb7e3707cac', NULL, '2025-08-30', '{}', NULL, NULL, NULL, false, NULL, NULL, '2025-09-01 08:58:40.33727+00', '2025-09-01 08:58:40.33727+00', NULL, NULL, NULL, false, NULL),
	('3e8cd91d-8f7a-4f04-bb78-0d0c38c30eaf', '0772beaf-9ccd-48e7-a178-f5312ab5e7e3', 'expense', 200.00, 'BDT', 'Toys for Ehan', NULL, 'b6ae909b-53e4-4341-a3eb-8e0c492461ba', '3e7e2172-9a9e-4f24-9fd1-41ef976d8e49', '98dae8a4-08f3-4131-a473-fbb7e3707cac', NULL, '2025-08-31', '{}', NULL, NULL, NULL, false, NULL, NULL, '2025-09-01 09:00:14.34636+00', '2025-09-01 09:00:14.34636+00', NULL, NULL, NULL, false, NULL),
	('b7bf1efb-ddb5-4e7b-bff4-c938fb5a09f3', '0772beaf-9ccd-48e7-a178-f5312ab5e7e3', 'expense', 250.00, 'BDT', 'Plants and Pot', NULL, '8959bea1-10bb-477f-8598-385bd7edc0ba', '10f61b80-d903-432a-b986-53fa1ba37ffa', '98dae8a4-08f3-4131-a473-fbb7e3707cac', NULL, '2025-08-31', '{}', NULL, NULL, NULL, false, NULL, NULL, '2025-09-01 09:01:06.602177+00', '2025-09-01 09:01:06.602177+00', NULL, NULL, NULL, false, NULL),
	('4b9bd455-212e-462c-afbe-7fa89f2a5f4d', '0772beaf-9ccd-48e7-a178-f5312ab5e7e3', 'expense', 100.00, 'BDT', 'Snacks', NULL, '2c591da6-9f0a-402e-8736-e2b390b6f278', 'fd34831c-490d-4e08-b49e-480a037bc2d4', '98dae8a4-08f3-4131-a473-fbb7e3707cac', NULL, '2025-08-31', '{}', NULL, NULL, NULL, false, NULL, NULL, '2025-09-01 09:01:52.509075+00', '2025-09-01 09:01:52.509075+00', NULL, NULL, NULL, false, NULL),
	('30b3606c-6cf2-479b-bad7-a4863380887d', '0772beaf-9ccd-48e7-a178-f5312ab5e7e3', 'expense', 3000.00, 'BDT', 'Fridge Gas refilling', NULL, 'b919b994-2d19-41b5-9f28-b30e51a26593', '3ded34d8-36c5-4edb-a7b5-7f8adaa8d5ee', '98dae8a4-08f3-4131-a473-fbb7e3707cac', NULL, '2025-08-30', '{}', NULL, 'Dhaka, Bangladesh', NULL, false, NULL, NULL, '2025-09-03 05:43:26.413569+00', '2025-09-03 05:43:26.413569+00', NULL, NULL, NULL, false, NULL),
	('35965aa8-be92-499d-b38f-88952413eaa6', '0772beaf-9ccd-48e7-a178-f5312ab5e7e3', 'expense', 120.00, 'BDT', 'Plants and Pot', NULL, '8959bea1-10bb-477f-8598-385bd7edc0ba', '10f61b80-d903-432a-b986-53fa1ba37ffa', '98dae8a4-08f3-4131-a473-fbb7e3707cac', NULL, '2025-09-01', '{}', NULL, NULL, NULL, false, NULL, NULL, '2025-09-03 05:45:45.211008+00', '2025-09-03 05:46:03.672853+00', NULL, NULL, NULL, false, NULL),
	('d55a6fd9-6efe-4cd3-a79d-251e19daa4f9', '0772beaf-9ccd-48e7-a178-f5312ab5e7e3', 'expense', 1000.00, 'BDT', 'Dentist Visit', NULL, '6b1923e4-0937-4a38-a470-d339c27db66a', '6e8ff9e8-7556-4d34-a9c1-cc97ca3c87a3', '98dae8a4-08f3-4131-a473-fbb7e3707cac', NULL, '2025-09-02', '{}', NULL, NULL, NULL, false, NULL, NULL, '2025-09-03 05:46:47.174584+00', '2025-09-03 05:47:08.235119+00', NULL, NULL, NULL, false, NULL),
	('178cbd86-d2bf-4b49-bfec-4c11e08beba7', '0772beaf-9ccd-48e7-a178-f5312ab5e7e3', 'expense', 20.00, 'BDT', 'Snacks', NULL, '2c591da6-9f0a-402e-8736-e2b390b6f278', 'f64c29dc-d53d-4944-8e14-a94049c8d8c7', '98dae8a4-08f3-4131-a473-fbb7e3707cac', NULL, '2025-09-02', '{}', NULL, NULL, NULL, false, NULL, NULL, '2025-09-03 06:01:42.462164+00', '2025-09-03 06:01:42.462164+00', NULL, NULL, NULL, false, NULL),
	('2872b440-81e6-4c08-b1db-756346f715e3', '0772beaf-9ccd-48e7-a178-f5312ab5e7e3', 'expense', 270.00, 'BDT', 'Egg 2 Dozen', NULL, '2c591da6-9f0a-402e-8736-e2b390b6f278', '11ed6f20-1993-441a-bec2-f0c3944b93b5', '98dae8a4-08f3-4131-a473-fbb7e3707cac', NULL, '2025-09-01', '{}', NULL, NULL, NULL, false, NULL, NULL, '2025-09-03 15:04:06.069148+00', '2025-09-03 15:04:06.069148+00', NULL, NULL, NULL, false, NULL),
	('076e5d63-7cbe-471d-b3c0-c3a199bc46df', '0772beaf-9ccd-48e7-a178-f5312ab5e7e3', 'expense', 2830.00, 'BDT', 'Fish', NULL, '2c591da6-9f0a-402e-8736-e2b390b6f278', 'c29fc20f-f7d6-443d-a23e-9a52f2241322', '98dae8a4-08f3-4131-a473-fbb7e3707cac', NULL, '2025-09-03', '{}', NULL, NULL, NULL, false, NULL, NULL, '2025-09-03 15:04:57.828903+00', '2025-09-03 15:04:57.828903+00', NULL, NULL, NULL, false, NULL),
	('05ff4eaf-b223-4ef1-9e9e-6a256b3c5f7c', '0772beaf-9ccd-48e7-a178-f5312ab5e7e3', 'expense', 1135.00, 'BDT', 'Dal and seeds', NULL, '2c591da6-9f0a-402e-8736-e2b390b6f278', '11ed6f20-1993-441a-bec2-f0c3944b93b5', '98dae8a4-08f3-4131-a473-fbb7e3707cac', NULL, '2025-09-03', '{}', NULL, NULL, NULL, false, NULL, NULL, '2025-09-03 15:06:24.289323+00', '2025-09-03 15:06:24.289323+00', NULL, NULL, NULL, false, NULL),
	('1506d900-b98d-42db-8924-80f5c095b714', '0772beaf-9ccd-48e7-a178-f5312ab5e7e3', 'expense', 110.00, 'BDT', 'Banana', NULL, '2c591da6-9f0a-402e-8736-e2b390b6f278', '8e3383dd-254e-4d85-b852-01bca6574b21', '98dae8a4-08f3-4131-a473-fbb7e3707cac', NULL, '2025-09-05', '{}', NULL, NULL, NULL, false, NULL, NULL, '2025-09-05 15:51:42.833379+00', '2025-09-05 15:51:42.833379+00', NULL, NULL, NULL, false, NULL),
	('3c837b3e-e42a-4811-a1ce-1648b6427593', '0772beaf-9ccd-48e7-a178-f5312ab5e7e3', 'expense', 50.00, 'BDT', 'Spinach', NULL, '2c591da6-9f0a-402e-8736-e2b390b6f278', '8e3383dd-254e-4d85-b852-01bca6574b21', '98dae8a4-08f3-4131-a473-fbb7e3707cac', NULL, '2025-09-05', '{}', NULL, NULL, NULL, false, NULL, NULL, '2025-09-05 15:55:30.91817+00', '2025-09-05 15:55:30.91817+00', NULL, NULL, NULL, false, NULL),
	('8453a68b-10ac-4ebb-a743-2580d046e6da', '0772beaf-9ccd-48e7-a178-f5312ab5e7e3', 'expense', 280.00, 'BDT', 'Egg 2 Dozen', NULL, NULL, NULL, NULL, NULL, '2025-09-06', '{}', NULL, NULL, NULL, false, NULL, NULL, '2025-09-07 08:35:28.701336+00', '2025-09-07 08:35:28.701336+00', NULL, NULL, NULL, false, NULL),
	('6ef415f6-95f0-4a26-9f7e-559e0f2b8ef3', '0772beaf-9ccd-48e7-a178-f5312ab5e7e3', 'expense', 70.00, 'BDT', 'Lemon and corriander', NULL, NULL, NULL, NULL, NULL, '2025-09-06', '{}', NULL, NULL, NULL, false, NULL, NULL, '2025-09-07 08:36:00.016014+00', '2025-09-07 08:36:00.016014+00', NULL, NULL, NULL, false, NULL),
	('77d91247-dd13-4fc1-a294-864b8135961c', '0772beaf-9ccd-48e7-a178-f5312ab5e7e3', 'expense', 240.00, 'BDT', 'Onion', NULL, NULL, NULL, NULL, NULL, '2025-09-06', '{}', NULL, NULL, NULL, false, NULL, NULL, '2025-09-07 08:36:17.349004+00', '2025-09-07 08:36:17.349004+00', NULL, NULL, NULL, false, NULL),
	('43d3ef50-c740-4b86-a265-ae5c408ea06f', '0772beaf-9ccd-48e7-a178-f5312ab5e7e3', 'expense', 40.00, 'BDT', 'Red Spinac', NULL, '2c591da6-9f0a-402e-8736-e2b390b6f278', '8e3383dd-254e-4d85-b852-01bca6574b21', '2b754951-ed6f-477a-a6ed-28986fe482eb', NULL, '2025-09-08', '{}', NULL, NULL, NULL, false, NULL, NULL, '2025-09-08 17:23:36.728752+00', '2025-09-08 17:23:36.728752+00', NULL, NULL, NULL, false, NULL),
	('497461fa-a8e4-440d-b69c-b3f9d416b187', '0772beaf-9ccd-48e7-a178-f5312ab5e7e3', 'expense', 130.00, 'BDT', 'Banana', NULL, '2c591da6-9f0a-402e-8736-e2b390b6f278', '8e3383dd-254e-4d85-b852-01bca6574b21', '2b754951-ed6f-477a-a6ed-28986fe482eb', NULL, '2025-09-08', '{}', NULL, NULL, NULL, false, NULL, NULL, '2025-09-08 17:26:58.963532+00', '2025-09-08 17:26:58.963532+00', NULL, NULL, NULL, false, NULL),
	('e58b177c-8a5d-4575-8f1b-0a4612da5171', '0772beaf-9ccd-48e7-a178-f5312ab5e7e3', 'expense', 30.00, 'BDT', 'Bus Vara', NULL, 'a47aa26d-b298-416b-849e-8615c342539a', '4cf37aad-371f-4441-afe8-b4a61cef4268', '2b754951-ed6f-477a-a6ed-28986fe482eb', NULL, '2025-09-08', '{}', NULL, NULL, NULL, false, NULL, NULL, '2025-09-08 17:35:55.570341+00', '2025-09-08 17:35:55.570341+00', NULL, NULL, NULL, false, NULL),
	('123d661e-5a28-4e79-9beb-2ba93c8f9114', '0772beaf-9ccd-48e7-a178-f5312ab5e7e3', 'expense', 30.00, 'BDT', 'Bus Vara', NULL, 'a47aa26d-b298-416b-849e-8615c342539a', NULL, '2b754951-ed6f-477a-a6ed-28986fe482eb', NULL, '2025-09-07', '{}', NULL, NULL, NULL, false, NULL, NULL, '2025-09-08 17:37:07.508874+00', '2025-09-08 17:37:07.508874+00', NULL, NULL, NULL, false, NULL),
	('6e9b2dca-cd31-4cb9-94dd-b78204757080', '0772beaf-9ccd-48e7-a178-f5312ab5e7e3', 'expense', 180.00, 'BDT', 'Vegetables', NULL, '2c591da6-9f0a-402e-8736-e2b390b6f278', '8e3383dd-254e-4d85-b852-01bca6574b21', '2b754951-ed6f-477a-a6ed-28986fe482eb', NULL, '2025-09-09', '{}', NULL, NULL, NULL, false, NULL, NULL, '2025-09-09 13:27:52.973953+00', '2025-09-09 13:27:52.973953+00', NULL, NULL, NULL, false, NULL),
	('49552690-333b-4a89-99e5-7fb6c1dbe877', '0772beaf-9ccd-48e7-a178-f5312ab5e7e3', 'expense', 50.00, 'BDT', 'Pomelo', NULL, '2c591da6-9f0a-402e-8736-e2b390b6f278', '8e3383dd-254e-4d85-b852-01bca6574b21', '2b754951-ed6f-477a-a6ed-28986fe482eb', NULL, '2025-09-09', '{}', NULL, NULL, NULL, false, NULL, NULL, '2025-09-09 13:29:09.261063+00', '2025-09-09 13:29:09.261063+00', NULL, NULL, NULL, false, NULL),
	('9fa4056e-3a09-4ff9-8db0-7677ea0d87c0', '0772beaf-9ccd-48e7-a178-f5312ab5e7e3', 'expense', 120.00, 'BDT', 'Borhani', NULL, '2c591da6-9f0a-402e-8736-e2b390b6f278', 'f64c29dc-d53d-4944-8e14-a94049c8d8c7', '2b754951-ed6f-477a-a6ed-28986fe482eb', NULL, '2025-09-05', '{}', NULL, NULL, NULL, false, NULL, NULL, '2025-09-11 09:28:25.253773+00', '2025-09-11 09:28:25.253773+00', NULL, NULL, NULL, false, NULL),
	('625c5cab-2b51-4e40-8a2c-cf2d4614c551', '0772beaf-9ccd-48e7-a178-f5312ab5e7e3', 'expense', 9498.33, 'BDT', 'Daraz - PURCHASE EMI Loan EMI', 'Auto-generated EMI payment. Principal: 9498.33, Interest: 0.00', NULL, NULL, 'd528984f-ff6b-43b9-9fed-3ebc99a6fc57', NULL, '2025-09-11', '{loan,emi,auto_debit,purchase_emi}', NULL, NULL, NULL, false, NULL, '{"loan_id": "ded5bdb3-5c56-4ac7-a9b1-0f4d443d353a", "loan_type": "purchase_emi", "auto_generated": true, "interest_portion": 0.00, "remaining_tenure": 7, "principal_portion": 9498.33}', '2025-09-11 09:34:44.674998+00', '2025-09-11 09:34:44.674998+00', NULL, NULL, NULL, false, NULL),
	('83eb20a3-2013-4d05-8a9d-e682e1c39e0e', '0772beaf-9ccd-48e7-a178-f5312ab5e7e3', 'expense', 9498.33, 'BDT', 'Daraz - PURCHASE EMI Loan EMI', 'Auto-generated EMI payment. Principal: 9498.33, Interest: 0.00', NULL, NULL, 'd528984f-ff6b-43b9-9fed-3ebc99a6fc57', NULL, '2025-09-11', '{loan,emi,auto_debit,purchase_emi}', NULL, NULL, NULL, false, NULL, '{"loan_id": "ded5bdb3-5c56-4ac7-a9b1-0f4d443d353a", "loan_type": "purchase_emi", "auto_generated": true, "interest_portion": 0.00, "remaining_tenure": 6, "principal_portion": 9498.33}', '2025-09-11 10:30:49.886673+00', '2025-09-11 10:30:49.886673+00', NULL, NULL, NULL, false, NULL),
	('c40c1515-7141-425a-b8ad-c6e0f7281201', '0772beaf-9ccd-48e7-a178-f5312ab5e7e3', 'income', 1500.00, 'BDT', 'Tution', NULL, '7a672b94-07d4-451c-a619-286117e3df52', NULL, '2b754951-ed6f-477a-a6ed-28986fe482eb', NULL, '2025-10-16', '{}', NULL, NULL, NULL, false, NULL, NULL, '2025-10-16 16:29:44.865909+00', '2025-10-16 16:29:44.865909+00', NULL, NULL, NULL, false, NULL),
	('3b436cff-f24f-4ed3-abc0-701f01919e16', '0772beaf-9ccd-48e7-a178-f5312ab5e7e3', 'income', 1500.00, 'BDT', 'Web Development', NULL, 'becdaa39-b7ca-444e-b432-e6bba1d5e95d', 'fa55ec75-0a84-4475-8672-37188c2a42e0', '2b754951-ed6f-477a-a6ed-28986fe482eb', NULL, '2025-10-16', '{}', NULL, NULL, NULL, false, NULL, NULL, '2025-10-16 16:31:26.379237+00', '2025-10-16 16:31:26.379237+00', NULL, NULL, NULL, false, NULL);


--
-- Data for Name: emi_payments; Type: TABLE DATA; Schema: public; Owner: postgres
--

INSERT INTO "public"."emi_payments" ("id", "user_id", "loan_id", "payment_date", "amount", "principal_amount", "interest_amount", "outstanding_balance", "is_paid", "paid_date", "payment_method", "transaction_reference", "notes", "created_at", "updated_at", "transaction_id", "late_fee", "is_prepayment") VALUES
	('5b96ca88-29a0-4b92-b008-e5ceb6360c29', '0772beaf-9ccd-48e7-a178-f5312ab5e7e3', 'cbe61a49-1fb2-45ac-9ee6-789ec72fdad6', '2025-08-17', 23653.65, 18445.32, 5208.33, 481554.68, true, NULL, 'auto_debit', NULL, NULL, '2025-08-17 10:16:06.497212+00', '2025-08-17 10:16:06.497212+00', 'bce52532-8d1a-435f-8661-48f45974b560', 0.00, false),
	('24b4b408-a0f4-43af-b03d-e07e4412b9f9', '0772beaf-9ccd-48e7-a178-f5312ab5e7e3', '8067c888-6875-49ab-9d80-f09a893eaf03', '2025-08-17', 27921.90, 13921.90, 14000.00, 1186078.10, true, NULL, 'auto_debit', NULL, NULL, '2025-08-17 10:18:03.556+00', '2025-08-17 10:18:03.556+00', 'e94c2d38-da0c-404d-958a-b574776f5825', 0.00, false),
	('746d5367-b6b5-41be-a92d-b22f70cfa840', '0772beaf-9ccd-48e7-a178-f5312ab5e7e3', 'ded5bdb3-5c56-4ac7-a9b1-0f4d443d353a', '2025-09-11', 9498.33, 9498.33, 0.00, 47491.67, true, NULL, 'auto_debit', NULL, NULL, '2025-09-11 09:34:44.674998+00', '2025-09-11 09:34:44.674998+00', '625c5cab-2b51-4e40-8a2c-cf2d4614c551', 0.00, false),
	('a2d2c72a-0e2c-4c19-bf76-0425c3500051', '0772beaf-9ccd-48e7-a178-f5312ab5e7e3', 'ded5bdb3-5c56-4ac7-a9b1-0f4d443d353a', '2025-09-11', 9498.33, 9498.33, 0.00, 37993.34, true, NULL, 'auto_debit', NULL, NULL, '2025-09-11 10:30:49.886673+00', '2025-09-11 10:30:49.886673+00', '83eb20a3-2013-4d05-8a9d-e682e1c39e0e', 0.00, false);


--
-- Data for Name: emi_schedules; Type: TABLE DATA; Schema: public; Owner: postgres
--

INSERT INTO "public"."emi_schedules" ("id", "user_id", "loan_id", "installment_number", "due_date", "emi_amount", "principal_amount", "interest_amount", "outstanding_balance", "is_paid", "payment_date", "actual_payment_amount", "late_fee", "payment_id", "created_at", "updated_at") VALUES
	('bec2b7b8-564f-434a-8e9f-e355399fa4f8', '0772beaf-9ccd-48e7-a178-f5312ab5e7e3', '724a8028-2255-41f3-8da7-9b9635660b92', 1, '2025-09-06', 11248.97, 6040.64, 5208.33, 493959.36, false, NULL, NULL, 0.00, NULL, '2025-08-17 07:35:28.55992+00', '2025-08-17 07:35:28.55992+00'),
	('c45a7cdd-f84d-4023-a3b4-e7e37e09d5b0', '0772beaf-9ccd-48e7-a178-f5312ab5e7e3', '724a8028-2255-41f3-8da7-9b9635660b92', 2, '2025-10-06', 11248.97, 6103.56, 5145.41, 487855.80, false, NULL, NULL, 0.00, NULL, '2025-08-17 07:35:28.55992+00', '2025-08-17 07:35:28.55992+00'),
	('9f8f4c38-b52f-40dc-bb9c-ef8b6e878547', '0772beaf-9ccd-48e7-a178-f5312ab5e7e3', '724a8028-2255-41f3-8da7-9b9635660b92', 3, '2025-11-06', 11248.97, 6167.14, 5081.83, 481688.66, false, NULL, NULL, 0.00, NULL, '2025-08-17 07:35:28.55992+00', '2025-08-17 07:35:28.55992+00'),
	('1746841c-23d3-46df-9f83-1a0537494289', '0772beaf-9ccd-48e7-a178-f5312ab5e7e3', '724a8028-2255-41f3-8da7-9b9635660b92', 4, '2025-12-06', 11248.97, 6231.38, 5017.59, 475457.28, false, NULL, NULL, 0.00, NULL, '2025-08-17 07:35:28.55992+00', '2025-08-17 07:35:28.55992+00'),
	('b0cee54d-226f-435d-b9f8-b4d0ebd55c9b', '0772beaf-9ccd-48e7-a178-f5312ab5e7e3', '724a8028-2255-41f3-8da7-9b9635660b92', 5, '2026-01-06', 11248.97, 6296.29, 4952.68, 469160.99, false, NULL, NULL, 0.00, NULL, '2025-08-17 07:35:28.55992+00', '2025-08-17 07:35:28.55992+00'),
	('bd2da1c6-6d88-4feb-99f5-16c14e0cc10c', '0772beaf-9ccd-48e7-a178-f5312ab5e7e3', '724a8028-2255-41f3-8da7-9b9635660b92', 6, '2026-02-06', 11248.97, 6361.88, 4887.09, 462799.12, false, NULL, NULL, 0.00, NULL, '2025-08-17 07:35:28.55992+00', '2025-08-17 07:35:28.55992+00'),
	('7f409c06-d5d7-4978-9359-5fccec7ee203', '0772beaf-9ccd-48e7-a178-f5312ab5e7e3', '724a8028-2255-41f3-8da7-9b9635660b92', 7, '2026-03-06', 11248.97, 6428.15, 4820.82, 456370.97, false, NULL, NULL, 0.00, NULL, '2025-08-17 07:35:28.55992+00', '2025-08-17 07:35:28.55992+00'),
	('6840c9d0-f335-467b-a5c3-1e6dd34035a1', '0772beaf-9ccd-48e7-a178-f5312ab5e7e3', '724a8028-2255-41f3-8da7-9b9635660b92', 8, '2026-04-06', 11248.97, 6495.11, 4753.86, 449875.87, false, NULL, NULL, 0.00, NULL, '2025-08-17 07:35:28.55992+00', '2025-08-17 07:35:28.55992+00'),
	('92577c76-136d-4979-a8aa-a5298f8def73', '0772beaf-9ccd-48e7-a178-f5312ab5e7e3', '724a8028-2255-41f3-8da7-9b9635660b92', 9, '2026-05-06', 11248.97, 6562.76, 4686.21, 443313.10, false, NULL, NULL, 0.00, NULL, '2025-08-17 07:35:28.55992+00', '2025-08-17 07:35:28.55992+00'),
	('fb6ca612-5ab4-4552-90d3-93f47575d2fe', '0772beaf-9ccd-48e7-a178-f5312ab5e7e3', '724a8028-2255-41f3-8da7-9b9635660b92', 10, '2026-06-06', 11248.97, 6631.13, 4617.84, 436681.98, false, NULL, NULL, 0.00, NULL, '2025-08-17 07:35:28.55992+00', '2025-08-17 07:35:28.55992+00'),
	('1a6c1df7-cfdc-458c-8d47-b9cf47272656', '0772beaf-9ccd-48e7-a178-f5312ab5e7e3', '724a8028-2255-41f3-8da7-9b9635660b92', 11, '2026-07-06', 11248.97, 6700.20, 4548.77, 429981.78, false, NULL, NULL, 0.00, NULL, '2025-08-17 07:35:28.55992+00', '2025-08-17 07:35:28.55992+00'),
	('2bf50a17-bca7-4a3c-be27-47d76d4c66ee', '0772beaf-9ccd-48e7-a178-f5312ab5e7e3', '724a8028-2255-41f3-8da7-9b9635660b92', 12, '2026-08-06', 11248.97, 6769.99, 4478.98, 423211.79, false, NULL, NULL, 0.00, NULL, '2025-08-17 07:35:28.55992+00', '2025-08-17 07:35:28.55992+00'),
	('013a61e1-3de4-4c21-adcb-2d27b5428739', '0772beaf-9ccd-48e7-a178-f5312ab5e7e3', '724a8028-2255-41f3-8da7-9b9635660b92', 13, '2026-09-06', 11248.97, 6840.51, 4408.46, 416371.27, false, NULL, NULL, 0.00, NULL, '2025-08-17 07:35:28.55992+00', '2025-08-17 07:35:28.55992+00'),
	('5d8af43c-12bc-4610-8ac8-ef2bbc56848a', '0772beaf-9ccd-48e7-a178-f5312ab5e7e3', '724a8028-2255-41f3-8da7-9b9635660b92', 14, '2026-10-06', 11248.97, 6911.77, 4337.20, 409459.50, false, NULL, NULL, 0.00, NULL, '2025-08-17 07:35:28.55992+00', '2025-08-17 07:35:28.55992+00'),
	('26d8284f-ff36-447b-9bb1-94819e588eb6', '0772beaf-9ccd-48e7-a178-f5312ab5e7e3', '724a8028-2255-41f3-8da7-9b9635660b92', 15, '2026-11-06', 11248.97, 6983.77, 4265.20, 402475.74, false, NULL, NULL, 0.00, NULL, '2025-08-17 07:35:28.55992+00', '2025-08-17 07:35:28.55992+00'),
	('618918a8-916c-4ca4-94c6-858089cc5228', '0772beaf-9ccd-48e7-a178-f5312ab5e7e3', '724a8028-2255-41f3-8da7-9b9635660b92', 16, '2026-12-06', 11248.97, 7056.51, 4192.46, 395419.22, false, NULL, NULL, 0.00, NULL, '2025-08-17 07:35:28.55992+00', '2025-08-17 07:35:28.55992+00'),
	('7729554c-39fe-496a-8b31-a367bfdfcf5a', '0772beaf-9ccd-48e7-a178-f5312ab5e7e3', '724a8028-2255-41f3-8da7-9b9635660b92', 17, '2027-01-06', 11248.97, 7130.02, 4118.95, 388289.20, false, NULL, NULL, 0.00, NULL, '2025-08-17 07:35:28.55992+00', '2025-08-17 07:35:28.55992+00'),
	('ed0f10b1-5b8f-47e9-b122-9eba35355202', '0772beaf-9ccd-48e7-a178-f5312ab5e7e3', '724a8028-2255-41f3-8da7-9b9635660b92', 18, '2027-02-06', 11248.97, 7204.29, 4044.68, 381084.91, false, NULL, NULL, 0.00, NULL, '2025-08-17 07:35:28.55992+00', '2025-08-17 07:35:28.55992+00'),
	('9ee58793-108a-42ec-856d-f0b0ba751965', '0772beaf-9ccd-48e7-a178-f5312ab5e7e3', '724a8028-2255-41f3-8da7-9b9635660b92', 19, '2027-03-06', 11248.97, 7279.34, 3969.63, 373805.58, false, NULL, NULL, 0.00, NULL, '2025-08-17 07:35:28.55992+00', '2025-08-17 07:35:28.55992+00'),
	('74ff303f-49b0-4956-bf1d-93b5da2b5619', '0772beaf-9ccd-48e7-a178-f5312ab5e7e3', '724a8028-2255-41f3-8da7-9b9635660b92', 20, '2027-04-06', 11248.97, 7355.16, 3893.81, 366450.41, false, NULL, NULL, 0.00, NULL, '2025-08-17 07:35:28.55992+00', '2025-08-17 07:35:28.55992+00'),
	('8bedb6a6-e0e4-479b-bd2f-22994b697eb2', '0772beaf-9ccd-48e7-a178-f5312ab5e7e3', '724a8028-2255-41f3-8da7-9b9635660b92', 21, '2027-05-06', 11248.97, 7431.78, 3817.19, 359018.64, false, NULL, NULL, 0.00, NULL, '2025-08-17 07:35:28.55992+00', '2025-08-17 07:35:28.55992+00'),
	('4fcceea2-9467-4a66-8f49-789cbc624ad7', '0772beaf-9ccd-48e7-a178-f5312ab5e7e3', '724a8028-2255-41f3-8da7-9b9635660b92', 22, '2027-06-06', 11248.97, 7509.19, 3739.78, 351509.44, false, NULL, NULL, 0.00, NULL, '2025-08-17 07:35:28.55992+00', '2025-08-17 07:35:28.55992+00'),
	('2e9a4ac4-81a1-4820-acaf-f5d11c31e9a1', '0772beaf-9ccd-48e7-a178-f5312ab5e7e3', '724a8028-2255-41f3-8da7-9b9635660b92', 23, '2027-07-06', 11248.97, 7587.41, 3661.56, 343922.03, false, NULL, NULL, 0.00, NULL, '2025-08-17 07:35:28.55992+00', '2025-08-17 07:35:28.55992+00'),
	('4e337dc1-2167-4e28-a6ff-86828ccd0f64', '0772beaf-9ccd-48e7-a178-f5312ab5e7e3', '724a8028-2255-41f3-8da7-9b9635660b92', 24, '2027-08-06', 11248.97, 7666.45, 3582.52, 336255.58, false, NULL, NULL, 0.00, NULL, '2025-08-17 07:35:28.55992+00', '2025-08-17 07:35:28.55992+00'),
	('e6199809-289c-4188-9ec6-f3c5ca9af261', '0772beaf-9ccd-48e7-a178-f5312ab5e7e3', '724a8028-2255-41f3-8da7-9b9635660b92', 25, '2027-09-06', 11248.97, 7746.31, 3502.66, 328509.27, false, NULL, NULL, 0.00, NULL, '2025-08-17 07:35:28.55992+00', '2025-08-17 07:35:28.55992+00'),
	('034d7c95-9988-40b0-9954-c0a0360ff82e', '0772beaf-9ccd-48e7-a178-f5312ab5e7e3', '724a8028-2255-41f3-8da7-9b9635660b92', 26, '2027-10-06', 11248.97, 7827.00, 3421.97, 320682.27, false, NULL, NULL, 0.00, NULL, '2025-08-17 07:35:28.55992+00', '2025-08-17 07:35:28.55992+00'),
	('84330a8f-5c9a-4ab7-bc29-ab9c0c6333e3', '0772beaf-9ccd-48e7-a178-f5312ab5e7e3', '724a8028-2255-41f3-8da7-9b9635660b92', 27, '2027-11-06', 11248.97, 7908.53, 3340.44, 312773.75, false, NULL, NULL, 0.00, NULL, '2025-08-17 07:35:28.55992+00', '2025-08-17 07:35:28.55992+00'),
	('4e37213e-e401-4da9-8acb-196031bb3ecf', '0772beaf-9ccd-48e7-a178-f5312ab5e7e3', '724a8028-2255-41f3-8da7-9b9635660b92', 28, '2027-12-06', 11248.97, 7990.91, 3258.06, 304782.84, false, NULL, NULL, 0.00, NULL, '2025-08-17 07:35:28.55992+00', '2025-08-17 07:35:28.55992+00'),
	('7a297f55-2453-45dd-ae4c-d97f3f71e312', '0772beaf-9ccd-48e7-a178-f5312ab5e7e3', '724a8028-2255-41f3-8da7-9b9635660b92', 29, '2028-01-06', 11248.97, 8074.15, 3174.82, 296708.69, false, NULL, NULL, 0.00, NULL, '2025-08-17 07:35:28.55992+00', '2025-08-17 07:35:28.55992+00'),
	('798dac7b-9d7c-4997-baf6-b84fd20b1f5a', '0772beaf-9ccd-48e7-a178-f5312ab5e7e3', '724a8028-2255-41f3-8da7-9b9635660b92', 30, '2028-02-06', 11248.97, 8158.25, 3090.72, 288550.43, false, NULL, NULL, 0.00, NULL, '2025-08-17 07:35:28.55992+00', '2025-08-17 07:35:28.55992+00'),
	('4d36bf70-a93c-4381-97d2-160e638b1d42', '0772beaf-9ccd-48e7-a178-f5312ab5e7e3', '724a8028-2255-41f3-8da7-9b9635660b92', 31, '2028-03-06', 11248.97, 8243.24, 3005.73, 280307.20, false, NULL, NULL, 0.00, NULL, '2025-08-17 07:35:28.55992+00', '2025-08-17 07:35:28.55992+00'),
	('9338dee5-9bb3-40e0-b128-460e9579a521', '0772beaf-9ccd-48e7-a178-f5312ab5e7e3', '724a8028-2255-41f3-8da7-9b9635660b92', 32, '2028-04-06', 11248.97, 8329.10, 2919.87, 271978.09, false, NULL, NULL, 0.00, NULL, '2025-08-17 07:35:28.55992+00', '2025-08-17 07:35:28.55992+00'),
	('36e47a49-e0c7-49c0-b97f-dccbe3a67f41', '0772beaf-9ccd-48e7-a178-f5312ab5e7e3', '724a8028-2255-41f3-8da7-9b9635660b92', 33, '2028-05-06', 11248.97, 8415.86, 2833.11, 263562.23, false, NULL, NULL, 0.00, NULL, '2025-08-17 07:35:28.55992+00', '2025-08-17 07:35:28.55992+00'),
	('77820bca-97ce-41db-b274-91ec13989c3e', '0772beaf-9ccd-48e7-a178-f5312ab5e7e3', '724a8028-2255-41f3-8da7-9b9635660b92', 34, '2028-06-06', 11248.97, 8503.53, 2745.44, 255058.70, false, NULL, NULL, 0.00, NULL, '2025-08-17 07:35:28.55992+00', '2025-08-17 07:35:28.55992+00'),
	('b386632d-af77-461d-96d1-57eed524462d', '0772beaf-9ccd-48e7-a178-f5312ab5e7e3', '724a8028-2255-41f3-8da7-9b9635660b92', 35, '2028-07-06', 11248.97, 8592.11, 2656.86, 246466.59, false, NULL, NULL, 0.00, NULL, '2025-08-17 07:35:28.55992+00', '2025-08-17 07:35:28.55992+00'),
	('242a2c1a-83c5-40ea-b0b4-b7a590b59b75', '0772beaf-9ccd-48e7-a178-f5312ab5e7e3', '724a8028-2255-41f3-8da7-9b9635660b92', 36, '2028-08-06', 11248.97, 8681.61, 2567.36, 237784.98, false, NULL, NULL, 0.00, NULL, '2025-08-17 07:35:28.55992+00', '2025-08-17 07:35:28.55992+00'),
	('73ee6d11-c894-4036-9244-1177e417e4e4', '0772beaf-9ccd-48e7-a178-f5312ab5e7e3', '724a8028-2255-41f3-8da7-9b9635660b92', 37, '2028-09-06', 11248.97, 8772.04, 2476.93, 229012.94, false, NULL, NULL, 0.00, NULL, '2025-08-17 07:35:28.55992+00', '2025-08-17 07:35:28.55992+00'),
	('2c3f937f-ff67-41ea-b77b-cf61f268033f', '0772beaf-9ccd-48e7-a178-f5312ab5e7e3', '724a8028-2255-41f3-8da7-9b9635660b92', 38, '2028-10-06', 11248.97, 8863.42, 2385.55, 220149.52, false, NULL, NULL, 0.00, NULL, '2025-08-17 07:35:28.55992+00', '2025-08-17 07:35:28.55992+00'),
	('1dccf5ec-2adc-4196-afe5-be6e56681fa1', '0772beaf-9ccd-48e7-a178-f5312ab5e7e3', '724a8028-2255-41f3-8da7-9b9635660b92', 39, '2028-11-06', 11248.97, 8955.75, 2293.22, 211193.77, false, NULL, NULL, 0.00, NULL, '2025-08-17 07:35:28.55992+00', '2025-08-17 07:35:28.55992+00'),
	('9fc41d2c-930d-4d20-ad07-d08ab22f16d3', '0772beaf-9ccd-48e7-a178-f5312ab5e7e3', '724a8028-2255-41f3-8da7-9b9635660b92', 40, '2028-12-06', 11248.97, 9049.03, 2199.94, 202144.74, false, NULL, NULL, 0.00, NULL, '2025-08-17 07:35:28.55992+00', '2025-08-17 07:35:28.55992+00'),
	('0d610670-e000-483b-9382-b7e1abf3f786', '0772beaf-9ccd-48e7-a178-f5312ab5e7e3', '724a8028-2255-41f3-8da7-9b9635660b92', 41, '2029-01-06', 11248.97, 9143.30, 2105.67, 193001.44, false, NULL, NULL, 0.00, NULL, '2025-08-17 07:35:28.55992+00', '2025-08-17 07:35:28.55992+00'),
	('cc51c10e-6375-40d9-8561-6a6d156e29b7', '0772beaf-9ccd-48e7-a178-f5312ab5e7e3', '724a8028-2255-41f3-8da7-9b9635660b92', 42, '2029-02-06', 11248.97, 9238.54, 2010.43, 183762.90, false, NULL, NULL, 0.00, NULL, '2025-08-17 07:35:28.55992+00', '2025-08-17 07:35:28.55992+00'),
	('3ef8c1a7-a1d7-4ccb-9f75-f526e916ba1c', '0772beaf-9ccd-48e7-a178-f5312ab5e7e3', '724a8028-2255-41f3-8da7-9b9635660b92', 43, '2029-03-06', 11248.97, 9334.77, 1914.20, 174428.13, false, NULL, NULL, 0.00, NULL, '2025-08-17 07:35:28.55992+00', '2025-08-17 07:35:28.55992+00'),
	('2c4034a9-033a-4f63-83c1-740479a5aa1c', '0772beaf-9ccd-48e7-a178-f5312ab5e7e3', '724a8028-2255-41f3-8da7-9b9635660b92', 44, '2029-04-06', 11248.97, 9432.01, 1816.96, 164996.12, false, NULL, NULL, 0.00, NULL, '2025-08-17 07:35:28.55992+00', '2025-08-17 07:35:28.55992+00'),
	('73b26434-27a9-4583-9e9b-a229dc96e1e7', '0772beaf-9ccd-48e7-a178-f5312ab5e7e3', '724a8028-2255-41f3-8da7-9b9635660b92', 45, '2029-05-06', 11248.97, 9530.26, 1718.71, 155465.86, false, NULL, NULL, 0.00, NULL, '2025-08-17 07:35:28.55992+00', '2025-08-17 07:35:28.55992+00'),
	('12464cb4-2dc2-4589-8b39-1060ce792203', '0772beaf-9ccd-48e7-a178-f5312ab5e7e3', '724a8028-2255-41f3-8da7-9b9635660b92', 46, '2029-06-06', 11248.97, 9629.53, 1619.44, 145836.32, false, NULL, NULL, 0.00, NULL, '2025-08-17 07:35:28.55992+00', '2025-08-17 07:35:28.55992+00'),
	('a0797bdb-3db9-4858-bf19-3e574f649231', '0772beaf-9ccd-48e7-a178-f5312ab5e7e3', '724a8028-2255-41f3-8da7-9b9635660b92', 47, '2029-07-06', 11248.97, 9729.84, 1519.13, 136106.48, false, NULL, NULL, 0.00, NULL, '2025-08-17 07:35:28.55992+00', '2025-08-17 07:35:28.55992+00'),
	('055e677d-1e71-4e24-b38f-6040b855ed01', '0772beaf-9ccd-48e7-a178-f5312ab5e7e3', '724a8028-2255-41f3-8da7-9b9635660b92', 48, '2029-08-06', 11248.97, 9831.19, 1417.78, 126275.29, false, NULL, NULL, 0.00, NULL, '2025-08-17 07:35:28.55992+00', '2025-08-17 07:35:28.55992+00'),
	('3e1d1a33-305b-4cbe-b0d0-0d172c401ea0', '0772beaf-9ccd-48e7-a178-f5312ab5e7e3', '724a8028-2255-41f3-8da7-9b9635660b92', 49, '2029-09-06', 11248.97, 9933.60, 1315.37, 116341.69, false, NULL, NULL, 0.00, NULL, '2025-08-17 07:35:28.55992+00', '2025-08-17 07:35:28.55992+00'),
	('09aaa037-b676-4e4a-81ce-90671c9a155b', '0772beaf-9ccd-48e7-a178-f5312ab5e7e3', '724a8028-2255-41f3-8da7-9b9635660b92', 50, '2029-10-06', 11248.97, 10037.08, 1211.89, 106304.61, false, NULL, NULL, 0.00, NULL, '2025-08-17 07:35:28.55992+00', '2025-08-17 07:35:28.55992+00'),
	('e446c602-e970-4fdb-a9d3-160df53e950a', '0772beaf-9ccd-48e7-a178-f5312ab5e7e3', '724a8028-2255-41f3-8da7-9b9635660b92', 51, '2029-11-06', 11248.97, 10141.63, 1107.34, 96162.98, false, NULL, NULL, 0.00, NULL, '2025-08-17 07:35:28.55992+00', '2025-08-17 07:35:28.55992+00'),
	('952d715b-5c13-49b9-b15f-50454221473a', '0772beaf-9ccd-48e7-a178-f5312ab5e7e3', '724a8028-2255-41f3-8da7-9b9635660b92', 52, '2029-12-06', 11248.97, 10247.27, 1001.70, 85915.71, false, NULL, NULL, 0.00, NULL, '2025-08-17 07:35:28.55992+00', '2025-08-17 07:35:28.55992+00'),
	('c62d7f7d-feeb-4607-bcae-efe1037d702a', '0772beaf-9ccd-48e7-a178-f5312ab5e7e3', '724a8028-2255-41f3-8da7-9b9635660b92', 53, '2030-01-06', 11248.97, 10354.01, 894.96, 75561.69, false, NULL, NULL, 0.00, NULL, '2025-08-17 07:35:28.55992+00', '2025-08-17 07:35:28.55992+00'),
	('2997f4a9-afb9-40ae-966e-815fbab33810', '0772beaf-9ccd-48e7-a178-f5312ab5e7e3', '724a8028-2255-41f3-8da7-9b9635660b92', 54, '2030-02-06', 11248.97, 10461.87, 787.10, 65099.82, false, NULL, NULL, 0.00, NULL, '2025-08-17 07:35:28.55992+00', '2025-08-17 07:35:28.55992+00'),
	('858e973f-75f9-4a2a-8f72-d789cc6149b4', '0772beaf-9ccd-48e7-a178-f5312ab5e7e3', '724a8028-2255-41f3-8da7-9b9635660b92', 55, '2030-03-06', 11248.97, 10570.85, 678.12, 54528.98, false, NULL, NULL, 0.00, NULL, '2025-08-17 07:35:28.55992+00', '2025-08-17 07:35:28.55992+00'),
	('f0565313-b43e-4b5f-a406-5ab55ea1e6ff', '0772beaf-9ccd-48e7-a178-f5312ab5e7e3', '724a8028-2255-41f3-8da7-9b9635660b92', 56, '2030-04-06', 11248.97, 10680.96, 568.01, 43848.02, false, NULL, NULL, 0.00, NULL, '2025-08-17 07:35:28.55992+00', '2025-08-17 07:35:28.55992+00'),
	('f67990a0-72fd-46d0-886d-13b59bd31ae0', '0772beaf-9ccd-48e7-a178-f5312ab5e7e3', '724a8028-2255-41f3-8da7-9b9635660b92', 57, '2030-05-06', 11248.97, 10792.22, 456.75, 33055.80, false, NULL, NULL, 0.00, NULL, '2025-08-17 07:35:28.55992+00', '2025-08-17 07:35:28.55992+00'),
	('f04f095f-9a93-4223-8612-0cd40098df85', '0772beaf-9ccd-48e7-a178-f5312ab5e7e3', '724a8028-2255-41f3-8da7-9b9635660b92', 58, '2030-06-06', 11248.97, 10904.64, 344.33, 22151.16, false, NULL, NULL, 0.00, NULL, '2025-08-17 07:35:28.55992+00', '2025-08-17 07:35:28.55992+00'),
	('11a4d70c-46be-4b57-aa5e-41b988c1ac6e', '0772beaf-9ccd-48e7-a178-f5312ab5e7e3', '724a8028-2255-41f3-8da7-9b9635660b92', 59, '2030-07-06', 11248.97, 11018.23, 230.74, 11132.93, false, NULL, NULL, 0.00, NULL, '2025-08-17 07:35:28.55992+00', '2025-08-17 07:35:28.55992+00'),
	('8ed83e9b-d97b-430a-ba31-1469a1215266', '0772beaf-9ccd-48e7-a178-f5312ab5e7e3', '724a8028-2255-41f3-8da7-9b9635660b92', 60, '2030-08-06', 11248.97, 11132.93, 115.97, 0.00, false, NULL, NULL, 0.00, NULL, '2025-08-17 07:35:28.55992+00', '2025-08-17 07:35:28.55992+00'),
	('73f2ed14-3916-4c5a-86cb-975c884c8ebd', '0772beaf-9ccd-48e7-a178-f5312ab5e7e3', '8067c888-6875-49ab-9d80-f09a893eaf03', 15, '2026-11-01', 27921.90, 16376.56, 11545.34, 973224.01, false, NULL, NULL, 0.00, NULL, '2025-08-17 09:19:16.97874+00', '2025-08-17 09:19:16.97874+00'),
	('9b0d8f58-3fa1-43d5-acb7-2bfa8ed50acb', '0772beaf-9ccd-48e7-a178-f5312ab5e7e3', '8067c888-6875-49ab-9d80-f09a893eaf03', 16, '2026-12-01', 27921.90, 16567.62, 11354.28, 956656.40, false, NULL, NULL, 0.00, NULL, '2025-08-17 09:19:16.97874+00', '2025-08-17 09:19:16.97874+00'),
	('082cfcec-b0b3-4ba5-95c9-b46e7d8f8ea5', '0772beaf-9ccd-48e7-a178-f5312ab5e7e3', '8067c888-6875-49ab-9d80-f09a893eaf03', 17, '2027-01-01', 27921.90, 16760.91, 11160.99, 939895.49, false, NULL, NULL, 0.00, NULL, '2025-08-17 09:19:16.97874+00', '2025-08-17 09:19:16.97874+00'),
	('b6930a15-8b3c-45fc-93b0-0e598092a775', '0772beaf-9ccd-48e7-a178-f5312ab5e7e3', '8067c888-6875-49ab-9d80-f09a893eaf03', 18, '2027-02-01', 27921.90, 16956.45, 10965.45, 922939.03, false, NULL, NULL, 0.00, NULL, '2025-08-17 09:19:16.97874+00', '2025-08-17 09:19:16.97874+00'),
	('1ee8bfcf-90e6-43c6-8954-f59da340fcd7', '0772beaf-9ccd-48e7-a178-f5312ab5e7e3', '8067c888-6875-49ab-9d80-f09a893eaf03', 19, '2027-03-01', 27921.90, 17154.28, 10767.62, 905784.76, false, NULL, NULL, 0.00, NULL, '2025-08-17 09:19:16.97874+00', '2025-08-17 09:19:16.97874+00'),
	('5d556250-7613-440a-9a39-0d924dfe6963', '0772beaf-9ccd-48e7-a178-f5312ab5e7e3', '8067c888-6875-49ab-9d80-f09a893eaf03', 20, '2027-04-01', 27921.90, 17354.41, 10567.49, 888430.34, false, NULL, NULL, 0.00, NULL, '2025-08-17 09:19:16.97874+00', '2025-08-17 09:19:16.97874+00'),
	('bd7fcb29-3699-46cd-8da8-3896b97df9ab', '0772beaf-9ccd-48e7-a178-f5312ab5e7e3', '8067c888-6875-49ab-9d80-f09a893eaf03', 21, '2027-05-01', 27921.90, 17556.88, 10365.02, 870873.47, false, NULL, NULL, 0.00, NULL, '2025-08-17 09:19:16.97874+00', '2025-08-17 09:19:16.97874+00'),
	('6f94ef00-9bf2-4f58-9381-4f551022f2aa', '0772beaf-9ccd-48e7-a178-f5312ab5e7e3', '8067c888-6875-49ab-9d80-f09a893eaf03', 22, '2027-06-01', 27921.90, 17761.71, 10160.19, 853111.76, false, NULL, NULL, 0.00, NULL, '2025-08-17 09:19:16.97874+00', '2025-08-17 09:19:16.97874+00'),
	('70148930-0de5-4946-98dc-8fdbc9de0879', '0772beaf-9ccd-48e7-a178-f5312ab5e7e3', '8067c888-6875-49ab-9d80-f09a893eaf03', 23, '2027-07-01', 27921.90, 17968.93, 9952.97, 835142.83, false, NULL, NULL, 0.00, NULL, '2025-08-17 09:19:16.97874+00', '2025-08-17 09:19:16.97874+00'),
	('2f993855-0599-4389-8996-ff4ac60da2cd', '0772beaf-9ccd-48e7-a178-f5312ab5e7e3', '8067c888-6875-49ab-9d80-f09a893eaf03', 24, '2027-08-01', 27921.90, 18178.57, 9743.33, 816964.26, false, NULL, NULL, 0.00, NULL, '2025-08-17 09:19:16.97874+00', '2025-08-17 09:19:16.97874+00'),
	('ef6c42b7-4d2d-4b8c-891a-134e23540437', '0772beaf-9ccd-48e7-a178-f5312ab5e7e3', '8067c888-6875-49ab-9d80-f09a893eaf03', 25, '2027-09-01', 27921.90, 18390.65, 9531.25, 798573.61, false, NULL, NULL, 0.00, NULL, '2025-08-17 09:19:16.97874+00', '2025-08-17 09:19:16.97874+00'),
	('f963f078-299b-4df5-b58c-d9c263f88af8', '0772beaf-9ccd-48e7-a178-f5312ab5e7e3', '8067c888-6875-49ab-9d80-f09a893eaf03', 26, '2027-10-01', 27921.90, 18605.21, 9316.69, 779968.40, false, NULL, NULL, 0.00, NULL, '2025-08-17 09:19:16.97874+00', '2025-08-17 09:19:16.97874+00'),
	('69eaab6e-d798-4a58-9364-f005beaba241', '0772beaf-9ccd-48e7-a178-f5312ab5e7e3', '8067c888-6875-49ab-9d80-f09a893eaf03', 27, '2027-11-01', 27921.90, 18822.27, 9099.63, 761146.13, false, NULL, NULL, 0.00, NULL, '2025-08-17 09:19:16.97874+00', '2025-08-17 09:19:16.97874+00'),
	('98dbbaab-fa4c-4740-b7d4-0d4832ee2734', '0772beaf-9ccd-48e7-a178-f5312ab5e7e3', '8067c888-6875-49ab-9d80-f09a893eaf03', 28, '2027-12-01', 27921.90, 19041.86, 8880.04, 742104.27, false, NULL, NULL, 0.00, NULL, '2025-08-17 09:19:16.97874+00', '2025-08-17 09:19:16.97874+00'),
	('d91fd56a-dd77-4c8c-9bf1-236234d97e17', '0772beaf-9ccd-48e7-a178-f5312ab5e7e3', '8067c888-6875-49ab-9d80-f09a893eaf03', 29, '2028-01-01', 27921.90, 19264.02, 8657.88, 722840.25, false, NULL, NULL, 0.00, NULL, '2025-08-17 09:19:16.97874+00', '2025-08-17 09:19:16.97874+00'),
	('92585cb7-507e-4eca-9d78-28c2af3ae3de', '0772beaf-9ccd-48e7-a178-f5312ab5e7e3', '8067c888-6875-49ab-9d80-f09a893eaf03', 30, '2028-02-01', 27921.90, 19488.76, 8433.14, 703351.49, false, NULL, NULL, 0.00, NULL, '2025-08-17 09:19:16.97874+00', '2025-08-17 09:19:16.97874+00'),
	('136296bf-cf64-4592-ace4-6c4de5c49f57', '0772beaf-9ccd-48e7-a178-f5312ab5e7e3', '8067c888-6875-49ab-9d80-f09a893eaf03', 31, '2028-03-01', 27921.90, 19716.13, 8205.77, 683635.36, false, NULL, NULL, 0.00, NULL, '2025-08-17 09:19:16.97874+00', '2025-08-17 09:19:16.97874+00'),
	('22e23c27-15a2-4e03-baa0-bdb7072bf6e2', '0772beaf-9ccd-48e7-a178-f5312ab5e7e3', '8067c888-6875-49ab-9d80-f09a893eaf03', 32, '2028-04-01', 27921.90, 19946.15, 7975.75, 663689.20, false, NULL, NULL, 0.00, NULL, '2025-08-17 09:19:16.97874+00', '2025-08-17 09:19:16.97874+00'),
	('bf193b68-d460-4c6b-960e-0b1a670fa83e', '0772beaf-9ccd-48e7-a178-f5312ab5e7e3', '8067c888-6875-49ab-9d80-f09a893eaf03', 33, '2028-05-01', 27921.90, 20178.86, 7743.04, 643510.34, false, NULL, NULL, 0.00, NULL, '2025-08-17 09:19:16.97874+00', '2025-08-17 09:19:16.97874+00'),
	('6f883127-8f84-4987-93cd-38028dc3fe97', '0772beaf-9ccd-48e7-a178-f5312ab5e7e3', '8067c888-6875-49ab-9d80-f09a893eaf03', 1, '2025-09-01', 27921.90, 13921.90, 14000.00, 1186078.10, false, NULL, NULL, 0.00, NULL, '2025-08-17 09:19:16.97874+00', '2025-08-17 09:19:16.97874+00'),
	('4e8c03a0-cd81-478d-b5d1-2d6258663d98', '0772beaf-9ccd-48e7-a178-f5312ab5e7e3', '8067c888-6875-49ab-9d80-f09a893eaf03', 2, '2025-10-01', 27921.90, 14084.32, 13837.58, 1171993.78, false, NULL, NULL, 0.00, NULL, '2025-08-17 09:19:16.97874+00', '2025-08-17 09:19:16.97874+00'),
	('3ac37ee8-2af0-4f63-9edd-e977919a8659', '0772beaf-9ccd-48e7-a178-f5312ab5e7e3', '8067c888-6875-49ab-9d80-f09a893eaf03', 3, '2025-11-01', 27921.90, 14248.64, 13673.26, 1157745.14, false, NULL, NULL, 0.00, NULL, '2025-08-17 09:19:16.97874+00', '2025-08-17 09:19:16.97874+00'),
	('da849f88-c664-48ee-a7a0-57d69f566e15', '0772beaf-9ccd-48e7-a178-f5312ab5e7e3', '8067c888-6875-49ab-9d80-f09a893eaf03', 4, '2025-12-01', 27921.90, 14414.87, 13507.03, 1143330.27, false, NULL, NULL, 0.00, NULL, '2025-08-17 09:19:16.97874+00', '2025-08-17 09:19:16.97874+00'),
	('75a62e7f-a2f6-46d0-8f63-d8fff49d9ffa', '0772beaf-9ccd-48e7-a178-f5312ab5e7e3', '8067c888-6875-49ab-9d80-f09a893eaf03', 5, '2026-01-01', 27921.90, 14583.05, 13338.85, 1128747.22, false, NULL, NULL, 0.00, NULL, '2025-08-17 09:19:16.97874+00', '2025-08-17 09:19:16.97874+00'),
	('2c0eef0d-53ce-4092-8891-4b336cd90eb3', '0772beaf-9ccd-48e7-a178-f5312ab5e7e3', '8067c888-6875-49ab-9d80-f09a893eaf03', 6, '2026-02-01', 27921.90, 14753.18, 13168.72, 1113994.04, false, NULL, NULL, 0.00, NULL, '2025-08-17 09:19:16.97874+00', '2025-08-17 09:19:16.97874+00'),
	('8faefa76-b3da-49f4-b07a-1c85f7d311a3', '0772beaf-9ccd-48e7-a178-f5312ab5e7e3', '8067c888-6875-49ab-9d80-f09a893eaf03', 7, '2026-03-01', 27921.90, 14925.30, 12996.60, 1099068.73, false, NULL, NULL, 0.00, NULL, '2025-08-17 09:19:16.97874+00', '2025-08-17 09:19:16.97874+00'),
	('97fd4ebd-6f8b-4f9e-b6f7-c5ae706ff6da', '0772beaf-9ccd-48e7-a178-f5312ab5e7e3', '8067c888-6875-49ab-9d80-f09a893eaf03', 8, '2026-04-01', 27921.90, 15099.43, 12822.47, 1083969.30, false, NULL, NULL, 0.00, NULL, '2025-08-17 09:19:16.97874+00', '2025-08-17 09:19:16.97874+00'),
	('6d1c5373-9d65-4f1c-99c9-4dae819e4fc2', '0772beaf-9ccd-48e7-a178-f5312ab5e7e3', '8067c888-6875-49ab-9d80-f09a893eaf03', 9, '2026-05-01', 27921.90, 15275.59, 12646.31, 1068693.71, false, NULL, NULL, 0.00, NULL, '2025-08-17 09:19:16.97874+00', '2025-08-17 09:19:16.97874+00'),
	('1fdb6a58-0457-4da7-a845-1fb0bea51fd9', '0772beaf-9ccd-48e7-a178-f5312ab5e7e3', '8067c888-6875-49ab-9d80-f09a893eaf03', 10, '2026-06-01', 27921.90, 15453.81, 12468.09, 1053239.90, false, NULL, NULL, 0.00, NULL, '2025-08-17 09:19:16.97874+00', '2025-08-17 09:19:16.97874+00'),
	('3c8289f7-23b3-4c66-8081-60cd0e9c4056', '0772beaf-9ccd-48e7-a178-f5312ab5e7e3', '8067c888-6875-49ab-9d80-f09a893eaf03', 11, '2026-07-01', 27921.90, 15634.10, 12287.80, 1037605.80, false, NULL, NULL, 0.00, NULL, '2025-08-17 09:19:16.97874+00', '2025-08-17 09:19:16.97874+00'),
	('8f9887c2-5fe4-4884-bdda-830bff95cd17', '0772beaf-9ccd-48e7-a178-f5312ab5e7e3', '8067c888-6875-49ab-9d80-f09a893eaf03', 12, '2026-08-01', 27921.90, 15816.50, 12105.40, 1021789.30, false, NULL, NULL, 0.00, NULL, '2025-08-17 09:19:16.97874+00', '2025-08-17 09:19:16.97874+00'),
	('dc4c1799-beca-41f9-98da-e006e3d299cd', '0772beaf-9ccd-48e7-a178-f5312ab5e7e3', '8067c888-6875-49ab-9d80-f09a893eaf03', 13, '2026-09-01', 27921.90, 16001.02, 11920.88, 1005788.28, false, NULL, NULL, 0.00, NULL, '2025-08-17 09:19:16.97874+00', '2025-08-17 09:19:16.97874+00'),
	('fbe8a626-670c-4879-8402-dab8c45fc990', '0772beaf-9ccd-48e7-a178-f5312ab5e7e3', '8067c888-6875-49ab-9d80-f09a893eaf03', 14, '2026-10-01', 27921.90, 16187.70, 11734.20, 989600.57, false, NULL, NULL, 0.00, NULL, '2025-08-17 09:19:16.97874+00', '2025-08-17 09:19:16.97874+00'),
	('39333107-5919-480d-8ae3-ecbb5cca4d2a', '0772beaf-9ccd-48e7-a178-f5312ab5e7e3', '8067c888-6875-49ab-9d80-f09a893eaf03', 34, '2028-06-01', 27921.90, 20414.28, 7507.62, 623096.06, false, NULL, NULL, 0.00, NULL, '2025-08-17 09:19:16.97874+00', '2025-08-17 09:19:16.97874+00'),
	('02f64e2a-b1de-43d6-b14e-fceb9847604e', '0772beaf-9ccd-48e7-a178-f5312ab5e7e3', '8067c888-6875-49ab-9d80-f09a893eaf03', 35, '2028-07-01', 27921.90, 20652.45, 7269.45, 602443.62, false, NULL, NULL, 0.00, NULL, '2025-08-17 09:19:16.97874+00', '2025-08-17 09:19:16.97874+00'),
	('7176d5d9-8216-493f-b2d2-58c764ae47b5', '0772beaf-9ccd-48e7-a178-f5312ab5e7e3', '8067c888-6875-49ab-9d80-f09a893eaf03', 36, '2028-08-01', 27921.90, 20893.39, 7028.51, 581550.23, false, NULL, NULL, 0.00, NULL, '2025-08-17 09:19:16.97874+00', '2025-08-17 09:19:16.97874+00'),
	('d46600e5-066d-4763-8987-50b61d8c9df5', '0772beaf-9ccd-48e7-a178-f5312ab5e7e3', '8067c888-6875-49ab-9d80-f09a893eaf03', 37, '2028-09-01', 27921.90, 21137.15, 6784.75, 560413.08, false, NULL, NULL, 0.00, NULL, '2025-08-17 09:19:16.97874+00', '2025-08-17 09:19:16.97874+00'),
	('6d9d824d-ce86-41d8-ac3b-1427d80d60b2', '0772beaf-9ccd-48e7-a178-f5312ab5e7e3', '8067c888-6875-49ab-9d80-f09a893eaf03', 38, '2028-10-01', 27921.90, 21383.75, 6538.15, 539029.33, false, NULL, NULL, 0.00, NULL, '2025-08-17 09:19:16.97874+00', '2025-08-17 09:19:16.97874+00'),
	('ab3bae72-1d50-4505-9444-a0f57f390660', '0772beaf-9ccd-48e7-a178-f5312ab5e7e3', '8067c888-6875-49ab-9d80-f09a893eaf03', 39, '2028-11-01', 27921.90, 21633.22, 6288.68, 517396.11, false, NULL, NULL, 0.00, NULL, '2025-08-17 09:19:16.97874+00', '2025-08-17 09:19:16.97874+00'),
	('60d40748-af38-41c1-931f-a299c8d5aacc', '0772beaf-9ccd-48e7-a178-f5312ab5e7e3', '8067c888-6875-49ab-9d80-f09a893eaf03', 40, '2028-12-01', 27921.90, 21885.61, 6036.29, 495510.50, false, NULL, NULL, 0.00, NULL, '2025-08-17 09:19:16.97874+00', '2025-08-17 09:19:16.97874+00'),
	('7cc12f12-321c-4191-b69e-cfda53076f38', '0772beaf-9ccd-48e7-a178-f5312ab5e7e3', '8067c888-6875-49ab-9d80-f09a893eaf03', 41, '2029-01-01', 27921.90, 22140.94, 5780.96, 473369.55, false, NULL, NULL, 0.00, NULL, '2025-08-17 09:19:16.97874+00', '2025-08-17 09:19:16.97874+00'),
	('9dbc7625-12ee-4d88-8ca8-3a3881f0687d', '0772beaf-9ccd-48e7-a178-f5312ab5e7e3', '8067c888-6875-49ab-9d80-f09a893eaf03', 42, '2029-02-01', 27921.90, 22399.26, 5522.64, 450970.30, false, NULL, NULL, 0.00, NULL, '2025-08-17 09:19:16.97874+00', '2025-08-17 09:19:16.97874+00'),
	('118cc076-2b41-476d-9b9b-5e813dd0a20c', '0772beaf-9ccd-48e7-a178-f5312ab5e7e3', '8067c888-6875-49ab-9d80-f09a893eaf03', 43, '2029-03-01', 27921.90, 22660.58, 5261.32, 428309.72, false, NULL, NULL, 0.00, NULL, '2025-08-17 09:19:16.97874+00', '2025-08-17 09:19:16.97874+00'),
	('9659246c-5a1f-431f-ae82-42d0f8112d99', '0772beaf-9ccd-48e7-a178-f5312ab5e7e3', '8067c888-6875-49ab-9d80-f09a893eaf03', 44, '2029-04-01', 27921.90, 22924.95, 4996.95, 405384.76, false, NULL, NULL, 0.00, NULL, '2025-08-17 09:19:16.97874+00', '2025-08-17 09:19:16.97874+00'),
	('1ada2cce-9b61-4ab4-bc78-8922677b6033', '0772beaf-9ccd-48e7-a178-f5312ab5e7e3', '8067c888-6875-49ab-9d80-f09a893eaf03', 45, '2029-05-01', 27921.90, 23192.41, 4729.49, 382192.35, false, NULL, NULL, 0.00, NULL, '2025-08-17 09:19:16.97874+00', '2025-08-17 09:19:16.97874+00'),
	('54a37a39-555c-4996-b42c-aa99dc8d1c24', '0772beaf-9ccd-48e7-a178-f5312ab5e7e3', '8067c888-6875-49ab-9d80-f09a893eaf03', 46, '2029-06-01', 27921.90, 23462.99, 4458.91, 358729.36, false, NULL, NULL, 0.00, NULL, '2025-08-17 09:19:16.97874+00', '2025-08-17 09:19:16.97874+00'),
	('d83ca9ae-f55e-4cee-a638-07db17618aa2', '0772beaf-9ccd-48e7-a178-f5312ab5e7e3', '8067c888-6875-49ab-9d80-f09a893eaf03', 47, '2029-07-01', 27921.90, 23736.72, 4185.18, 334992.64, false, NULL, NULL, 0.00, NULL, '2025-08-17 09:19:16.97874+00', '2025-08-17 09:19:16.97874+00'),
	('75d9b290-02da-4b0d-b1b4-5ff16e32ec1b', '0772beaf-9ccd-48e7-a178-f5312ab5e7e3', '8067c888-6875-49ab-9d80-f09a893eaf03', 48, '2029-08-01', 27921.90, 24013.65, 3908.25, 310978.99, false, NULL, NULL, 0.00, NULL, '2025-08-17 09:19:16.97874+00', '2025-08-17 09:19:16.97874+00'),
	('524c32c5-3778-40a1-9b97-4577e5baec66', '0772beaf-9ccd-48e7-a178-f5312ab5e7e3', '8067c888-6875-49ab-9d80-f09a893eaf03', 49, '2029-09-01', 27921.90, 24293.81, 3628.09, 286685.17, false, NULL, NULL, 0.00, NULL, '2025-08-17 09:19:16.97874+00', '2025-08-17 09:19:16.97874+00'),
	('91a7258f-163f-4139-be26-c99070154c74', '0772beaf-9ccd-48e7-a178-f5312ab5e7e3', '8067c888-6875-49ab-9d80-f09a893eaf03', 50, '2029-10-01', 27921.90, 24577.24, 3344.66, 262107.94, false, NULL, NULL, 0.00, NULL, '2025-08-17 09:19:16.97874+00', '2025-08-17 09:19:16.97874+00'),
	('e81d2527-51b9-4ae1-ab7d-fbc13c9614b6', '0772beaf-9ccd-48e7-a178-f5312ab5e7e3', '8067c888-6875-49ab-9d80-f09a893eaf03', 51, '2029-11-01', 27921.90, 24863.97, 3057.93, 237243.96, false, NULL, NULL, 0.00, NULL, '2025-08-17 09:19:16.97874+00', '2025-08-17 09:19:16.97874+00'),
	('c0672197-4266-4795-9ae6-0812b0980b26', '0772beaf-9ccd-48e7-a178-f5312ab5e7e3', '8067c888-6875-49ab-9d80-f09a893eaf03', 52, '2029-12-01', 27921.90, 25154.05, 2767.85, 212089.91, false, NULL, NULL, 0.00, NULL, '2025-08-17 09:19:16.97874+00', '2025-08-17 09:19:16.97874+00'),
	('239446d7-dfca-4574-affd-35e6157fe5b0', '0772beaf-9ccd-48e7-a178-f5312ab5e7e3', '8067c888-6875-49ab-9d80-f09a893eaf03', 53, '2030-01-01', 27921.90, 25447.52, 2474.38, 186642.39, false, NULL, NULL, 0.00, NULL, '2025-08-17 09:19:16.97874+00', '2025-08-17 09:19:16.97874+00'),
	('31f8a9f0-7e7a-4772-b753-0d0485c4a7d5', '0772beaf-9ccd-48e7-a178-f5312ab5e7e3', '8067c888-6875-49ab-9d80-f09a893eaf03', 54, '2030-02-01', 27921.90, 25744.41, 2177.49, 160897.98, false, NULL, NULL, 0.00, NULL, '2025-08-17 09:19:16.97874+00', '2025-08-17 09:19:16.97874+00'),
	('26cbd184-0561-4a33-8510-2871f8817883', '0772beaf-9ccd-48e7-a178-f5312ab5e7e3', '8067c888-6875-49ab-9d80-f09a893eaf03', 55, '2030-03-01', 27921.90, 26044.76, 1877.14, 134853.23, false, NULL, NULL, 0.00, NULL, '2025-08-17 09:19:16.97874+00', '2025-08-17 09:19:16.97874+00'),
	('ae56b061-890b-4740-a114-1d2161985bdb', '0772beaf-9ccd-48e7-a178-f5312ab5e7e3', '8067c888-6875-49ab-9d80-f09a893eaf03', 56, '2030-04-01', 27921.90, 26348.61, 1573.29, 108504.62, false, NULL, NULL, 0.00, NULL, '2025-08-17 09:19:16.97874+00', '2025-08-17 09:19:16.97874+00'),
	('1063810a-e6db-4ff2-9b9c-321355376427', '0772beaf-9ccd-48e7-a178-f5312ab5e7e3', '8067c888-6875-49ab-9d80-f09a893eaf03', 57, '2030-05-01', 27921.90, 26656.01, 1265.89, 81848.60, false, NULL, NULL, 0.00, NULL, '2025-08-17 09:19:16.97874+00', '2025-08-17 09:19:16.97874+00'),
	('203f4e01-b408-478d-957d-1d212694e218', '0772beaf-9ccd-48e7-a178-f5312ab5e7e3', '8067c888-6875-49ab-9d80-f09a893eaf03', 58, '2030-06-01', 27921.90, 26967.00, 954.90, 54881.60, false, NULL, NULL, 0.00, NULL, '2025-08-17 09:19:16.97874+00', '2025-08-17 09:19:16.97874+00'),
	('33710e65-3823-402c-81ad-aff82ea02419', '0772beaf-9ccd-48e7-a178-f5312ab5e7e3', '8067c888-6875-49ab-9d80-f09a893eaf03', 59, '2030-07-01', 27921.90, 27281.61, 640.29, 27599.99, false, NULL, NULL, 0.00, NULL, '2025-08-17 09:19:16.97874+00', '2025-08-17 09:19:16.97874+00'),
	('91c9a9b8-bb08-47b5-9983-c4771820e78e', '0772beaf-9ccd-48e7-a178-f5312ab5e7e3', '8067c888-6875-49ab-9d80-f09a893eaf03', 60, '2030-08-01', 27921.90, 27599.90, 322.00, 0.09, false, NULL, NULL, 0.00, NULL, '2025-08-17 09:19:16.97874+00', '2025-08-17 09:19:16.97874+00'),
	('9151745e-7a86-4f64-9980-838fe828518e', '0772beaf-9ccd-48e7-a178-f5312ab5e7e3', 'ded5bdb3-5c56-4ac7-a9b1-0f4d443d353a', 1, '2025-05-05', 9498.33, 9498.33, 0.00, 47491.67, false, NULL, NULL, 0.00, NULL, '2025-09-11 09:34:14.515407+00', '2025-09-11 09:34:14.515407+00'),
	('6311be14-b38c-4939-89f9-5792e58475e8', '0772beaf-9ccd-48e7-a178-f5312ab5e7e3', 'ded5bdb3-5c56-4ac7-a9b1-0f4d443d353a', 2, '2025-06-05', 9498.33, 9498.33, 0.00, 37993.34, false, NULL, NULL, 0.00, NULL, '2025-09-11 09:34:14.515407+00', '2025-09-11 09:34:14.515407+00'),
	('38f50c38-1200-410d-bb61-2b97d2d1ba2d', '0772beaf-9ccd-48e7-a178-f5312ab5e7e3', 'ded5bdb3-5c56-4ac7-a9b1-0f4d443d353a', 3, '2025-07-05', 9498.33, 9498.33, 0.00, 28495.01, false, NULL, NULL, 0.00, NULL, '2025-09-11 09:34:14.515407+00', '2025-09-11 09:34:14.515407+00'),
	('f1da07c8-481a-41d6-8d8e-b83b06ce4788', '0772beaf-9ccd-48e7-a178-f5312ab5e7e3', 'ded5bdb3-5c56-4ac7-a9b1-0f4d443d353a', 4, '2025-08-05', 9498.33, 9498.33, 0.00, 18996.68, false, NULL, NULL, 0.00, NULL, '2025-09-11 09:34:14.515407+00', '2025-09-11 09:34:14.515407+00'),
	('8017c912-6c31-4429-8d7d-9abb9fa1b8ec', '0772beaf-9ccd-48e7-a178-f5312ab5e7e3', 'ded5bdb3-5c56-4ac7-a9b1-0f4d443d353a', 5, '2025-09-05', 9498.33, 9498.33, 0.00, 9498.35, false, NULL, NULL, 0.00, NULL, '2025-09-11 09:34:14.515407+00', '2025-09-11 09:34:14.515407+00'),
	('db8e731e-3a5e-4d54-a7a5-c8c62ced6817', '0772beaf-9ccd-48e7-a178-f5312ab5e7e3', 'ded5bdb3-5c56-4ac7-a9b1-0f4d443d353a', 6, '2025-10-05', 9498.33, 9498.33, 0.00, 0.02, false, NULL, NULL, 0.00, NULL, '2025-09-11 09:34:14.515407+00', '2025-09-11 09:34:14.515407+00'),
	('6ec16ef1-dbe1-48ec-aecb-09af11fac7ee', '0772beaf-9ccd-48e7-a178-f5312ab5e7e3', 'cbe61a49-1fb2-45ac-9ee6-789ec72fdad6', 1, '2025-09-06', 23653.65, 18445.32, 5208.33, 481554.68, false, NULL, NULL, 0.00, NULL, '2025-08-17 09:20:00.25464+00', '2025-08-17 09:20:00.25464+00'),
	('0ce450af-d7c4-4add-8751-fe27c842aca3', '0772beaf-9ccd-48e7-a178-f5312ab5e7e3', 'cbe61a49-1fb2-45ac-9ee6-789ec72fdad6', 2, '2025-10-06', 23653.65, 18637.46, 5016.19, 462917.23, false, NULL, NULL, 0.00, NULL, '2025-08-17 09:20:00.25464+00', '2025-08-17 09:20:00.25464+00'),
	('68de472e-5697-4a22-91ea-7e23ae180c9c', '0772beaf-9ccd-48e7-a178-f5312ab5e7e3', 'cbe61a49-1fb2-45ac-9ee6-789ec72fdad6', 3, '2025-11-06', 23653.65, 18831.60, 4822.05, 444085.63, false, NULL, NULL, 0.00, NULL, '2025-08-17 09:20:00.25464+00', '2025-08-17 09:20:00.25464+00'),
	('391ceb4b-900c-4b14-9af9-1ee239a45490', '0772beaf-9ccd-48e7-a178-f5312ab5e7e3', 'cbe61a49-1fb2-45ac-9ee6-789ec72fdad6', 4, '2025-12-06', 23653.65, 19027.76, 4625.89, 425057.87, false, NULL, NULL, 0.00, NULL, '2025-08-17 09:20:00.25464+00', '2025-08-17 09:20:00.25464+00'),
	('5f23db1e-7a66-4dc5-a808-8066c8b073b5', '0772beaf-9ccd-48e7-a178-f5312ab5e7e3', 'cbe61a49-1fb2-45ac-9ee6-789ec72fdad6', 5, '2026-01-06', 23653.65, 19225.96, 4427.69, 405831.91, false, NULL, NULL, 0.00, NULL, '2025-08-17 09:20:00.25464+00', '2025-08-17 09:20:00.25464+00'),
	('201125f7-f94e-4642-9020-0868ecdb547f', '0772beaf-9ccd-48e7-a178-f5312ab5e7e3', 'cbe61a49-1fb2-45ac-9ee6-789ec72fdad6', 6, '2026-02-06', 23653.65, 19426.23, 4227.42, 386405.68, false, NULL, NULL, 0.00, NULL, '2025-08-17 09:20:00.25464+00', '2025-08-17 09:20:00.25464+00'),
	('f0b48d4b-27b9-4c14-9a2b-04d8abe0d311', '0772beaf-9ccd-48e7-a178-f5312ab5e7e3', 'cbe61a49-1fb2-45ac-9ee6-789ec72fdad6', 7, '2026-03-06', 23653.65, 19628.59, 4025.06, 366777.09, false, NULL, NULL, 0.00, NULL, '2025-08-17 09:20:00.25464+00', '2025-08-17 09:20:00.25464+00'),
	('368b76d9-434f-46a6-8d25-de82ab29dce1', '0772beaf-9ccd-48e7-a178-f5312ab5e7e3', 'cbe61a49-1fb2-45ac-9ee6-789ec72fdad6', 8, '2026-04-06', 23653.65, 19833.06, 3820.59, 346944.03, false, NULL, NULL, 0.00, NULL, '2025-08-17 09:20:00.25464+00', '2025-08-17 09:20:00.25464+00'),
	('e4bf4253-cd8d-4481-a36e-26078266412c', '0772beaf-9ccd-48e7-a178-f5312ab5e7e3', 'cbe61a49-1fb2-45ac-9ee6-789ec72fdad6', 9, '2026-05-06', 23653.65, 20039.65, 3614.00, 326904.38, false, NULL, NULL, 0.00, NULL, '2025-08-17 09:20:00.25464+00', '2025-08-17 09:20:00.25464+00'),
	('3c145a63-3f98-4f5c-9bf8-0af3ba6fdbc1', '0772beaf-9ccd-48e7-a178-f5312ab5e7e3', 'cbe61a49-1fb2-45ac-9ee6-789ec72fdad6', 10, '2026-06-06', 23653.65, 20248.40, 3405.25, 306655.98, false, NULL, NULL, 0.00, NULL, '2025-08-17 09:20:00.25464+00', '2025-08-17 09:20:00.25464+00'),
	('c6291e8e-bed2-4e44-9da8-0f76a34ae89e', '0772beaf-9ccd-48e7-a178-f5312ab5e7e3', 'cbe61a49-1fb2-45ac-9ee6-789ec72fdad6', 11, '2026-07-06', 23653.65, 20459.32, 3194.33, 286196.67, false, NULL, NULL, 0.00, NULL, '2025-08-17 09:20:00.25464+00', '2025-08-17 09:20:00.25464+00'),
	('f387bab7-8ac2-4d0f-ac70-ebded94397bb', '0772beaf-9ccd-48e7-a178-f5312ab5e7e3', 'cbe61a49-1fb2-45ac-9ee6-789ec72fdad6', 12, '2026-08-06', 23653.65, 20672.43, 2981.22, 265524.23, false, NULL, NULL, 0.00, NULL, '2025-08-17 09:20:00.25464+00', '2025-08-17 09:20:00.25464+00'),
	('9e14393d-c3d0-4e65-8469-f147e0c30216', '0772beaf-9ccd-48e7-a178-f5312ab5e7e3', 'cbe61a49-1fb2-45ac-9ee6-789ec72fdad6', 13, '2026-09-06', 23653.65, 20887.77, 2765.88, 244636.46, false, NULL, NULL, 0.00, NULL, '2025-08-17 09:20:00.25464+00', '2025-08-17 09:20:00.25464+00'),
	('722ba37c-db2e-4408-a3f1-30ee06532e10', '0772beaf-9ccd-48e7-a178-f5312ab5e7e3', 'cbe61a49-1fb2-45ac-9ee6-789ec72fdad6', 14, '2026-10-06', 23653.65, 21105.35, 2548.30, 223531.11, false, NULL, NULL, 0.00, NULL, '2025-08-17 09:20:00.25464+00', '2025-08-17 09:20:00.25464+00'),
	('cf3c6aae-7eb8-4a87-8897-7ba1ad0c8020', '0772beaf-9ccd-48e7-a178-f5312ab5e7e3', 'cbe61a49-1fb2-45ac-9ee6-789ec72fdad6', 15, '2026-11-06', 23653.65, 21325.20, 2328.45, 202205.91, false, NULL, NULL, 0.00, NULL, '2025-08-17 09:20:00.25464+00', '2025-08-17 09:20:00.25464+00'),
	('85d2a6e7-543c-4f7e-8b6b-f6f01f40e57e', '0772beaf-9ccd-48e7-a178-f5312ab5e7e3', 'cbe61a49-1fb2-45ac-9ee6-789ec72fdad6', 16, '2026-12-06', 23653.65, 21547.34, 2106.31, 180658.57, false, NULL, NULL, 0.00, NULL, '2025-08-17 09:20:00.25464+00', '2025-08-17 09:20:00.25464+00'),
	('26e6df93-c33d-4503-a19c-b258d2c23585', '0772beaf-9ccd-48e7-a178-f5312ab5e7e3', 'cbe61a49-1fb2-45ac-9ee6-789ec72fdad6', 17, '2027-01-06', 23653.65, 21771.79, 1881.86, 158886.78, false, NULL, NULL, 0.00, NULL, '2025-08-17 09:20:00.25464+00', '2025-08-17 09:20:00.25464+00'),
	('bd90593d-fa49-4bb3-8c90-64fc10aa2936', '0772beaf-9ccd-48e7-a178-f5312ab5e7e3', 'cbe61a49-1fb2-45ac-9ee6-789ec72fdad6', 18, '2027-02-06', 23653.65, 21998.58, 1655.07, 136888.20, false, NULL, NULL, 0.00, NULL, '2025-08-17 09:20:00.25464+00', '2025-08-17 09:20:00.25464+00'),
	('5a6e9040-9b73-457a-af37-fced09e323e2', '0772beaf-9ccd-48e7-a178-f5312ab5e7e3', 'cbe61a49-1fb2-45ac-9ee6-789ec72fdad6', 19, '2027-03-06', 23653.65, 22227.73, 1425.92, 114660.47, false, NULL, NULL, 0.00, NULL, '2025-08-17 09:20:00.25464+00', '2025-08-17 09:20:00.25464+00'),
	('c70a3f12-0430-4ee9-ad96-bff5c9fbc7d0', '0772beaf-9ccd-48e7-a178-f5312ab5e7e3', 'cbe61a49-1fb2-45ac-9ee6-789ec72fdad6', 20, '2027-04-06', 23653.65, 22459.27, 1194.38, 92201.20, false, NULL, NULL, 0.00, NULL, '2025-08-17 09:20:00.25464+00', '2025-08-17 09:20:00.25464+00'),
	('4baf938d-884b-4220-a39c-6e87cbe8d876', '0772beaf-9ccd-48e7-a178-f5312ab5e7e3', 'cbe61a49-1fb2-45ac-9ee6-789ec72fdad6', 21, '2027-05-06', 23653.65, 22693.22, 960.43, 69507.98, false, NULL, NULL, 0.00, NULL, '2025-08-17 09:20:00.25464+00', '2025-08-17 09:20:00.25464+00'),
	('97d3eab8-fc06-45f8-b4a5-e99a37d597f2', '0772beaf-9ccd-48e7-a178-f5312ab5e7e3', 'cbe61a49-1fb2-45ac-9ee6-789ec72fdad6', 22, '2027-06-06', 23653.65, 22929.61, 724.04, 46578.37, false, NULL, NULL, 0.00, NULL, '2025-08-17 09:20:00.25464+00', '2025-08-17 09:20:00.25464+00'),
	('9d1ba04d-5e5e-4b53-b097-75798f4ff971', '0772beaf-9ccd-48e7-a178-f5312ab5e7e3', 'cbe61a49-1fb2-45ac-9ee6-789ec72fdad6', 23, '2027-07-06', 23653.65, 23168.46, 485.19, 23409.91, false, NULL, NULL, 0.00, NULL, '2025-08-17 09:20:00.25464+00', '2025-08-17 09:20:00.25464+00'),
	('08833636-f0fa-4992-96a2-4d3427ea4548', '0772beaf-9ccd-48e7-a178-f5312ab5e7e3', 'cbe61a49-1fb2-45ac-9ee6-789ec72fdad6', 24, '2027-08-06', 23653.65, 23409.80, 243.85, 0.11, false, NULL, NULL, 0.00, NULL, '2025-08-17 09:20:00.25464+00', '2025-08-17 09:20:00.25464+00'),
	('38088d5e-d129-408b-9ee4-e5c2ad1d2031', '0772beaf-9ccd-48e7-a178-f5312ab5e7e3', '0d7e7596-3bea-4772-8f57-de2447b9f978', 1, '2025-10-06', 444.24, 394.24, 50.00, 4605.76, false, NULL, NULL, 0.00, NULL, '2025-08-26 16:14:58.83083+00', '2025-08-26 16:14:58.83083+00'),
	('4c65dd56-0990-4e4c-9e72-1390f6b7c855', '0772beaf-9ccd-48e7-a178-f5312ab5e7e3', '0d7e7596-3bea-4772-8f57-de2447b9f978', 2, '2025-11-06', 444.24, 398.18, 46.06, 4207.58, false, NULL, NULL, 0.00, NULL, '2025-08-26 16:14:58.83083+00', '2025-08-26 16:14:58.83083+00'),
	('53ad9dc8-4d29-431d-bc6c-8c6ab6f7485d', '0772beaf-9ccd-48e7-a178-f5312ab5e7e3', '0d7e7596-3bea-4772-8f57-de2447b9f978', 3, '2025-12-06', 444.24, 402.16, 42.08, 3805.41, false, NULL, NULL, 0.00, NULL, '2025-08-26 16:14:58.83083+00', '2025-08-26 16:14:58.83083+00'),
	('30c978a6-5f69-4a86-8399-f57927abbf63', '0772beaf-9ccd-48e7-a178-f5312ab5e7e3', '0d7e7596-3bea-4772-8f57-de2447b9f978', 4, '2026-01-06', 444.24, 406.19, 38.05, 3399.23, false, NULL, NULL, 0.00, NULL, '2025-08-26 16:14:58.83083+00', '2025-08-26 16:14:58.83083+00'),
	('ab02bad7-6931-4acf-9e43-88df18cc9ff7', '0772beaf-9ccd-48e7-a178-f5312ab5e7e3', '0d7e7596-3bea-4772-8f57-de2447b9f978', 5, '2026-02-06', 444.24, 410.25, 33.99, 2988.98, false, NULL, NULL, 0.00, NULL, '2025-08-26 16:14:58.83083+00', '2025-08-26 16:14:58.83083+00'),
	('39d90b14-0ba0-4eb0-af35-e504079473e1', '0772beaf-9ccd-48e7-a178-f5312ab5e7e3', '0d7e7596-3bea-4772-8f57-de2447b9f978', 6, '2026-03-06', 444.24, 414.35, 29.89, 2574.63, false, NULL, NULL, 0.00, NULL, '2025-08-26 16:14:58.83083+00', '2025-08-26 16:14:58.83083+00'),
	('4f28016d-c5b5-4f2b-a876-5caa50fbd881', '0772beaf-9ccd-48e7-a178-f5312ab5e7e3', '0d7e7596-3bea-4772-8f57-de2447b9f978', 7, '2026-04-06', 444.24, 418.49, 25.75, 2156.14, false, NULL, NULL, 0.00, NULL, '2025-08-26 16:14:58.83083+00', '2025-08-26 16:14:58.83083+00'),
	('e7f986cc-ba71-409a-b772-7b3b263800c8', '0772beaf-9ccd-48e7-a178-f5312ab5e7e3', '0d7e7596-3bea-4772-8f57-de2447b9f978', 8, '2026-05-06', 444.24, 422.68, 21.56, 1733.46, false, NULL, NULL, 0.00, NULL, '2025-08-26 16:14:58.83083+00', '2025-08-26 16:14:58.83083+00'),
	('d0dc15de-8df1-42c9-8ab1-2789718d002a', '0772beaf-9ccd-48e7-a178-f5312ab5e7e3', '0d7e7596-3bea-4772-8f57-de2447b9f978', 9, '2026-06-06', 444.24, 426.91, 17.33, 1306.55, false, NULL, NULL, 0.00, NULL, '2025-08-26 16:14:58.83083+00', '2025-08-26 16:14:58.83083+00'),
	('adf748f5-cf8c-4ca9-8e1b-85a5bff66734', '0772beaf-9ccd-48e7-a178-f5312ab5e7e3', '0d7e7596-3bea-4772-8f57-de2447b9f978', 10, '2026-07-06', 444.24, 431.17, 13.07, 875.38, false, NULL, NULL, 0.00, NULL, '2025-08-26 16:14:58.83083+00', '2025-08-26 16:14:58.83083+00'),
	('96d6a8e6-2a6b-4d53-9ae7-f6bdf523a4a9', '0772beaf-9ccd-48e7-a178-f5312ab5e7e3', '0d7e7596-3bea-4772-8f57-de2447b9f978', 11, '2026-08-06', 444.24, 435.49, 8.75, 439.89, false, NULL, NULL, 0.00, NULL, '2025-08-26 16:14:58.83083+00', '2025-08-26 16:14:58.83083+00'),
	('5ad35e51-449b-481b-abaf-138a95686187', '0772beaf-9ccd-48e7-a178-f5312ab5e7e3', '0d7e7596-3bea-4772-8f57-de2447b9f978', 12, '2026-09-06', 444.24, 439.84, 4.40, 0.05, false, NULL, NULL, 0.00, NULL, '2025-08-26 16:14:58.83083+00', '2025-08-26 16:14:58.83083+00');


--
-- Data for Name: emi_templates; Type: TABLE DATA; Schema: public; Owner: postgres
--



--
-- Data for Name: family_groups; Type: TABLE DATA; Schema: public; Owner: postgres
--



--
-- Data for Name: family_invitations; Type: TABLE DATA; Schema: public; Owner: postgres
--



--
-- Data for Name: investment_performance_snapshots; Type: TABLE DATA; Schema: public; Owner: postgres
--



--
-- Data for Name: investment_price_history; Type: TABLE DATA; Schema: public; Owner: postgres
--



--
-- Data for Name: investment_templates; Type: TABLE DATA; Schema: public; Owner: postgres
--

INSERT INTO "public"."investment_templates" ("id", "user_id", "portfolio_id", "name", "description", "investment_type", "symbol", "amount_per_investment", "currency", "platform", "account_number", "frequency", "interval_value", "start_date", "end_date", "target_amount", "auto_execute", "market_order", "limit_price", "is_active", "last_executed", "next_execution", "total_executed", "total_invested", "tags", "notes", "metadata", "template_type", "is_global", "usage_count", "created_at", "updated_at") VALUES
	('7679a724-4e3c-4d35-8b8b-ca16eb11a57c', '0772beaf-9ccd-48e7-a178-f5312ab5e7e3', 'bc124847-5904-404a-838a-9b3b2bc4667b', 'Monthly sip plan', NULL, 'stock', 'IFIC, INTRACO, GP', 5000.00, 'BDT', NULL, NULL, 'monthly', 1, '2025-01-01', '2025-12-31', 80000.00, true, true, NULL, true, NULL, '2025-02-01', 0, 0.00, NULL, NULL, NULL, 'user_sip', false, 0, '2025-08-09 19:04:01.215252+00', '2025-08-09 19:04:01.215252+00'),
	('b3c68626-c5f2-4c09-b904-4afd10a69f47', '0772beaf-9ccd-48e7-a178-f5312ab5e7e3', 'bc124847-5904-404a-838a-9b3b2bc4667b', 'dfdfdfd', NULL, 'stock', 'fdfdfd', 500.00, 'JPY', NULL, NULL, 'monthly', 1, '2025-01-01', NULL, 800.00, true, true, NULL, true, NULL, '2025-02-01', 0, 0.00, NULL, NULL, NULL, 'user_sip', false, 0, '2025-08-10 17:54:08.374049+00', '2025-08-10 17:54:08.374049+00'),
	('5c51da35-6c3f-4c65-b235-b67155a06545', '0772beaf-9ccd-48e7-a178-f5312ab5e7e3', '9bb60203-f3b8-4d66-a2a7-fbd3f6a99664', 'Gold SIP', NULL, 'gold', NULL, 5000.00, 'EUR', NULL, NULL, 'monthly', 1, '2025-01-01', NULL, 5000.00, true, true, NULL, true, NULL, '2025-02-01', 0, 0.00, NULL, NULL, NULL, 'user_sip', false, 0, '2025-08-10 18:12:39.732704+00', '2025-08-10 18:12:39.732704+00'),
	('1c8fc984-720e-4153-8ba9-e9a522239989', '0772beaf-9ccd-48e7-a178-f5312ab5e7e3', 'bc124847-5904-404a-838a-9b3b2bc4667b', 'stock sip testing again', 'testing sip', 'sip', 'gp', 9000.00, 'BDT', 'Shanta securities', '27576', 'monthly', 1, '2025-01-01', '2025-12-31', 50000.00, true, true, NULL, true, NULL, '2025-02-01', 0, 0.00, NULL, 'test note', NULL, 'user_sip', false, 0, '2025-08-10 17:55:19.788628+00', '2025-08-13 14:30:41.895619+00'),
	('47828dec-f8d4-447d-8542-27bc8372b4ba', '0772beaf-9ccd-48e7-a178-f5312ab5e7e3', 'bc124847-5904-404a-838a-9b3b2bc4667b', 'Monthly Stock SIP Plan', NULL, 'sip', 'GP, Squarepharma, LH', 5000.00, 'BDT', NULL, NULL, 'monthly', 1, '2025-01-01', '2025-12-31', 5000.00, true, true, NULL, false, NULL, '2025-02-01', 0, 0.00, NULL, NULL, NULL, 'user_sip', false, 0, '2025-08-10 16:44:39.77484+00', '2025-08-13 14:30:54.251382+00'),
	('809d32ab-0b0a-4160-9d8c-7d32bd6e01f4', '0772beaf-9ccd-48e7-a178-f5312ab5e7e3', '9bb60203-f3b8-4d66-a2a7-fbd3f6a99664', 'test', NULL, 'sip', NULL, 100.00, 'BDT', NULL, NULL, 'monthly', 1, '2025-08-01', '2025-12-31', 600.00, true, true, NULL, false, NULL, '2025-09-01', 0, 0.00, NULL, NULL, NULL, 'user_sip', false, 0, '2025-08-10 18:26:27.855493+00', '2025-08-19 08:45:12.238549+00'),
	('e04bf6cc-30be-4674-89c9-f30a4f78a71d', '0772beaf-9ccd-48e7-a178-f5312ab5e7e3', 'bc124847-5904-404a-838a-9b3b2bc4667b', 'My SIP Stock Plan', 'test sip', 'sip', 'GP', 5045.00, 'BDT', NULL, NULL, 'monthly', 1, '2025-08-01', NULL, 6900.00, true, true, NULL, true, NULL, '2025-09-01', 0, 0.00, NULL, NULL, NULL, 'user_sip', false, 0, '2025-08-10 17:29:49.184186+00', '2025-08-24 17:34:48.697472+00');


--
-- Data for Name: investment_transactions; Type: TABLE DATA; Schema: public; Owner: postgres
--

INSERT INTO "public"."investment_transactions" ("id", "user_id", "investment_id", "portfolio_id", "type", "units", "price_per_unit", "total_amount", "brokerage_fee", "tax_amount", "other_charges", "net_amount", "transaction_date", "settlement_date", "transaction_reference", "exchange_reference", "platform", "account_number", "currency", "notes", "metadata", "recurring_investment_id", "is_recurring", "created_at", "updated_at", "main_transaction_id") VALUES
	('eec6e0dd-6a2a-4d85-8eca-9f9af46bba8e', '0772beaf-9ccd-48e7-a178-f5312ab5e7e3', '9c1a9a56-53f8-4736-bb52-fe0516c1794d', 'bc124847-5904-404a-838a-9b3b2bc4667b', 'buy', 1428.5714, 7.00, 10000.00, 0.00, 0.00, 0.00, 10000.00, '2025-08-09', NULL, NULL, NULL, NULL, NULL, 'BDT', 'Initial investment', NULL, NULL, false, '2025-08-09 18:56:51.583577+00', '2025-08-09 18:56:51.583577+00', NULL),
	('ad7ef5b4-a43d-4893-805e-78a1a0eeba2e', '0772beaf-9ccd-48e7-a178-f5312ab5e7e3', '319e82c5-cf0b-4f83-9a4b-182a8a0b5705', 'bc124847-5904-404a-838a-9b3b2bc4667b', 'buy', 15.5763, 321.00, 4999.99, 0.00, 0.00, 0.00, 4999.99, '2025-08-10', NULL, NULL, NULL, NULL, NULL, 'BDT', 'Initial investment', NULL, NULL, false, '2025-08-10 04:57:14.160127+00', '2025-08-10 04:57:14.160127+00', NULL),
	('2f90c277-e451-4f84-8721-4fe196474da6', '0772beaf-9ccd-48e7-a178-f5312ab5e7e3', '1573bbac-2a1b-438f-893c-b8c00408cebb', 'bc124847-5904-404a-838a-9b3b2bc4667b', 'buy', 769.2308, 26.00, 20000.00, 0.00, 0.00, 0.00, 20000.00, '2025-08-10', NULL, NULL, NULL, NULL, NULL, 'BDT', 'Initial investment', NULL, NULL, false, '2025-08-10 06:09:56.716176+00', '2025-08-10 06:09:56.716176+00', NULL),
	('186ae948-c5d4-416f-b54d-9a09f7a67f96', '0772beaf-9ccd-48e7-a178-f5312ab5e7e3', '2d35a44e-3746-4025-af5a-4b148bb32b74', 'bc124847-5904-404a-838a-9b3b2bc4667b', 'buy', 260.8696, 23.00, 6000.00, 0.00, 0.00, 0.00, 6000.00, '2025-08-10', NULL, NULL, NULL, NULL, NULL, 'BDT', 'Initial investment', NULL, NULL, false, '2025-08-10 07:00:31.30685+00', '2025-08-10 07:00:31.30685+00', NULL),
	('0ef5e2f2-1e56-4965-a49b-50c796c57db6', '0772beaf-9ccd-48e7-a178-f5312ab5e7e3', '5cfa84b1-1bb8-4b2e-8018-d61e63dedf37', 'bc124847-5904-404a-838a-9b3b2bc4667b', 'buy', 200.0000, 50.00, 10000.00, 0.00, 0.00, 0.00, 10000.00, '2025-08-10', NULL, NULL, NULL, NULL, NULL, 'BDT', 'Initial investment', NULL, NULL, false, '2025-08-10 17:26:34.282756+00', '2025-08-10 17:26:34.282756+00', NULL),
	('003b80dc-87b4-42cd-96c9-0db5e4622bbf', '0772beaf-9ccd-48e7-a178-f5312ab5e7e3', '960dc0a6-e350-4fa7-b6e3-36f1ca6c4d97', 'bc124847-5904-404a-838a-9b3b2bc4667b', 'buy', 21.4953, 321.00, 6899.99, 0.00, 0.00, 0.00, 6899.99, '2025-01-08', NULL, NULL, NULL, NULL, NULL, 'BDT', 'Initial investment', NULL, NULL, false, '2025-08-12 17:08:31.521525+00', '2025-08-12 17:08:31.521525+00', NULL);


--
-- Data for Name: investments_backup; Type: TABLE DATA; Schema: public; Owner: postgres
--



--
-- Data for Name: lending; Type: TABLE DATA; Schema: public; Owner: postgres
--

INSERT INTO "public"."lending" ("id", "user_id", "person_name", "person_contact", "amount", "currency", "type", "date", "due_date", "interest_rate", "status", "description", "paid_amount", "created_at", "updated_at", "account_id", "category_id", "reminder_days", "contact_info", "payment_history", "notes", "pending_amount", "subcategory_id", "auto_debit", "next_due_date") VALUES
	('208556ca-12f2-4c34-a5ea-4310119016d2', '0772beaf-9ccd-48e7-a178-f5312ab5e7e3', 'Kuddus', NULL, 50000.00, 'BDT', 'lent', '2024-01-15', '2024-10-15', 0.00, 'partial', NULL, 0.00, '2025-08-16 17:42:52.342043+00', '2025-08-18 05:05:08.439772+00', '98dae8a4-08f3-4131-a473-fbb7e3707cac', NULL, 7, '{"email": "john@example.com", "phone": "+8801234567890", "address": ""}', '[]', 'Lent money for business venture', 30000.00, NULL, false, NULL),
	('0d39a0a2-f1aa-4f3c-86ea-538f8a4a0d0a', '0772beaf-9ccd-48e7-a178-f5312ab5e7e3', 'Hasin Jamal', NULL, 56000.00, 'BDT', 'borrowed', '2025-06-05', '2025-08-30', 0.00, 'partial', NULL, 0.00, '2025-08-18 06:59:08.110157+00', '2025-08-18 07:00:44.984245+00', '98dae8a4-08f3-4131-a473-fbb7e3707cac', NULL, 7, '{"email": "hasin@gmail.com", "phone": "01555156461626", "address": ""}', '[]', NULL, 16000.00, '6269ad10-a3e9-4e9d-8406-df778198be37', true, '2025-08-30'),
	('2ebcced3-5645-4eee-88ec-7cdd49e52b9f', '0772beaf-9ccd-48e7-a178-f5312ab5e7e3', 'Mike Wilson', NULL, 15000.00, 'BDT', 'borrowed', '2024-02-10', '2024-12-10', 2.00, 'partial', NULL, 0.00, '2025-08-16 17:42:52.342043+00', '2025-08-18 07:14:44.087084+00', NULL, NULL, 7, '{"phone": "+8801234567892"}', '[]', 'Borrowed for vacation expenses', 7500.00, NULL, false, NULL),
	('987954f8-f60a-4817-8781-cd8675d2bafb', '0772beaf-9ccd-48e7-a178-f5312ab5e7e3', 'Sarah Ahmed', NULL, 25000.00, 'BDT', 'lent', '2024-03-01', '2024-09-01', 0.00, 'partial', NULL, 0.00, '2025-08-16 17:42:52.342043+00', '2025-08-18 08:10:34.430072+00', NULL, NULL, 7, '{"phone": "+8801234567891"}', '[]', 'Emergency loan to colleague', 18750.00, NULL, false, NULL);


--
-- Data for Name: lending_payments; Type: TABLE DATA; Schema: public; Owner: postgres
--

INSERT INTO "public"."lending_payments" ("id", "user_id", "lending_id", "payment_date", "amount", "payment_method", "transaction_id", "notes", "created_at", "updated_at") VALUES
	('235689c9-0b37-4c2e-8c3b-ecf400142879', '0772beaf-9ccd-48e7-a178-f5312ab5e7e3', '0d39a0a2-f1aa-4f3c-86ea-538f8a4a0d0a', '2025-08-18', 20000.00, 'manual', '045ad5ae-408e-40ae-81c1-2ace11f64c59', NULL, '2025-08-18 07:00:44.540036+00', '2025-08-18 07:00:44.540036+00'),
	('ca501a2d-d830-4dee-89f3-b2b37b9961f5', '0772beaf-9ccd-48e7-a178-f5312ab5e7e3', '0d39a0a2-f1aa-4f3c-86ea-538f8a4a0d0a', '2025-08-18', 20000.00, 'manual', '6b6cecf8-0642-46c9-bef4-b9c15fb71f65', NULL, '2025-08-18 07:00:44.984245+00', '2025-08-18 07:00:44.984245+00'),
	('d3ace5ed-88e6-480c-94cd-f8b9735ec510', '0772beaf-9ccd-48e7-a178-f5312ab5e7e3', '0d39a0a2-f1aa-4f3c-86ea-538f8a4a0d0a', '2025-08-18', 20000.00, 'bank_transfer', '6b6cecf8-0642-46c9-bef4-b9c15fb71f65', NULL, '2025-08-18 07:00:45.208086+00', '2025-08-18 07:00:45.208086+00'),
	('cdd5c80a-e6c7-432e-a144-2e6a45f84d8d', '0772beaf-9ccd-48e7-a178-f5312ab5e7e3', '0d39a0a2-f1aa-4f3c-86ea-538f8a4a0d0a', '2025-08-18', 20000.00, 'bank_transfer', '045ad5ae-408e-40ae-81c1-2ace11f64c59', NULL, '2025-08-18 07:00:45.316641+00', '2025-08-18 07:00:45.316641+00'),
	('d95f2ea1-e461-4059-baff-e31baec448b2', '0772beaf-9ccd-48e7-a178-f5312ab5e7e3', '2ebcced3-5645-4eee-88ec-7cdd49e52b9f', '2025-08-18', 2500.00, 'manual', '31259e27-3c1a-4cc6-bdc7-3e4b259236fe', NULL, '2025-08-18 07:14:44.087084+00', '2025-08-18 07:14:44.087084+00'),
	('a5fb90ba-684f-4608-9c94-c08fd508e3aa', '0772beaf-9ccd-48e7-a178-f5312ab5e7e3', '2ebcced3-5645-4eee-88ec-7cdd49e52b9f', '2025-08-18', 2500.00, 'bank_transfer', '31259e27-3c1a-4cc6-bdc7-3e4b259236fe', NULL, '2025-08-18 07:14:44.193228+00', '2025-08-18 07:14:44.193228+00'),
	('65253749-d8b1-4b2c-99e3-6c61e13b265e', '0772beaf-9ccd-48e7-a178-f5312ab5e7e3', '987954f8-f60a-4817-8781-cd8675d2bafb', '2025-08-18', 6250.00, 'manual', 'c5fbb99c-da46-4570-a7b1-84e71e426227', NULL, '2025-08-18 08:10:34.430072+00', '2025-08-18 08:10:34.430072+00');


--
-- Data for Name: notifications; Type: TABLE DATA; Schema: public; Owner: postgres
--



--
-- Data for Name: payment_methods; Type: TABLE DATA; Schema: public; Owner: postgres
--

INSERT INTO "public"."payment_methods" ("id", "method_name", "display_name", "description", "account_info", "instructions", "logo_url", "is_active", "sort_order", "created_at", "updated_at") VALUES
	('3ce3779a-e604-483f-a2a5-1fff73e3eab9', 'bkash', 'bKash', 'Send money using bKash mobile banking', '{"name": "FinMate Ltd", "type": "Merchant", "number": "01712345678"}', 'Send money to the above bKash number and provide your transaction ID', NULL, true, 1, '2025-09-09 18:34:14.606843+00', '2025-09-09 18:34:14.606843+00'),
	('14026de3-d2d8-4c10-9a0e-0d55cb987037', 'nagad', 'Nagad', 'Send money using Nagad mobile banking', '{"name": "FinMate Ltd", "type": "Personal", "number": "01812345678"}', 'Send money to the above Nagad number and provide your transaction ID', NULL, true, 2, '2025-09-09 18:34:14.606843+00', '2025-09-09 18:34:14.606843+00'),
	('ca1721e0-d7e8-43de-90ee-8b3140748ad9', 'pathao_pay', 'Pathao Pay', 'Pay using Pathao Pay digital wallet', '{"name": "FinMate Ltd", "type": "Business", "number": "01912345678"}', 'Send money to the above Pathao Pay number and provide your transaction ID', NULL, true, 3, '2025-09-09 18:34:14.606843+00', '2025-09-09 18:34:14.606843+00'),
	('2c0e0dd3-9f18-4101-a617-d3f977f2f86f', 'manual', 'Manual Payment', 'Manual payment processing by admin', '{"note": "Admin processed payment", "type": "manual"}', 'Payment processed manually by system administrator.', NULL, true, 99, '2025-09-28 11:08:47.128117+00', '2025-09-28 11:08:47.128117+00');


--
-- Data for Name: permissions; Type: TABLE DATA; Schema: public; Owner: postgres
--

INSERT INTO "public"."permissions" ("id", "name", "display_name", "description", "resource", "action", "is_system", "created_at", "updated_at") VALUES
	('ef49e82e-8538-461b-8e74-4754fd391c8e', 'users.create', 'Create Users', 'Can create new user accounts', 'users', 'create', true, '2025-08-07 05:49:26.637856+00', '2025-08-07 05:49:26.637856+00'),
	('5f7bc495-d1ed-41dc-8669-5259a60188dc', 'users.read', 'View Users', 'Can view user profiles and information', 'users', 'read', true, '2025-08-07 05:49:26.637856+00', '2025-08-07 05:49:26.637856+00'),
	('371b89d5-fb31-446a-b9fb-b37c467233e6', 'users.update', 'Update Users', 'Can modify user profiles and settings', 'users', 'update', true, '2025-08-07 05:49:26.637856+00', '2025-08-07 05:49:26.637856+00'),
	('ecbf15b8-4b17-48a1-a475-3284864579e4', 'users.delete', 'Delete Users', 'Can delete user accounts', 'users', 'delete', true, '2025-08-07 05:49:26.637856+00', '2025-08-07 05:49:26.637856+00'),
	('a0a7426d-ade7-4743-ad61-b9a5fb2f0148', 'users.manage', 'Manage Users', 'Full user management capabilities', 'users', 'manage', true, '2025-08-07 05:49:26.637856+00', '2025-08-07 05:49:26.637856+00'),
	('c7ba0695-264b-462d-ae8e-a3f7577fb287', 'roles.create', 'Create Roles', 'Can create new roles', 'roles', 'create', true, '2025-08-07 05:49:26.637856+00', '2025-08-07 05:49:26.637856+00'),
	('9b15cdd2-730b-4dfd-b08c-45bd57331399', 'roles.read', 'View Roles', 'Can view roles and permissions', 'roles', 'read', true, '2025-08-07 05:49:26.637856+00', '2025-08-07 05:49:26.637856+00'),
	('15d02377-1f3f-44b8-a9a4-3e1eb1c582a9', 'roles.update', 'Update Roles', 'Can modify roles and permissions', 'roles', 'update', true, '2025-08-07 05:49:26.637856+00', '2025-08-07 05:49:26.637856+00'),
	('5e13e30e-b53b-4f6c-a10b-aced36bac81b', 'roles.delete', 'Delete Roles', 'Can delete roles', 'roles', 'delete', true, '2025-08-07 05:49:26.637856+00', '2025-08-07 05:49:26.637856+00'),
	('8b92fbd3-11eb-490f-9126-bbddbfad3af7', 'roles.manage', 'Manage Roles', 'Full role management capabilities', 'roles', 'manage', true, '2025-08-07 05:49:26.637856+00', '2025-08-07 05:49:26.637856+00'),
	('0eb2e791-81fe-45cd-af74-bebaa7bb4bd5', 'system.manage', 'System Management', 'Can manage system settings and configuration', 'system', 'manage', true, '2025-08-07 05:49:26.637856+00', '2025-08-07 05:49:26.637856+00'),
	('8c1857c2-40df-4de2-a78a-476da8f445bb', 'analytics.read', 'View Analytics', 'Can view system analytics and reports', 'analytics', 'read', true, '2025-08-07 05:49:26.637856+00', '2025-08-07 05:49:26.637856+00'),
	('2a8db597-9460-40f8-b0b7-e3ad761fec50', 'audit.read', 'View Audit Logs', 'Can view audit logs and system activity', 'audit', 'read', true, '2025-08-07 05:49:26.637856+00', '2025-08-07 05:49:26.637856+00'),
	('6ea964b9-0823-4b8c-b689-7f1504c6d7d9', 'transactions.create', 'Create Transactions', 'Can create financial transactions', 'transactions', 'create', true, '2025-08-07 05:49:26.637856+00', '2025-08-07 05:49:26.637856+00'),
	('754d447f-6f66-4edd-b1c2-c2ed1baaca94', 'transactions.read', 'View Transactions', 'Can view transaction data', 'transactions', 'read', true, '2025-08-07 05:49:26.637856+00', '2025-08-07 05:49:26.637856+00'),
	('a45e661f-f190-419a-96c1-5f8016e803e3', 'transactions.update', 'Update Transactions', 'Can modify transactions', 'transactions', 'update', true, '2025-08-07 05:49:26.637856+00', '2025-08-07 05:49:26.637856+00'),
	('927ece60-c831-44c5-87b7-28dd619db12c', 'transactions.delete', 'Delete Transactions', 'Can delete transactions', 'transactions', 'delete', true, '2025-08-07 05:49:26.637856+00', '2025-08-07 05:49:26.637856+00'),
	('e114966b-213b-49e2-a043-49199836deb9', 'budgets.create', 'Create Budgets', 'Can create budgets', 'budgets', 'create', true, '2025-08-07 05:49:26.637856+00', '2025-08-07 05:49:26.637856+00'),
	('bceab2eb-1798-4082-aace-95c7bcfac587', 'budgets.read', 'View Budgets', 'Can view budget information', 'budgets', 'read', true, '2025-08-07 05:49:26.637856+00', '2025-08-07 05:49:26.637856+00'),
	('f8a0fbcb-49c9-40ac-b18e-492e86e61991', 'budgets.update', 'Update Budgets', 'Can modify budgets', 'budgets', 'update', true, '2025-08-07 05:49:26.637856+00', '2025-08-07 05:49:26.637856+00'),
	('30f88bc4-77d0-4d03-8a2a-1f368bdc80cd', 'budgets.delete', 'Delete Budgets', 'Can delete budgets', 'budgets', 'delete', true, '2025-08-07 05:49:26.637856+00', '2025-08-07 05:49:26.637856+00'),
	('8beddc55-2978-40d6-afce-43923466d8c9', 'accounts.create', 'Create Accounts', 'Can create financial accounts', 'accounts', 'create', true, '2025-08-07 05:49:26.637856+00', '2025-08-07 05:49:26.637856+00'),
	('de8fe490-77dc-44d6-aca1-48b70fc80ce8', 'accounts.read', 'View Accounts', 'Can view account information', 'accounts', 'read', true, '2025-08-07 05:49:26.637856+00', '2025-08-07 05:49:26.637856+00'),
	('a66556ca-77fc-47a9-8da1-52e85634c9bb', 'accounts.update', 'Update Accounts', 'Can modify accounts', 'accounts', 'update', true, '2025-08-07 05:49:26.637856+00', '2025-08-07 05:49:26.637856+00'),
	('45dd9238-89cc-4f7f-bb09-702619be8ec7', 'accounts.delete', 'Delete Accounts', 'Can delete accounts', 'accounts', 'delete', true, '2025-08-07 05:49:26.637856+00', '2025-08-07 05:49:26.637856+00'),
	('1deae734-4d25-4c42-993a-645561d41acb', 'categories.create', 'Create Categories', 'Can create transaction categories', 'categories', 'create', true, '2025-08-07 05:49:26.637856+00', '2025-08-07 05:49:26.637856+00'),
	('5cf7b29e-e940-45ce-b88d-863defdf6aad', 'categories.read', 'View Categories', 'Can view categories', 'categories', 'read', true, '2025-08-07 05:49:26.637856+00', '2025-08-07 05:49:26.637856+00'),
	('3b3fe9df-3d7b-4bbd-abbe-60afb66c3e8a', 'categories.update', 'Update Categories', 'Can modify categories', 'categories', 'update', true, '2025-08-07 05:49:26.637856+00', '2025-08-07 05:49:26.637856+00'),
	('a3568db2-8d87-44f8-bdd6-97ee9e734391', 'categories.delete', 'Delete Categories', 'Can delete categories', 'categories', 'delete', true, '2025-08-07 05:49:26.637856+00', '2025-08-07 05:49:26.637856+00');


--
-- Data for Name: role_permissions; Type: TABLE DATA; Schema: public; Owner: postgres
--

INSERT INTO "public"."role_permissions" ("id", "role_id", "permission_id", "granted_by", "created_at") VALUES
	('4d4af778-38ec-436b-bb2b-2a05220dd39a', '7e58476a-a422-4d98-9324-5ca2ce4cafef', 'ef49e82e-8538-461b-8e74-4754fd391c8e', NULL, '2025-08-07 05:49:26.637856+00'),
	('da09caf2-65ea-4376-8c3b-c895efc45964', '7e58476a-a422-4d98-9324-5ca2ce4cafef', '5f7bc495-d1ed-41dc-8669-5259a60188dc', NULL, '2025-08-07 05:49:26.637856+00'),
	('18985a1c-30c8-4508-b3bc-d770789d3f59', '7e58476a-a422-4d98-9324-5ca2ce4cafef', '371b89d5-fb31-446a-b9fb-b37c467233e6', NULL, '2025-08-07 05:49:26.637856+00'),
	('0b12f64e-fa40-471c-a65e-f60c6754c4cb', '7e58476a-a422-4d98-9324-5ca2ce4cafef', 'ecbf15b8-4b17-48a1-a475-3284864579e4', NULL, '2025-08-07 05:49:26.637856+00'),
	('8b109705-cd36-4857-a8ca-27b696a05570', '7e58476a-a422-4d98-9324-5ca2ce4cafef', 'a0a7426d-ade7-4743-ad61-b9a5fb2f0148', NULL, '2025-08-07 05:49:26.637856+00'),
	('1fce18a6-6a8d-4043-a049-a066b6237a0b', '7e58476a-a422-4d98-9324-5ca2ce4cafef', 'c7ba0695-264b-462d-ae8e-a3f7577fb287', NULL, '2025-08-07 05:49:26.637856+00'),
	('3140aa9b-ba36-4384-a3a9-798c5f21704e', '7e58476a-a422-4d98-9324-5ca2ce4cafef', '9b15cdd2-730b-4dfd-b08c-45bd57331399', NULL, '2025-08-07 05:49:26.637856+00'),
	('f244e396-ad51-41ea-9955-dee40258d5bc', '7e58476a-a422-4d98-9324-5ca2ce4cafef', '15d02377-1f3f-44b8-a9a4-3e1eb1c582a9', NULL, '2025-08-07 05:49:26.637856+00'),
	('68f2b56f-556c-49be-9198-b6fd9a7d701c', '7e58476a-a422-4d98-9324-5ca2ce4cafef', '5e13e30e-b53b-4f6c-a10b-aced36bac81b', NULL, '2025-08-07 05:49:26.637856+00'),
	('1b088307-1fe4-48bc-b3fe-21ebbf7abfcb', '7e58476a-a422-4d98-9324-5ca2ce4cafef', '8b92fbd3-11eb-490f-9126-bbddbfad3af7', NULL, '2025-08-07 05:49:26.637856+00'),
	('2a58552b-c16d-44d8-8ec4-ce294b38a96d', '7e58476a-a422-4d98-9324-5ca2ce4cafef', '0eb2e791-81fe-45cd-af74-bebaa7bb4bd5', NULL, '2025-08-07 05:49:26.637856+00'),
	('bfbb4073-0123-4144-84d5-bc8d2e6a57c0', '7e58476a-a422-4d98-9324-5ca2ce4cafef', '8c1857c2-40df-4de2-a78a-476da8f445bb', NULL, '2025-08-07 05:49:26.637856+00'),
	('ac15c9ce-83ad-48e2-b9cd-46aed07ef21f', '7e58476a-a422-4d98-9324-5ca2ce4cafef', '2a8db597-9460-40f8-b0b7-e3ad761fec50', NULL, '2025-08-07 05:49:26.637856+00'),
	('947d6878-a4a3-489e-8016-c34efcae5d30', '7e58476a-a422-4d98-9324-5ca2ce4cafef', '6ea964b9-0823-4b8c-b689-7f1504c6d7d9', NULL, '2025-08-07 05:49:26.637856+00'),
	('27a9d5ef-4acb-403f-aa11-ef6c5cbe2d22', '7e58476a-a422-4d98-9324-5ca2ce4cafef', '754d447f-6f66-4edd-b1c2-c2ed1baaca94', NULL, '2025-08-07 05:49:26.637856+00'),
	('936bedd6-4723-477d-8e90-3f773a6fa200', '7e58476a-a422-4d98-9324-5ca2ce4cafef', 'a45e661f-f190-419a-96c1-5f8016e803e3', NULL, '2025-08-07 05:49:26.637856+00'),
	('8ee442a7-9501-400f-9b18-8eb3def1545f', '7e58476a-a422-4d98-9324-5ca2ce4cafef', '927ece60-c831-44c5-87b7-28dd619db12c', NULL, '2025-08-07 05:49:26.637856+00'),
	('acc747f2-03d8-4fd6-b9a5-d82cb46dcaa3', '7e58476a-a422-4d98-9324-5ca2ce4cafef', 'e114966b-213b-49e2-a043-49199836deb9', NULL, '2025-08-07 05:49:26.637856+00'),
	('89fe9476-4d51-4492-a4ec-fc59a0a74e49', '7e58476a-a422-4d98-9324-5ca2ce4cafef', 'bceab2eb-1798-4082-aace-95c7bcfac587', NULL, '2025-08-07 05:49:26.637856+00'),
	('7d4fc8be-613b-45ab-9b50-10297e947951', '7e58476a-a422-4d98-9324-5ca2ce4cafef', 'f8a0fbcb-49c9-40ac-b18e-492e86e61991', NULL, '2025-08-07 05:49:26.637856+00'),
	('9b2e4895-d528-4157-bd33-d816ab2d2816', '7e58476a-a422-4d98-9324-5ca2ce4cafef', '30f88bc4-77d0-4d03-8a2a-1f368bdc80cd', NULL, '2025-08-07 05:49:26.637856+00'),
	('0329e149-84b1-40c1-ba35-0e8ed362bd85', '7e58476a-a422-4d98-9324-5ca2ce4cafef', '8beddc55-2978-40d6-afce-43923466d8c9', NULL, '2025-08-07 05:49:26.637856+00'),
	('3b718656-1268-45f1-9ba6-db8ef3115279', '7e58476a-a422-4d98-9324-5ca2ce4cafef', 'de8fe490-77dc-44d6-aca1-48b70fc80ce8', NULL, '2025-08-07 05:49:26.637856+00'),
	('db8dc7cc-2bd3-4183-81c2-914f364b7247', '7e58476a-a422-4d98-9324-5ca2ce4cafef', 'a66556ca-77fc-47a9-8da1-52e85634c9bb', NULL, '2025-08-07 05:49:26.637856+00'),
	('013c88d0-c15d-409e-829f-1e2d1fa4b72d', '7e58476a-a422-4d98-9324-5ca2ce4cafef', '45dd9238-89cc-4f7f-bb09-702619be8ec7', NULL, '2025-08-07 05:49:26.637856+00'),
	('ba268d5d-a85e-4a1d-9073-8531c452c55d', '7e58476a-a422-4d98-9324-5ca2ce4cafef', '1deae734-4d25-4c42-993a-645561d41acb', NULL, '2025-08-07 05:49:26.637856+00'),
	('78bb3215-d0ca-4f41-905f-93934d23052e', '7e58476a-a422-4d98-9324-5ca2ce4cafef', '5cf7b29e-e940-45ce-b88d-863defdf6aad', NULL, '2025-08-07 05:49:26.637856+00'),
	('3fe873c8-5262-4755-a998-349350225cfb', '7e58476a-a422-4d98-9324-5ca2ce4cafef', '3b3fe9df-3d7b-4bbd-abbe-60afb66c3e8a', NULL, '2025-08-07 05:49:26.637856+00'),
	('c1751606-b019-45f6-9154-5e25e9a4c810', '7e58476a-a422-4d98-9324-5ca2ce4cafef', 'a3568db2-8d87-44f8-bdd6-97ee9e734391', NULL, '2025-08-07 05:49:26.637856+00'),
	('7a507f80-ac6f-4193-8c2e-06fc7d0d7cd0', '686ceb62-6395-4230-b785-f7ea8079ff5d', 'ef49e82e-8538-461b-8e74-4754fd391c8e', NULL, '2025-08-07 05:49:26.637856+00'),
	('4484f7e8-30a5-4af3-83b8-6df056c29c7d', '686ceb62-6395-4230-b785-f7ea8079ff5d', '5f7bc495-d1ed-41dc-8669-5259a60188dc', NULL, '2025-08-07 05:49:26.637856+00'),
	('e692f985-6a5b-4b1d-9713-ac59c194d49c', '686ceb62-6395-4230-b785-f7ea8079ff5d', '371b89d5-fb31-446a-b9fb-b37c467233e6', NULL, '2025-08-07 05:49:26.637856+00'),
	('4ecf15f6-d1ef-43ac-8dce-757b047c2e7f', '686ceb62-6395-4230-b785-f7ea8079ff5d', 'ecbf15b8-4b17-48a1-a475-3284864579e4', NULL, '2025-08-07 05:49:26.637856+00'),
	('9ff6a77b-bef5-4181-bdfd-bc87f9b49f9e', '686ceb62-6395-4230-b785-f7ea8079ff5d', 'a0a7426d-ade7-4743-ad61-b9a5fb2f0148', NULL, '2025-08-07 05:49:26.637856+00'),
	('ccea29ac-7646-4e77-bd32-81a0ceff72d5', '686ceb62-6395-4230-b785-f7ea8079ff5d', 'c7ba0695-264b-462d-ae8e-a3f7577fb287', NULL, '2025-08-07 05:49:26.637856+00'),
	('691af2ac-9304-4546-9605-63184dd81a79', '686ceb62-6395-4230-b785-f7ea8079ff5d', '9b15cdd2-730b-4dfd-b08c-45bd57331399', NULL, '2025-08-07 05:49:26.637856+00'),
	('66874a88-c709-4696-bfed-243fd4b278e3', '686ceb62-6395-4230-b785-f7ea8079ff5d', '15d02377-1f3f-44b8-a9a4-3e1eb1c582a9', NULL, '2025-08-07 05:49:26.637856+00'),
	('b6daebfc-4a41-4c5d-a792-739db43ba31d', '686ceb62-6395-4230-b785-f7ea8079ff5d', '5e13e30e-b53b-4f6c-a10b-aced36bac81b', NULL, '2025-08-07 05:49:26.637856+00'),
	('596104ae-1cff-415d-80c7-2364ead7a01a', '686ceb62-6395-4230-b785-f7ea8079ff5d', '8b92fbd3-11eb-490f-9126-bbddbfad3af7', NULL, '2025-08-07 05:49:26.637856+00'),
	('b55ec364-268a-48d1-a7b1-278fa7f7ea8c', '686ceb62-6395-4230-b785-f7ea8079ff5d', '8c1857c2-40df-4de2-a78a-476da8f445bb', NULL, '2025-08-07 05:49:26.637856+00'),
	('2b8187b6-8725-42ac-85b7-4d8509cf0b3d', '686ceb62-6395-4230-b785-f7ea8079ff5d', '2a8db597-9460-40f8-b0b7-e3ad761fec50', NULL, '2025-08-07 05:49:26.637856+00'),
	('ac363a77-f149-4a02-b061-eb0b8c2f329c', '686ceb62-6395-4230-b785-f7ea8079ff5d', '6ea964b9-0823-4b8c-b689-7f1504c6d7d9', NULL, '2025-08-07 05:49:26.637856+00'),
	('bea4b1c0-6473-41d5-a6f1-c4de15494cf8', '686ceb62-6395-4230-b785-f7ea8079ff5d', '754d447f-6f66-4edd-b1c2-c2ed1baaca94', NULL, '2025-08-07 05:49:26.637856+00'),
	('3f9c570a-02ab-412a-8d3c-80de990a4678', '686ceb62-6395-4230-b785-f7ea8079ff5d', 'a45e661f-f190-419a-96c1-5f8016e803e3', NULL, '2025-08-07 05:49:26.637856+00'),
	('6495ac91-1187-41a9-8b77-d4a829e8bd31', '686ceb62-6395-4230-b785-f7ea8079ff5d', '927ece60-c831-44c5-87b7-28dd619db12c', NULL, '2025-08-07 05:49:26.637856+00'),
	('5ddb5397-da61-475f-a607-42327185186e', '686ceb62-6395-4230-b785-f7ea8079ff5d', 'e114966b-213b-49e2-a043-49199836deb9', NULL, '2025-08-07 05:49:26.637856+00'),
	('9dfffc1d-f6b2-454c-8598-27189813bfb7', '686ceb62-6395-4230-b785-f7ea8079ff5d', 'bceab2eb-1798-4082-aace-95c7bcfac587', NULL, '2025-08-07 05:49:26.637856+00'),
	('c17ccb65-4d6b-4e60-a412-49756589af57', '686ceb62-6395-4230-b785-f7ea8079ff5d', 'f8a0fbcb-49c9-40ac-b18e-492e86e61991', NULL, '2025-08-07 05:49:26.637856+00'),
	('de3bb141-8469-43f0-9f79-b7c481c1b086', '686ceb62-6395-4230-b785-f7ea8079ff5d', '30f88bc4-77d0-4d03-8a2a-1f368bdc80cd', NULL, '2025-08-07 05:49:26.637856+00'),
	('43f23794-97f5-4b0d-a61e-ccbaf5c6769b', '686ceb62-6395-4230-b785-f7ea8079ff5d', '8beddc55-2978-40d6-afce-43923466d8c9', NULL, '2025-08-07 05:49:26.637856+00'),
	('d8ac5c67-187e-4ae3-a130-cc0b87bcdb28', '686ceb62-6395-4230-b785-f7ea8079ff5d', 'de8fe490-77dc-44d6-aca1-48b70fc80ce8', NULL, '2025-08-07 05:49:26.637856+00'),
	('fa17b8a6-4de0-4106-aa83-afedf2295c1b', '686ceb62-6395-4230-b785-f7ea8079ff5d', 'a66556ca-77fc-47a9-8da1-52e85634c9bb', NULL, '2025-08-07 05:49:26.637856+00'),
	('e3cad050-6918-4569-88fb-9be505323ff9', '686ceb62-6395-4230-b785-f7ea8079ff5d', '45dd9238-89cc-4f7f-bb09-702619be8ec7', NULL, '2025-08-07 05:49:26.637856+00'),
	('1893a8ce-d4a0-41c4-9f9e-594a40075f4e', '686ceb62-6395-4230-b785-f7ea8079ff5d', '1deae734-4d25-4c42-993a-645561d41acb', NULL, '2025-08-07 05:49:26.637856+00'),
	('c2a402a7-7334-4695-8fd7-2d0c9b0c26ee', '686ceb62-6395-4230-b785-f7ea8079ff5d', '5cf7b29e-e940-45ce-b88d-863defdf6aad', NULL, '2025-08-07 05:49:26.637856+00'),
	('726fd4a7-44cb-4dc9-a85d-553f8c09156e', '686ceb62-6395-4230-b785-f7ea8079ff5d', '3b3fe9df-3d7b-4bbd-abbe-60afb66c3e8a', NULL, '2025-08-07 05:49:26.637856+00'),
	('295a04f8-908c-4473-b913-f54c7cc9c732', '686ceb62-6395-4230-b785-f7ea8079ff5d', 'a3568db2-8d87-44f8-bdd6-97ee9e734391', NULL, '2025-08-07 05:49:26.637856+00'),
	('3b454bd9-1ccf-4727-bde5-2155257786c8', '5aeb0037-ec51-426d-ba22-1e24882a5f35', '6ea964b9-0823-4b8c-b689-7f1504c6d7d9', NULL, '2025-08-07 05:49:26.637856+00'),
	('5e37dfd9-9896-44d9-8019-60c369ed6276', '5aeb0037-ec51-426d-ba22-1e24882a5f35', '754d447f-6f66-4edd-b1c2-c2ed1baaca94', NULL, '2025-08-07 05:49:26.637856+00'),
	('eabe14e2-36c8-4c96-8a93-c8ec94766fef', '5aeb0037-ec51-426d-ba22-1e24882a5f35', 'a45e661f-f190-419a-96c1-5f8016e803e3', NULL, '2025-08-07 05:49:26.637856+00'),
	('41413918-535e-4d0e-8dad-d5cca77c5de6', '5aeb0037-ec51-426d-ba22-1e24882a5f35', '927ece60-c831-44c5-87b7-28dd619db12c', NULL, '2025-08-07 05:49:26.637856+00'),
	('5ba7f7c8-d258-496f-a648-0b81954f5dfa', '5aeb0037-ec51-426d-ba22-1e24882a5f35', 'e114966b-213b-49e2-a043-49199836deb9', NULL, '2025-08-07 05:49:26.637856+00'),
	('3b662203-284c-4f4a-81bc-d2d7f6927607', '5aeb0037-ec51-426d-ba22-1e24882a5f35', 'bceab2eb-1798-4082-aace-95c7bcfac587', NULL, '2025-08-07 05:49:26.637856+00'),
	('e2ace449-1351-4393-b131-d3f11aed8172', '5aeb0037-ec51-426d-ba22-1e24882a5f35', 'f8a0fbcb-49c9-40ac-b18e-492e86e61991', NULL, '2025-08-07 05:49:26.637856+00'),
	('19873238-35e0-460a-b348-938d1410f291', '5aeb0037-ec51-426d-ba22-1e24882a5f35', '30f88bc4-77d0-4d03-8a2a-1f368bdc80cd', NULL, '2025-08-07 05:49:26.637856+00'),
	('cc04dbd6-0052-44a8-a2d5-d835be72f445', '5aeb0037-ec51-426d-ba22-1e24882a5f35', '8beddc55-2978-40d6-afce-43923466d8c9', NULL, '2025-08-07 05:49:26.637856+00'),
	('d69f807c-62c3-4655-a0a6-83d9f246061f', '5aeb0037-ec51-426d-ba22-1e24882a5f35', 'de8fe490-77dc-44d6-aca1-48b70fc80ce8', NULL, '2025-08-07 05:49:26.637856+00'),
	('32e3f285-f863-41c8-8f4d-b7da0bd988ed', '5aeb0037-ec51-426d-ba22-1e24882a5f35', 'a66556ca-77fc-47a9-8da1-52e85634c9bb', NULL, '2025-08-07 05:49:26.637856+00'),
	('03a0d8a0-7776-48a7-b453-2bf2aca79f22', '5aeb0037-ec51-426d-ba22-1e24882a5f35', '45dd9238-89cc-4f7f-bb09-702619be8ec7', NULL, '2025-08-07 05:49:26.637856+00'),
	('d298c9bc-3159-4089-94df-59548e62b452', '5aeb0037-ec51-426d-ba22-1e24882a5f35', '1deae734-4d25-4c42-993a-645561d41acb', NULL, '2025-08-07 05:49:26.637856+00'),
	('e3248110-d286-4a1a-acc8-9216a4387f13', '5aeb0037-ec51-426d-ba22-1e24882a5f35', '5cf7b29e-e940-45ce-b88d-863defdf6aad', NULL, '2025-08-07 05:49:26.637856+00'),
	('4e1b5fbd-39a7-4f7b-b45a-71ea6e83cde8', '5aeb0037-ec51-426d-ba22-1e24882a5f35', '3b3fe9df-3d7b-4bbd-abbe-60afb66c3e8a', NULL, '2025-08-07 05:49:26.637856+00'),
	('04011fc2-b10b-4588-b6d5-27b85f9a1608', '5aeb0037-ec51-426d-ba22-1e24882a5f35', 'a3568db2-8d87-44f8-bdd6-97ee9e734391', NULL, '2025-08-07 05:49:26.637856+00');


--
-- Data for Name: subscription_plans; Type: TABLE DATA; Schema: public; Owner: postgres
--

INSERT INTO "public"."subscription_plans" ("id", "plan_name", "display_name", "description", "price_monthly", "price_yearly", "features", "max_accounts", "max_family_members", "allowed_account_types", "is_popular", "is_active", "sort_order", "created_at", "updated_at") VALUES
	('a6898a4e-cba2-48a1-a37b-b15aacbb9acb', 'free', 'Free Plan', 'Perfect for getting started with basic financial tracking', 0.00, 0.00, '["Up to 3 Accounts", "Basic Transaction Tracking", "Monthly Budget Creation", "Simple Reports", "Mobile App Access"]', 3, 1, '{cash,bank}', false, true, 1, '2025-09-09 18:34:14.606843+00', '2025-09-09 18:34:14.606843+00'),
	('9807e333-4494-4cb4-937d-b9951a94e21c', 'pro', 'Pro Plan', 'Advanced features for serious financial management', 299.00, 2399.00, '["Up to 10 Accounts", "Advanced Transaction Categorization", "Investment Portfolio Tracking", "Bill Reminders & Alerts", "Custom Budget Templates", "Detailed Financial Reports", "EMI & Loan Management", "Export to CSV/PDF", "Priority Email Support"]', 10, 2, '{cash,bank,credit_card,savings,investment,wallet}', true, true, 2, '2025-09-09 18:34:14.606843+00', '2025-09-09 18:34:14.606843+00'),
	('5b318244-815d-4a35-a1e1-f1652aab2191', 'max', 'Max Plan', 'Complete financial solution for families and businesses', 499.00, 3999.00, '["Unlimited Accounts", "Family Financial Management", "Business Account Support", "Advanced Investment Tools", "Personal Lending Tracker", "Multi-currency Support", "AI-Powered Insights", "Custom Categories & Tags", "API Access & Integrations", "Phone & Chat Support", "All Features Included"]', 50, 4, '{cash,bank,credit_card,savings,investment,wallet,other}', false, true, 3, '2025-09-09 18:34:14.606843+00', '2025-09-09 18:34:14.606843+00'),
	('bebd8024-0ab5-4d71-87c8-0f94f7823b7c', 'basic', 'Basic Plan', 'Perfect for individuals just starting their financial journey', 499.00, 4990.00, '["Up to 3 bank accounts", "Basic transaction tracking", "Monthly reports", "Email support"]', 3, 1, '{cash,bank}', false, true, 1, '2025-09-28 11:08:21.158934+00', '2025-09-28 11:08:21.158934+00'),
	('9e5f58e1-158f-4db9-8947-b607e39d6d5c', 'premium', 'Premium Plan', 'Advanced features for serious financial management', 999.00, 9990.00, '["Up to 10 bank accounts", "Advanced analytics", "Investment tracking", "Family sharing (up to 4 members)", "Priority support", "Export reports"]', 10, 4, '{cash,bank,investment,credit_card}', false, true, 2, '2025-09-28 11:08:21.158934+00', '2025-09-28 11:08:21.158934+00');


--
-- Data for Name: subscription_history; Type: TABLE DATA; Schema: public; Owner: postgres
--



--
-- Data for Name: subscription_payments; Type: TABLE DATA; Schema: public; Owner: postgres
--

INSERT INTO "public"."subscription_payments" ("id", "user_id", "plan_id", "billing_cycle", "transaction_id", "sender_number", "base_amount", "discount_amount", "final_amount", "coupon_id", "status", "admin_notes", "rejection_reason", "submitted_at", "verified_at", "approved_at", "rejected_at", "verified_by", "currency", "created_at", "updated_at", "payment_method_id") VALUES
	('e71b2cb4-1feb-4d73-b956-53fb157bf638', '405e344f-269e-4908-b9df-05b267892189', '9807e333-4494-4cb4-937d-b9951a94e21c', 'monthly', 'TXN1757959147.761431', '+8801234567890', 299.00, 0.00, 299.00, NULL, 'submitted', NULL, NULL, '2025-09-15 17:59:07.761431+00', NULL, NULL, NULL, NULL, 'BDT', '2025-09-15 17:59:07.761431+00', '2025-09-21 10:53:30.678335+00', '3ce3779a-e604-483f-a2a5-1fff73e3eab9');


--
-- Data for Name: user_permissions; Type: TABLE DATA; Schema: public; Owner: postgres
--



--
-- Data for Name: user_sessions; Type: TABLE DATA; Schema: public; Owner: postgres
--



--
-- Data for Name: user_subscriptions; Type: TABLE DATA; Schema: public; Owner: postgres
--



--
-- Data for Name: buckets; Type: TABLE DATA; Schema: storage; Owner: supabase_storage_admin
--



--
-- Data for Name: buckets_analytics; Type: TABLE DATA; Schema: storage; Owner: supabase_storage_admin
--



--
-- Data for Name: objects; Type: TABLE DATA; Schema: storage; Owner: supabase_storage_admin
--



--
-- Data for Name: prefixes; Type: TABLE DATA; Schema: storage; Owner: supabase_storage_admin
--



--
-- Data for Name: s3_multipart_uploads; Type: TABLE DATA; Schema: storage; Owner: supabase_storage_admin
--



--
-- Data for Name: s3_multipart_uploads_parts; Type: TABLE DATA; Schema: storage; Owner: supabase_storage_admin
--



--
-- Name: refresh_tokens_id_seq; Type: SEQUENCE SET; Schema: auth; Owner: supabase_auth_admin
--

SELECT pg_catalog.setval('"auth"."refresh_tokens_id_seq"', 347, true);


--
-- PostgreSQL database dump complete
--

RESET ALL;
